[2026-09-19T14:16:29.415] [DEBUG] debug-file - env: nodejsVersion=v18.20.1
[2026-09-19T14:16:32.651] [DEBUG] debug-file - Hvigor init with startParameters:{
  hvigorfileTypeCheck: false,
  parallelExecution: true,
  incrementalExecution: true,
  printStackTrace: false,
  daemon: false,
  analyze: 0,
  logLevel: Level { level: 20000, levelStr: 'INFO', colour: 'green' },
  optimizationStrategy: 'memory',
  hotCompile: undefined,
  hotReloadBuild: undefined
}
[2026-09-19T14:16:50.375] [DEBUG] debug-file - hvigorfile, require result:  { default: { system: [Function: appTasks], plugins: [] } }
[2026-09-19T14:16:50.520] [DEBUG] debug-file - Start initialize project's product build option map with build mode debug.
[2026-09-19T14:16:50.524] [DEBUG] debug-file - Obtain build option for product 'default'in this build.
[2026-09-19T14:16:50.588] [DEBUG] debug-file - Start initialize module-target build option map, moduleName=entry, buildMode=debug
[2026-09-19T14:16:50.530] [DEBUG] debug-file - Start recording SDK configuration permission data.
[2026-09-19T14:16:50.572] [DEBUG] debug-file - Project task initialization takes 4 ms 
[2026-09-19T14:16:50.608] [DEBUG] debug-file - entry : clean cost memory 0.10628509521484375
[2026-09-19T14:16:50.594] [DEBUG] debug-file - project has submodules:entry
[2026-09-19T14:16:50.600] [DEBUG] debug-file - Start to initialize dependency information.
[2026-09-19T14:16:29.416] [DEBUG] debug-file - env: hvigor-config.json5 content = { modelVersion: '6.0.1', dependencies: {} }
[2026-09-19T14:16:32.651] [DEBUG] debug-file - Since current hvigor version 6.21.1 differs from last hvigor version 
      undefined, delete file-cache.json and task-cache.json.
[2026-09-19T14:16:50.375] [DEBUG] debug-file - hvigorfile, binding system plugins [Function: appTasks]
[2026-09-19T14:16:50.521] [DEBUG] debug-file - Picking option from product 'default' with build mode 'debug'.
[2026-09-19T14:16:50.525] [DEBUG] debug-file - No signingConfig found, initRemoteHspCache failed.
[2026-09-19T14:16:50.567] [DEBUG] debug-file - Sdk init in 42 ms 
[2026-09-19T14:16:50.588] [DEBUG] debug-file - Target 'default' config initialized
[2026-09-19T14:16:50.608] [DEBUG] debug-file - runTaskFromQueue task cost before running: 17 s 962 ms 
[2026-09-19T14:16:50.572] [DEBUG] debug-file - hvigorfile, binding custom plugins []
[2026-09-19T14:16:50.594] [DEBUG] debug-file - start to load updatedOhPackageInfo to the disk
[2026-09-19T14:16:50.601] [DEBUG] debug-file - Module entry Collected Dependency: 
[2026-09-19T14:16:50.629] [DEBUG] debug-file - Create  resident worker with id: 0.
[2026-09-19T14:16:29.417] [DEBUG] debug-file - env: daemon=false
[2026-09-19T14:16:32.652] [DEBUG] debug-file - Cache service initialization finished in 1 ms 
[2026-09-19T14:16:50.521] [DEBUG] debug-file - Product 'default' build option initialized
[2026-09-19T14:16:50.526] [DEBUG] debug-file - Local scan or download HarmonyOS sdk components toolchains,ets,js,native,previewer
[2026-09-19T14:16:50.609] [INFO] debug-file - Finished :entry:clean... after 2 ms 
[2026-09-19T14:16:50.589] [DEBUG] debug-file - Module 'entry' target 'default' build option initialized
[2026-09-19T14:16:50.596] [DEBUG] debug-file - load to the disk finished
[2026-09-19T14:16:50.572] [DEBUG] debug-file - hvigorfile, no custom plugins were found in E:\new-chat\hvigorfile.ts
[2026-09-19T14:16:50.632] [DEBUG] debug-file - Create  resident worker with id: 1.
[2026-09-19T14:16:50.601] [DEBUG] debug-file - Module entry's total dependency: 0
[2026-09-19T14:16:29.417] [DEBUG] debug-file - no-daemon, use the parent process.execArgv --max-old-space-size=8192,--max-semi-space-size=16,--expose-gc
[2026-09-19T14:16:32.653] [DEBUG] debug-file - hvigorfile, resolving E:\new-chat\hvigorfile.ts
[2026-09-19T14:16:50.521] [DEBUG] debug-file - End initialize project's product build option map with build mode 'debug'.
[2026-09-19T14:16:50.528] [DEBUG] debug-file - Local scan or download hmscore sdk components toolchains,ets,native
[2026-09-19T14:16:50.609] [DEBUG] debug-file - Executing task ::clean
[2026-09-19T14:16:50.589] [DEBUG] debug-file - End initialize module-target build option map, moduleName=entry
[2026-09-19T14:16:50.597] [DEBUG] debug-file - Start to initialize dependency information.
[2026-09-19T14:16:50.572] [DEBUG] debug-file - hvigorfile, resolve finished E:\new-chat\hvigorfile.ts
[2026-09-19T14:16:50.634] [DEBUG] debug-file - Current worker pool is stopped or closed.
[2026-09-19T14:16:50.604] [DEBUG] debug-file - Configuration phase cost:17 s 953 ms 
[2026-09-19T14:16:50.609] [DEBUG] debug-file - clean: Worker pool is inactive.
[2026-09-19T14:16:50.598] [DEBUG] debug-file - Module new-chat Collected Dependency: 
[2026-09-19T14:16:50.589] [DEBUG] debug-file - Start initialize module-target build option map, moduleName=entry, buildMode=release
[2026-09-19T14:16:50.606] [DEBUG] debug-file - Configuration task cost before running: 17 s 960 ms 
[2026-09-19T14:16:50.572] [DEBUG] debug-file - hvigorfile, resolving E:\new-chat\entry\hvigorfile.ts
[2026-09-19T14:16:50.634] [DEBUG] debug-file - Clear worker 0.
[2026-09-19T14:16:50.609] [DEBUG] debug-file - new-chat : clean cost memory 0.019287109375
[2026-09-19T14:16:50.598] [DEBUG] debug-file - Module new-chat's total dependency: 0
[2026-09-19T14:16:50.589] [DEBUG] debug-file - Target 'default' config initialized
[2026-09-19T14:16:50.606] [DEBUG] debug-file - Executing task :entry:clean
[2026-09-19T14:16:50.577] [DEBUG] debug-file - hvigorfile, require result:  { default: { system: [Function: hapTasks], plugins: [] } }
[2026-09-19T14:16:50.635] [DEBUG] debug-file - Worker 0 has been cleared.
[2026-09-19T14:16:50.609] [DEBUG] debug-file - runTaskFromQueue task cost before running: 17 s 963 ms 
[2026-09-19T14:16:50.589] [DEBUG] debug-file - Module 'entry' target 'default' build option initialized
[2026-09-19T14:16:50.606] [DEBUG] debug-file - clean: Worker pool is inactive.
[2026-09-19T14:16:50.577] [DEBUG] debug-file - hvigorfile, binding system plugins [Function: hapTasks]
[2026-09-19T14:16:50.635] [DEBUG] debug-file - Current idle worker size: 1.
[2026-09-19T14:16:50.609] [INFO] debug-file - Finished ::clean... after 1 ms 
[2026-09-19T14:16:50.589] [DEBUG] debug-file - End initialize module-target build option map, moduleName=entry
[2026-09-19T14:16:50.578] [DEBUG] debug-file - failed to load cangjie to dynamically generate schemas: Error: Cannot find module '@ohos/cangjie-build-support/index'
Require stack:
- D:\DevEco Studio\tools\hvigor\hvigor-ohos-plugin\src\plugin\factory\plugin-factory.js
- D:\DevEco Studio\tools\hvigor\hvigor-ohos-plugin\index.js
- E:\new-chat\hvigorfile.ts
- D:\DevEco Studio\tools\hvigor\hvigor\src\base\internal\lifecycle\configuration.js
- D:\DevEco Studio\tools\hvigor\hvigor\src\base\boot\index.js
- D:\DevEco Studio\tools\hvigor\hvigor\src\cli\main\cli.js
- D:\DevEco Studio\tools\hvigor\hvigor\bin\hvigor.js
[2026-09-19T14:16:50.635] [DEBUG] debug-file - Current busy worker size: 0.
[2026-09-19T14:16:50.609] [DEBUG] debug-file - Executing task :entry:init
[2026-09-19T14:16:50.589] [DEBUG] debug-file - Start initialize module-target build option map, moduleName=entry, buildMode=debug
[2026-09-19T14:16:50.635] [DEBUG] debug-file - Clear worker 1.
[2026-09-19T14:16:50.589] [DEBUG] debug-file - Target 'default' config initialized
[2026-09-19T14:16:50.610] [DEBUG] debug-file - entry : init cost memory 0.0126953125
[2026-09-19T14:16:50.635] [DEBUG] debug-file - Worker 1 has been cleared.
[2026-09-19T14:16:50.589] [DEBUG] debug-file - Module 'entry' target 'default' build option initialized
[2026-09-19T14:16:50.610] [DEBUG] debug-file - runTaskFromQueue task cost before running: 17 s 964 ms 
[2026-09-19T14:16:50.635] [DEBUG] debug-file - Current idle worker size: 0.
[2026-09-19T14:16:50.589] [DEBUG] debug-file - End initialize module-target build option map, moduleName=entry
[2026-09-19T14:16:50.610] [INFO] debug-file - Finished :entry:init... after 1 ms 
[2026-09-19T14:16:50.589] [DEBUG] debug-file - Obtain build option for module 'entry' target 'default'in this build.
[2026-09-19T14:16:50.610] [DEBUG] debug-file - Executing task ::init
[2026-09-19T14:16:50.635] [DEBUG] debug-file - Current busy worker size: 0.
[2026-09-19T14:16:50.593] [DEBUG] debug-file - Module entry task initialization takes 3 ms 
[2026-09-19T14:16:50.610] [DEBUG] debug-file - new-chat : init cost memory 0.011474609375
[2026-09-19T14:16:50.635] [DEBUG] debug-file - hvigor build process will be closed.
[2026-09-19T14:16:50.593] [DEBUG] debug-file - hvigorfile, binding custom plugins []
[2026-09-19T14:16:50.610] [DEBUG] debug-file - runTaskFromQueue task cost before running: 17 s 964 ms 
[2026-09-19T14:16:50.653] [DEBUG] debug-file - worker[0] exits with exit code 0.
[2026-09-19T14:16:50.593] [DEBUG] debug-file - hvigorfile, no custom plugins were found in E:\new-chat\entry\hvigorfile.ts
[2026-09-19T14:16:50.610] [INFO] debug-file - Finished ::init... after 1 ms 
[2026-09-19T14:16:50.653] [DEBUG] debug-file - worker[1] exits with exit code 0.
[2026-09-19T14:16:50.593] [DEBUG] debug-file - hvigorfile, resolve finished E:\new-chat\entry\hvigorfile.ts
[2026-09-19T14:16:50.617] [DEBUG] debug-file - Obtain build option for module 'entry' target 'default'in this build.
[2026-09-19T14:16:50.653] [DEBUG] debug-file - Current worker pool is terminated.
[2026-09-19T14:16:50.627] [DEBUG] debug-file - Since there is no instance or instance is terminated, create a new worker pool.
[2026-09-19T14:16:50.627] [DEBUG] debug-file - Worker pool is initialized with config:  {
  minPoolNum: 2,
  maxPoolNum: undefined,
  maxCoreSize: undefined,
  cacheCapacity: undefined,
  cacheTtl: undefined
}
[2026-09-19T14:21:19.266] [DEBUG] debug-file - java daemon started at port 45050 pid 6568
[2026-09-19T14:21:17.392] [DEBUG] debug-file - env: nodejsVersion=v18.20.1
[2026-09-19T14:21:17.495] [DEBUG] debug-file - begin to create new key files
[2026-09-19T14:21:17.393] [DEBUG] debug-file - env: hvigor-config.json5 content = { modelVersion: '6.0.1', dependencies: {} }
[2026-09-19T14:21:17.521] [DEBUG] debug-file - env: daemon=true
[2026-09-19T14:21:21.241] [DEBUG] debug-file - session manager: set active socket. socketId=JguwIfWQmpuI4c9eAAAB
[2026-09-19T14:21:21.252] [DEBUG] debug-file - watch worker: worker id should be larger than 0. Nothing will be sent to any worker thread.
[2026-09-19T14:21:21.260] [DEBUG] debug-file - Hvigor init with startParameters:{
  hvigorfileTypeCheck: false,
  parallelExecution: true,
  incrementalExecution: true,
  printStackTrace: false,
  daemon: true,
  analyze: 0,
  logLevel: Level { level: 20000, levelStr: 'INFO', colour: 'green' },
  optimizationStrategy: 'memory',
  hotCompile: undefined,
  hotReloadBuild: undefined
}
[2026-09-19T14:21:21.266] [DEBUG] debug-file - Cache service initialization finished in 6 ms 
[2026-09-19T14:21:21.268] [DEBUG] debug-file - hvigorfile, resolving E:\new-chat\hvigorfile.ts
[2026-09-19T14:21:37.606] [DEBUG] debug-file - hvigorfile, require result:  { default: { plugins: [] } }
[2026-09-19T14:21:37.607] [DEBUG] debug-file - hvigorfile, binding system plugins null
[2026-09-19T14:21:37.750] [DEBUG] debug-file - Start initialize project's product build option map with build mode debug.
[2026-09-19T14:21:37.750] [DEBUG] debug-file - Picking option from product 'default' with build mode 'debug'.
[2026-09-19T14:21:37.751] [DEBUG] debug-file - Product 'default' build option initialized
[2026-09-19T14:21:37.751] [DEBUG] debug-file - End initialize project's product build option map with build mode 'debug'.
[2026-09-19T14:21:37.752] [DEBUG] debug-file - Obtain build option for product 'default'in this build.
[2026-09-19T14:21:37.757] [DEBUG] debug-file - No signingConfig found, initRemoteHspCache failed.
[2026-09-19T14:21:37.763] [DEBUG] debug-file - Local scan or download HarmonyOS sdk components toolchains,ets,js,native,previewer
[2026-09-19T14:21:37.765] [DEBUG] debug-file - Local scan or download hmscore sdk components toolchains,ets,native
[2026-09-19T14:21:37.766] [DEBUG] debug-file - Start recording SDK configuration permission data.
[2026-09-19T14:21:37.804] [DEBUG] debug-file - Sdk init in 42 ms 
[2026-09-19T14:21:37.808] [DEBUG] debug-file - Project task initialization takes 3 ms 
[2026-09-19T14:21:37.808] [DEBUG] debug-file - hvigorfile, binding custom plugins []
[2026-09-19T14:21:37.808] [DEBUG] debug-file - hvigorfile, no custom plugins were found in E:\new-chat\hvigorfile.ts
[2026-09-19T14:21:37.808] [DEBUG] debug-file - hvigorfile, resolve finished E:\new-chat\hvigorfile.ts
[2026-09-19T14:21:37.808] [DEBUG] debug-file - hvigorfile, resolving E:\new-chat\entry\hvigorfile.ts
[2026-09-19T14:21:37.819] [DEBUG] debug-file - hvigorfile, require result:  { default: { plugins: [] } }
[2026-09-19T14:21:37.819] [DEBUG] debug-file - hvigorfile, binding system plugins null
[2026-09-19T14:21:37.820] [DEBUG] debug-file - failed to load cangjie to dynamically generate schemas: Error: Cannot find module '@ohos/cangjie-build-support/index'
Require stack:
- D:\DevEco Studio\tools\hvigor\hvigor-ohos-plugin\src\plugin\factory\plugin-factory.js
- D:\DevEco Studio\tools\hvigor\hvigor-ohos-plugin\index.js
- E:\new-chat\hvigorfile.ts
- D:\DevEco Studio\tools\hvigor\hvigor\src\base\internal\lifecycle\configuration.js
- D:\DevEco Studio\tools\hvigor\hvigor\src\base\boot\index.js
- D:\DevEco Studio\tools\hvigor\hvigor\src\base\daemon\cluster\worker-process-lifecycle.js
- D:\DevEco Studio\tools\hvigor\hvigor\src\base\daemon\process\daemon-process-boot-script.js
[2026-09-19T14:21:37.830] [DEBUG] debug-file - Start initialize module-target build option map, moduleName=entry, buildMode=debug
[2026-09-19T14:21:37.830] [DEBUG] debug-file - Target 'default' config initialized
[2026-09-19T14:21:37.830] [DEBUG] debug-file - Module 'entry' target 'default' build option initialized
[2026-09-19T14:21:37.830] [DEBUG] debug-file - End initialize module-target build option map, moduleName=entry
[2026-09-19T14:21:37.831] [DEBUG] debug-file - Start initialize module-target build option map, moduleName=entry, buildMode=release
[2026-09-19T14:21:37.831] [DEBUG] debug-file - Target 'default' config initialized
[2026-09-19T14:21:37.831] [DEBUG] debug-file - Module 'entry' target 'default' build option initialized
[2026-09-19T14:21:37.831] [DEBUG] debug-file - End initialize module-target build option map, moduleName=entry
[2026-09-19T14:21:37.831] [DEBUG] debug-file - Start initialize module-target build option map, moduleName=entry, buildMode=debug
[2026-09-19T14:21:37.831] [DEBUG] debug-file - Target 'default' config initialized
[2026-09-19T14:21:37.831] [DEBUG] debug-file - Module 'entry' target 'default' build option initialized
[2026-09-19T14:21:37.831] [DEBUG] debug-file - End initialize module-target build option map, moduleName=entry
[2026-09-19T14:21:37.831] [DEBUG] debug-file - Obtain build option for module 'entry' target 'default'in this build.
[2026-09-19T14:21:37.835] [DEBUG] debug-file - Module entry task initialization takes 3 ms 
[2026-09-19T14:21:37.835] [DEBUG] debug-file - hvigorfile, binding custom plugins []
[2026-09-19T14:21:37.835] [DEBUG] debug-file - hvigorfile, no custom plugins were found in E:\new-chat\entry\hvigorfile.ts
[2026-09-19T14:21:37.835] [DEBUG] debug-file - hvigorfile, resolve finished E:\new-chat\entry\hvigorfile.ts
[2026-09-19T14:21:37.849] [DEBUG] debug-file - hvigorfile, resolve hvigorfile dependencies in 13 ms 
[2026-09-19T14:21:37.849] [DEBUG] debug-file - project has submodules:entry
[2026-09-19T14:21:37.854] [DEBUG] debug-file - start to load updatedOhPackageInfo to the disk
[2026-09-19T14:21:37.858] [DEBUG] debug-file - load to the disk finished
[2026-09-19T14:21:37.859] [DEBUG] debug-file - Start to initialize dependency information.
[2026-09-19T14:21:37.860] [DEBUG] debug-file - Module new-chat Collected Dependency: 
[2026-09-19T14:21:37.861] [DEBUG] debug-file - Module new-chat's total dependency: 0
[2026-09-19T14:21:37.862] [DEBUG] debug-file - Start to initialize dependency information.
[2026-09-19T14:21:37.863] [DEBUG] debug-file - Module entry Collected Dependency: 
[2026-09-19T14:21:37.863] [DEBUG] debug-file - Module entry's total dependency: 0
[2026-09-19T14:21:37.865] [DEBUG] debug-file - Configuration phase cost:16 s 599 ms 
[2026-09-19T14:21:37.867] [DEBUG] debug-file - Configuration task cost before running: 16 s 614 ms 
[2026-09-19T14:21:37.868] [DEBUG] debug-file - Executing task :entry:init
[2026-09-19T14:21:37.868] [DEBUG] debug-file - entry : init cost memory 0.26384735107421875
[2026-09-19T14:21:37.868] [DEBUG] debug-file - runTaskFromQueue task cost before running: 16 s 615 ms 
[2026-09-19T14:21:37.868] [INFO] debug-file - Finished :entry:init... after 1 ms 
[2026-09-19T14:21:37.869] [DEBUG] debug-file - Executing task ::init
[2026-09-19T14:21:37.869] [DEBUG] debug-file - new-chat : init cost memory 0.015350341796875
[2026-09-19T14:21:37.869] [DEBUG] debug-file - runTaskFromQueue task cost before running: 16 s 615 ms 
[2026-09-19T14:21:37.869] [INFO] debug-file - Finished ::init... after 1 ms 
[2026-09-19T14:21:37.877] [DEBUG] debug-file - Obtain build option for module 'entry' target 'default'in this build.
[2026-09-19T14:21:37.879] [DEBUG] debug-file - Since there is no instance or instance is terminated, create a new worker pool.
[2026-09-19T14:21:37.880] [DEBUG] debug-file - Worker pool is initialized with config:  {
  minPoolNum: 2,
  maxPoolNum: undefined,
  maxCoreSize: undefined,
  cacheCapacity: undefined,
  cacheTtl: undefined
}
[2026-09-19T14:21:37.880] [DEBUG] debug-file - Create  resident worker with id: 0.
[2026-09-19T14:21:37.882] [DEBUG] debug-file - Create  resident worker with id: 1.
[2026-09-19T14:21:37.885] [DEBUG] debug-file - session manager: send message to worker process.
[2026-09-19T14:21:37.886] [DEBUG] debug-file - session manager: send message to worker process.
[2026-09-19T14:21:37.885] [DEBUG] debug-file - Cleanup worker 0.
[2026-09-19T14:21:37.885] [DEBUG] debug-file - Worker 0 has been cleaned up.
[2026-09-19T14:21:37.885] [DEBUG] debug-file - Current idle worker size: 1.
[2026-09-19T14:21:37.885] [DEBUG] debug-file - Current resident worker size: 2.
[2026-09-19T14:21:37.885] [DEBUG] debug-file - Cleanup worker 1.
[2026-09-19T14:21:37.885] [DEBUG] debug-file - Worker 1 has been cleaned up.
[2026-09-19T14:21:37.885] [DEBUG] debug-file - Current idle worker size: 0.
[2026-09-19T14:21:37.885] [DEBUG] debug-file - Current resident worker size: 2.
[2026-09-19T14:21:37.886] [DEBUG] debug-file - hvigor build process will be closed.
[2026-09-19T14:21:37.893] [DEBUG] debug-file - watch worker: worker id should be larger than 0. Nothing will be sent to any worker thread.
[2026-09-19T14:21:37.893] [DEBUG] debug-file - watch worker: worker id should be larger than 0. Nothing will be sent to any worker thread.
[2026-09-19T14:21:37.895] [DEBUG] debug-file - worker[0] exits with exit code 0.
[2026-09-19T14:21:37.897] [DEBUG] debug-file - worker[1] exits with exit code 0.
[2026-09-19T15:18:34.833] [DEBUG] debug-file - session manager: set active socket. socketId=cqqNjVIZ-dfGUGG7AAAD
[2026-09-19T15:18:34.849] [DEBUG] debug-file - watch worker: worker id should be larger than 0. Nothing will be sent to any worker thread.
[2026-09-19T15:18:34.856] [DEBUG] debug-file - Hvigor init with startParameters:{
  hvigorfileTypeCheck: false,
  parallelExecution: true,
  incrementalExecution: true,
  printStackTrace: false,
  daemon: true,
  analyze: 0,
  logLevel: Level { level: 20000, levelStr: 'INFO', colour: 'green' },
  optimizationStrategy: 'memory',
  hotCompile: undefined,
  hotReloadBuild: undefined
}
[2026-09-19T15:18:34.857] [DEBUG] debug-file - Cache service initialization finished in 1 ms 
[2026-09-19T15:18:34.858] [DEBUG] debug-file - hvigorfile, resolving E:\new-chat\hvigorfile.ts
[2026-09-19T15:18:34.865] [DEBUG] debug-file - hvigorfile, require result:  { default: { plugins: [] } }
[2026-09-19T15:18:34.865] [DEBUG] debug-file - hvigorfile, binding system plugins null
[2026-09-19T15:18:34.869] [DEBUG] debug-file - Start initialize project's product build option map with build mode debug.
[2026-09-19T15:18:34.869] [DEBUG] debug-file - Picking option from product 'default' with build mode 'debug'.
[2026-09-19T15:18:34.869] [DEBUG] debug-file - Product 'default' build option initialized
[2026-09-19T15:18:34.869] [DEBUG] debug-file - End initialize project's product build option map with build mode 'debug'.
[2026-09-19T15:18:34.870] [DEBUG] debug-file - Obtain build option for product 'default'in this build.
[2026-09-19T15:18:34.871] [DEBUG] debug-file - No signingConfig found, initRemoteHspCache failed.
[2026-09-19T15:18:34.874] [DEBUG] debug-file - Start recording SDK configuration permission data.
[2026-09-19T15:18:34.899] [DEBUG] debug-file - Sdk init in 27 ms 
[2026-09-19T15:18:34.901] [DEBUG] debug-file - Project task initialization takes 2 ms 
[2026-09-19T15:18:34.901] [DEBUG] debug-file - hvigorfile, binding custom plugins []
[2026-09-19T15:18:34.901] [DEBUG] debug-file - hvigorfile, no custom plugins were found in E:\new-chat\hvigorfile.ts
[2026-09-19T15:18:34.901] [DEBUG] debug-file - hvigorfile, resolve finished E:\new-chat\hvigorfile.ts
[2026-09-19T15:18:34.902] [DEBUG] debug-file - hvigorfile, resolving E:\new-chat\entry\hvigorfile.ts
[2026-09-19T15:18:34.905] [DEBUG] debug-file - hvigorfile, require result:  { default: { plugins: [] } }
[2026-09-19T15:18:34.906] [DEBUG] debug-file - hvigorfile, binding system plugins null
[2026-09-19T15:18:34.906] [DEBUG] debug-file - failed to load cangjie to dynamically generate schemas: Error: Cannot find module '@ohos/cangjie-build-support/index'
Require stack:
- D:\DevEco Studio\tools\hvigor\hvigor-ohos-plugin\src\plugin\factory\plugin-factory.js
- D:\DevEco Studio\tools\hvigor\hvigor-ohos-plugin\index.js
- E:\new-chat\hvigorfile.ts
- D:\DevEco Studio\tools\hvigor\hvigor\src\base\internal\lifecycle\configuration.js
- D:\DevEco Studio\tools\hvigor\hvigor\src\base\boot\index.js
- D:\DevEco Studio\tools\hvigor\hvigor\src\base\daemon\cluster\worker-process-lifecycle.js
- D:\DevEco Studio\tools\hvigor\hvigor\src\base\daemon\process\daemon-process-boot-script.js
[2026-09-19T15:18:34.907] [DEBUG] debug-file - Start initialize module-target build option map, moduleName=entry, buildMode=debug
[2026-09-19T15:18:34.908] [DEBUG] debug-file - Target 'default' config initialized
[2026-09-19T15:18:34.908] [DEBUG] debug-file - Module 'entry' target 'default' build option initialized
[2026-09-19T15:18:34.908] [DEBUG] debug-file - End initialize module-target build option map, moduleName=entry
[2026-09-19T15:18:34.908] [DEBUG] debug-file - Start initialize module-target build option map, moduleName=entry, buildMode=release
[2026-09-19T15:18:34.908] [DEBUG] debug-file - Target 'default' config initialized
[2026-09-19T15:18:34.908] [DEBUG] debug-file - Module 'entry' target 'default' build option initialized
[2026-09-19T15:18:34.908] [DEBUG] debug-file - End initialize module-target build option map, moduleName=entry
[2026-09-19T15:18:34.908] [DEBUG] debug-file - Start initialize module-target build option map, moduleName=entry, buildMode=debug
[2026-09-19T15:18:34.908] [DEBUG] debug-file - Target 'default' config initialized
[2026-09-19T15:18:34.908] [DEBUG] debug-file - Module 'entry' target 'default' build option initialized
[2026-09-19T15:18:34.908] [DEBUG] debug-file - End initialize module-target build option map, moduleName=entry
[2026-09-19T15:18:34.908] [DEBUG] debug-file - Obtain build option for module 'entry' target 'default'in this build.
[2026-09-19T15:18:34.910] [DEBUG] debug-file - Module entry task initialization takes 2 ms 
[2026-09-19T15:18:34.910] [DEBUG] debug-file - hvigorfile, binding custom plugins []
[2026-09-19T15:18:34.910] [DEBUG] debug-file - hvigorfile, no custom plugins were found in E:\new-chat\entry\hvigorfile.ts
[2026-09-19T15:18:34.910] [DEBUG] debug-file - hvigorfile, resolve finished E:\new-chat\entry\hvigorfile.ts
[2026-09-19T15:18:34.928] [DEBUG] debug-file - hvigorfile, resolve hvigorfile dependencies in 18 ms 
[2026-09-19T15:18:34.928] [DEBUG] debug-file - project has submodules:entry
[2026-09-19T15:18:34.929] [DEBUG] debug-file - start to load updatedOhPackageInfo to the disk
[2026-09-19T15:18:34.931] [DEBUG] debug-file - load to the disk finished
[2026-09-19T15:18:34.932] [DEBUG] debug-file - Start to initialize dependency information.
[2026-09-19T15:18:34.932] [DEBUG] debug-file - Module new-chat Collected Dependency: 
[2026-09-19T15:18:34.933] [DEBUG] debug-file - Module new-chat's total dependency: 0
[2026-09-19T15:18:34.934] [DEBUG] debug-file - Start to initialize dependency information.
[2026-09-19T15:18:34.935] [DEBUG] debug-file - Module entry Collected Dependency: 
[2026-09-19T15:18:34.935] [DEBUG] debug-file - Module entry's total dependency: 0
[2026-09-19T15:18:34.938] [DEBUG] debug-file - Configuration phase cost:81 ms 
[2026-09-19T15:18:34.939] [DEBUG] debug-file - Configuration task cost before running: 87 ms 
[2026-09-19T15:18:34.944] [DEBUG] debug-file - Executing task :entry:default@PreBuild
[2026-09-19T15:18:34.945] [DEBUG] debug-file - Task 'entry:default@PreBuild' cost while wrapping incremental declarations: 1 ms 
[2026-09-19T15:18:35.112] [DEBUG] debug-file - current product is not Atomic service.
[2026-09-19T15:18:35.113] [DEBUG] debug-file - Use tool [win32: JAVA_HOME, CLASSPATH]
 [ { JAVA_HOME: 'D:\\DevEco Studio\\jbr' }, { CLASSPATH: undefined } ]
[2026-09-19T15:18:35.113] [DEBUG] debug-file - Use tool [win32: NODE_HOME]
 [ { NODE_HOME: 'D:\\DevEco Studio\\tools\\node' } ]
[2026-09-19T15:18:35.114] [DEBUG] debug-file - entry : default@PreBuild cost memory 13.079216003417969
[2026-09-19T15:18:35.114] [DEBUG] debug-file - runTaskFromQueue task cost before running: 261 ms 
[2026-09-19T15:18:35.119] [INFO] debug-file - Finished :entry:default@PreBuild... after 170 ms 
[2026-09-19T15:18:35.121] [DEBUG] debug-file - Executing task :entry:default@CreateModuleInfo
[2026-09-19T15:18:35.121] [DEBUG] debug-file - Task 'entry:default@CreateModuleInfo' cost while wrapping incremental declarations: 1 ms 
[2026-09-19T15:18:35.121] [DEBUG] debug-file - entry : default@CreateModuleInfo cost memory 0.04563140869140625
[2026-09-19T15:18:35.121] [DEBUG] debug-file - runTaskFromQueue task cost before running: 269 ms 
[2026-09-19T15:18:35.122] [INFO] debug-file - Finished :entry:default@CreateModuleInfo... after 1 ms 
[2026-09-19T15:18:35.123] [DEBUG] debug-file - Executing task :entry:default@GenerateMetadata
[2026-09-19T15:18:35.123] [DEBUG] debug-file - Task 'entry:default@GenerateMetadata' cost while wrapping incremental declarations: 1 ms 
[2026-09-19T15:18:35.125] [DEBUG] debug-file - entry : default@GenerateMetadata cost memory 0.09987640380859375
[2026-09-19T15:18:35.125] [DEBUG] debug-file - runTaskFromQueue task cost before running: 273 ms 
[2026-09-19T15:18:35.125] [INFO] debug-file - Finished :entry:default@GenerateMetadata... after 3 ms 
[2026-09-19T15:18:35.126] [DEBUG] debug-file - Executing task :entry:default@ConfigureCmake
[2026-09-19T15:18:35.127] [DEBUG] debug-file - entry : default@ConfigureCmake cost memory 0.016265869140625
[2026-09-19T15:18:35.127] [DEBUG] debug-file - runTaskFromQueue task cost before running: 274 ms 
[2026-09-19T15:18:35.127] [INFO] debug-file - Finished :entry:default@ConfigureCmake... after 1 ms 
[2026-09-19T15:18:35.128] [DEBUG] debug-file - Executing task :entry:default@MergeProfile
[2026-09-19T15:18:35.128] [DEBUG] debug-file - Task 'entry:default@MergeProfile' cost while wrapping incremental declarations: 1 ms 
[2026-09-19T15:18:35.128] [DEBUG] debug-file - Change app api release type with 'Release'
[2026-09-19T15:18:35.129] [DEBUG] debug-file - Change app compile API version with '6.0.1.112'
[2026-09-19T15:18:35.129] [DEBUG] debug-file - Change app target API version with '50000012'
[2026-09-19T15:18:35.129] [DEBUG] debug-file - Change app minimum API version with '50000012'
[2026-09-19T15:18:35.129] [DEBUG] debug-file - Use cli appEnvironment
[2026-09-19T15:18:35.130] [DEBUG] debug-file - entry : default@MergeProfile cost memory 0.18434906005859375
[2026-09-19T15:18:35.130] [DEBUG] debug-file - runTaskFromQueue task cost before running: 278 ms 
[2026-09-19T15:18:35.131] [INFO] debug-file - Finished :entry:default@MergeProfile... after 3 ms 
[2026-09-19T15:18:35.132] [DEBUG] debug-file - Executing task :entry:default@CreateBuildProfile
[2026-09-19T15:18:35.132] [DEBUG] debug-file - Task 'entry:default@CreateBuildProfile' cost while wrapping incremental declarations: 1 ms 
[2026-09-19T15:18:35.133] [DEBUG] debug-file - entry : default@CreateBuildProfile cost memory 0.078857421875
[2026-09-19T15:18:35.133] [DEBUG] debug-file - runTaskFromQueue task cost before running: 281 ms 
[2026-09-19T15:18:35.133] [INFO] debug-file - Finished :entry:default@CreateBuildProfile... after 2 ms 
[2026-09-19T15:18:35.134] [DEBUG] debug-file - Executing task :entry:default@PreCheckSyscap
[2026-09-19T15:18:35.134] [DEBUG] debug-file - entry : default@PreCheckSyscap cost memory 0.02875518798828125
[2026-09-19T15:18:35.134] [DEBUG] debug-file - runTaskFromQueue task cost before running: 282 ms 
[2026-09-19T15:18:35.135] [INFO] debug-file - Finished :entry:default@PreCheckSyscap... after 1 ms 
[2026-09-19T15:18:35.136] [DEBUG] debug-file - Executing task :entry:default@GeneratePkgContextInfo
[2026-09-19T15:18:35.142] [DEBUG] debug-file - Task 'entry:default@GeneratePkgContextInfo' cost while wrapping incremental declarations: 1 ms 
[2026-09-19T15:18:35.142] [DEBUG] debug-file - entry : default@GeneratePkgContextInfo cost memory 0.465545654296875
[2026-09-19T15:18:35.142] [DEBUG] debug-file - runTaskFromQueue task cost before running: 290 ms 
[2026-09-19T15:18:35.143] [INFO] debug-file - Finished :entry:default@GeneratePkgContextInfo... after 7 ms 
[2026-09-19T15:18:35.145] [DEBUG] debug-file - Executing task :entry:default@ProcessIntegratedHsp
[2026-09-19T15:18:35.145] [DEBUG] debug-file - entry : default@ProcessIntegratedHsp cost memory 0.0300445556640625
[2026-09-19T15:18:35.145] [DEBUG] debug-file - runTaskFromQueue task cost before running: 293 ms 
[2026-09-19T15:18:35.145] [INFO] debug-file - Finished :entry:default@ProcessIntegratedHsp... after 1 ms 
[2026-09-19T15:18:35.146] [DEBUG] debug-file - Executing task :entry:default@BuildNativeWithCmake
[2026-09-19T15:18:35.146] [DEBUG] debug-file - entry : default@BuildNativeWithCmake cost memory 0.01792144775390625
[2026-09-19T15:18:35.146] [DEBUG] debug-file - runTaskFromQueue task cost before running: 294 ms 
[2026-09-19T15:18:35.147] [INFO] debug-file - Finished :entry:default@BuildNativeWithCmake... after 1 ms 
[2026-09-19T15:18:35.147] [DEBUG] debug-file - Executing task :entry:default@MakePackInfo
[2026-09-19T15:18:35.148] [DEBUG] debug-file - Module Pack Info:  {
  summary: {
    app: { bundleName: 'c***u', bundleType: 'app', version: [Object] },
    modules: [ [Object] ]
  },
  packages: [
    {
      deviceType: [Array],
      moduleType: 'entry',
      deliveryWithInstall: true,
      name: 'entry-default'
    }
  ]
}
[2026-09-19T15:18:35.149] [DEBUG] debug-file - entry : default@MakePackInfo cost memory 0.0942230224609375
[2026-09-19T15:18:35.149] [DEBUG] debug-file - runTaskFromQueue task cost before running: 297 ms 
[2026-09-19T15:18:35.150] [INFO] debug-file - Finished :entry:default@MakePackInfo... after 3 ms 
[2026-09-19T15:18:35.150] [DEBUG] debug-file - Executing task :entry:default@SyscapTransform
[2026-09-19T15:18:35.151] [DEBUG] debug-file - File: 'E:\new-chat\entry\src\main\syscap.json' from 'sysCapJsonPath' is not exists, just ignore.
[2026-09-19T15:18:35.151] [DEBUG] debug-file - Task 'entry:default@SyscapTransform' cost while wrapping incremental declarations: 1 ms 
[2026-09-19T15:18:35.151] [DEBUG] debug-file - entry : default@SyscapTransform cost memory 0.06041717529296875
[2026-09-19T15:18:35.151] [DEBUG] debug-file - runTaskFromQueue task cost before running: 299 ms 
[2026-09-19T15:18:35.152] [INFO] debug-file - Finished :entry:default@SyscapTransform... after 2 ms 
[2026-09-19T15:18:35.153] [DEBUG] debug-file - Executing task :entry:default@ProcessProfile
[2026-09-19T15:18:35.154] [DEBUG] debug-file - Task 'entry:default@ProcessProfile' cost while wrapping incremental declarations: 1 ms 
[2026-09-19T15:18:35.155] [DEBUG] debug-file - [
  'D:\\DevEco Studio\\tools\\node\\node.exe',
  'D:\\DevEco Studio\\sdk\\default\\openharmony\\ets\\build-tools\\ets-loader\\bin\\ark\\ts2abc.js',
  '--target-api-version',
  '12',
  '--target-api-sub-version',
  'beta1'
]
[2026-09-19T15:18:35.421] [DEBUG] debug-file - 12.0.2.0
[2026-09-19T15:18:35.423] [DEBUG] debug-file - No need to add fake ui ability because of not in preview process.
[2026-09-19T15:18:35.423] [DEBUG] debug-file - entry : default@ProcessProfile cost memory 1.9917984008789062
[2026-09-19T15:18:35.423] [DEBUG] debug-file - runTaskFromQueue task cost before running: 571 ms 
[2026-09-19T15:18:35.424] [INFO] debug-file - Finished :entry:default@ProcessProfile... after 271 ms 
[2026-09-19T15:18:35.425] [DEBUG] debug-file - Executing task :entry:default@ProcessRouterMap
[2026-09-19T15:18:35.428] [DEBUG] debug-file - entry : default@ProcessRouterMap cost memory 0.07570648193359375
[2026-09-19T15:18:35.428] [DEBUG] debug-file - runTaskFromQueue task cost before running: 575 ms 
[2026-09-19T15:18:35.428] [INFO] debug-file - Finished :entry:default@ProcessRouterMap... after 3 ms 
[2026-09-19T15:18:35.430] [DEBUG] debug-file - Executing task :entry:default@ProcessShareConfig
[2026-09-19T15:18:35.432] [DEBUG] debug-file - entry : default@ProcessShareConfig cost memory 0.061737060546875
[2026-09-19T15:18:35.432] [DEBUG] debug-file - runTaskFromQueue task cost before running: 579 ms 
[2026-09-19T15:18:35.432] [INFO] debug-file - Finished :entry:default@ProcessShareConfig... after 2 ms 
[2026-09-19T15:18:35.433] [DEBUG] debug-file - Executing task :entry:default@ProcessStartupConfig
[2026-09-19T15:18:35.434] [DEBUG] debug-file - Task 'entry:default@ProcessStartupConfig' cost while wrapping incremental declarations: 1 ms 
[2026-09-19T15:18:35.436] [DEBUG] debug-file - entry : default@ProcessStartupConfig cost memory 0.06060791015625
[2026-09-19T15:18:35.436] [DEBUG] debug-file - runTaskFromQueue task cost before running: 584 ms 
[2026-09-19T15:18:35.437] [INFO] debug-file - Finished :entry:default@ProcessStartupConfig... after 3 ms 
[2026-09-19T15:18:35.438] [DEBUG] debug-file - Executing task :entry:default@BuildNativeWithNinja
[2026-09-19T15:18:35.439] [DEBUG] debug-file - entry : default@BuildNativeWithNinja cost memory 0.02780914306640625
[2026-09-19T15:18:35.439] [DEBUG] debug-file - runTaskFromQueue task cost before running: 587 ms 
[2026-09-19T15:18:35.440] [INFO] debug-file - Finished :entry:default@BuildNativeWithNinja... after 2 ms 
[2026-09-19T15:18:35.441] [DEBUG] debug-file - restool module names: entry; moduleName=entry, taskName=default@ProcessResource
[2026-09-19T15:18:35.447] [DEBUG] debug-file - Executing task :entry:default@ProcessResource
[2026-09-19T15:18:35.447] [DEBUG] debug-file - Task 'entry:default@ProcessResource' cost while wrapping incremental declarations: 1 ms 
[2026-09-19T15:18:35.449] [DEBUG] debug-file - entry : default@ProcessResource cost memory 0.10501861572265625
[2026-09-19T15:18:35.449] [DEBUG] debug-file - runTaskFromQueue task cost before running: 597 ms 
[2026-09-19T15:18:35.450] [INFO] debug-file - Finished :entry:default@ProcessResource... after 8 ms 
[2026-09-19T15:18:35.452] [DEBUG] debug-file - Executing task :entry:default@GenerateLoaderJson
[2026-09-19T15:18:35.453] [DEBUG] debug-file - Task 'entry:default@GenerateLoaderJson' cost while wrapping incremental declarations: 1 ms 
[2026-09-19T15:18:35.459] [DEBUG] debug-file - entry : default@GenerateLoaderJson cost memory 0.41123199462890625
[2026-09-19T15:18:35.459] [DEBUG] debug-file - runTaskFromQueue task cost before running: 606 ms 
[2026-09-19T15:18:35.460] [INFO] debug-file - Finished :entry:default@GenerateLoaderJson... after 7 ms 
[2026-09-19T15:18:35.465] [DEBUG] debug-file - Executing task :entry:default@ProcessLibs
[2026-09-19T15:18:35.468] [DEBUG] debug-file - Worker dispatch failed, running processLibs on main thread.
[2026-09-19T15:18:35.469] [DEBUG] debug-file - entry : default@ProcessLibs cost memory 0.29361724853515625
[2026-09-19T15:18:35.469] [DEBUG] debug-file - runTaskFromQueue task cost before running: 617 ms 
[2026-09-19T15:18:35.469] [INFO] debug-file - Finished :entry:default@ProcessLibs... after 5 ms 
[2026-09-19T15:18:35.474] [DEBUG] debug-file - restool module names: entry; moduleName=entry, taskName=default@CompileResource
[2026-09-19T15:18:35.475] [DEBUG] debug-file - Executing task :entry:default@CompileResource
[2026-09-19T15:18:35.479] [DEBUG] debug-file - Use tool [D:\DevEco Studio\sdk\default\openharmony\toolchains\restool.exe]
 [
  'D:\\DevEco Studio\\sdk\\default\\openharmony\\toolchains\\restool.exe',
  '-l',
  'E:\\new-chat\\entry\\build\\default\\intermediates\\res\\default\\resConfig.json'
]
[2026-09-19T15:18:35.480] [DEBUG] debug-file - current process  memoryUsage: {
  rss: 185208832,
  heapTotal: 152059904,
  heapUsed: 108686512,
  external: 3176925,
  arrayBuffers: 141642
} os memoryUsage :11.701488494873047
[2026-09-19T15:18:35.586] [DEBUG] debug-file - Info: Pack: normal pack mode

[2026-09-19T15:18:35.977] [DEBUG] debug-file - Info: hardware concurrency count is : 16
Info: thread count is : 16

[2026-09-19T15:18:35.977] [DEBUG] debug-file - Info: thread pool is started

[2026-09-19T15:18:35.988] [DEBUG] debug-file - Info: GenericCompiler::CompileFiles

[2026-09-19T15:18:35.990] [DEBUG] debug-file - Info: GenericCompiler::CompileFiles

[2026-09-19T15:18:35.993] [DEBUG] debug-file - 09-19 15:18:35.993 15952 20532 E C01400/ImageTranscoderUtils: DecodeToRGBA IN
09-19 15:18:35.993 15952 20532 E C01400/ImageTranscoderUtils: ImageFilter IN E:\new-chat\entry\src\main\resources\base\media\app_icon.svg

[2026-09-19T15:18:36.000] [DEBUG] debug-file - 09-19 15:18:36.000 15952 20532 E C01400/ImageTranscoder: TranscodeSLR DecodeToRGBA failed
Warning: ScaleImage failed, error message: IMAGE_ERROR, file path = E:\new-chat\entry\src\main\resources\base\media\app_icon.svg

[2026-09-19T15:18:36.001] [DEBUG] debug-file - Warning: E:\new-chat\entry\src\main\resources\base\media\app_icon.svg is not png format

[2026-09-19T15:18:36.001] [DEBUG] debug-file - Warning: E:\new-chat\entry\src\main\resources\base\media\app_icon.svg is not png format

[2026-09-19T15:18:36.001] [DEBUG] debug-file - Info: restool resources compile success.

[2026-09-19T15:18:36.001] [DEBUG] debug-file - Info: thread pool is stopped

[2026-09-19T15:18:36.071] [DEBUG] debug-file - entry : default@CompileResource cost memory -4.820915222167969
[2026-09-19T15:18:36.071] [DEBUG] debug-file - runTaskFromQueue task cost before running: 1 s 218 ms 
[2026-09-19T15:18:36.071] [INFO] debug-file - Finished :entry:default@CompileResource... after 597 ms 
[2026-09-19T15:18:36.072] [DEBUG] debug-file - Executing task :entry:default@DoNativeStrip
[2026-09-19T15:18:36.072] [DEBUG] debug-file - Task 'entry:default@DoNativeStrip' cost while wrapping incremental declarations: 1 ms 
[2026-09-19T15:18:36.074] [DEBUG] debug-file - entry : default@DoNativeStrip cost memory 0.0738983154296875
[2026-09-19T15:18:36.074] [DEBUG] debug-file - runTaskFromQueue task cost before running: 1 s 221 ms 
[2026-09-19T15:18:36.074] [INFO] debug-file - Finished :entry:default@DoNativeStrip... after 2 ms 
[2026-09-19T15:18:36.075] [DEBUG] debug-file - Executing task :entry:default@CompileArkTS
[2026-09-19T15:18:36.076] [DEBUG] debug-file - obfuscationOptions: undefined
[2026-09-19T15:18:36.077] [DEBUG] debug-file - Task 'entry:default@CompileArkTS' cost while wrapping incremental declarations: 1 ms 
[2026-09-19T15:18:36.086] [DEBUG] debug-file - build config:
[2026-09-19T15:18:36.086] [DEBUG] debug-file - {
  moduleType: 'entry',
  perf: 0,
  targetName: '.default',
  packageManagerType: 'ohpm',
  localPropertiesPath: 'E:\\new-chat\\local.properties',
  isPreview: false,
  isOhosTest: false,
  isLocalTest: false,
  buildMode: 'Debug',
  hotReloadBuild: undefined,
  watchMode: 'false',
  aceProfilePath: 'E:\\new-chat\\entry\\build\\default\\intermediates\\res\\default\\resources\\base\\profile',
  etsLoaderPath: 'D:\\DevEco Studio\\sdk\\default\\openharmony\\ets\\build-tools\\ets-loader',
  modulePath: 'E:\\new-chat\\entry',
  testFrameworkPar: {
    testMode: undefined,
    coveragePathFilter: undefined,
    coverageMode: undefined
  },
  needCoverageInsert: false,
  debugLine: false,
  projectTopDir: 'E:\\new-chat',
  compileSdkVersion: 21,
  compatibleSdkVersion: 12,
  originCompatibleSdkVersion: '5.0.0(12)',
  compatibleSdkVersionStage: 'beta1',
  bundleName: 'c***u',
  etsLoaderVersion: '6.0.1.112',
  etsLoaderReleaseType: 'Release',
  aotCompileMode: 'type',
  apPath: 'E:\\new-chat\\entry\\modules.ap',
  entryModuleName: 'entry',
  entryModuleVersion: '1.0.0',
  entryPackageName: 'entry',
  allModuleNameHash: '5f6cff6a45031f958388948153fa1a61639a5749ee168dac9c2a7121553a9561',
  externalApiPaths: [ 'D:\\DevEco Studio\\sdk\\default\\hms\\ets' ],
  compilerTypes: [],
  isCrossplatform: false,
  hvigorPluginFile: undefined,
  compilePluginPath: undefined,
  buildGeneratedProfilePath: 'E:\\new-chat\\entry\\build\\default\\generated\\profile\\default',
  bundleType: 'app',
  arkTSVersion: undefined,
  apiVersion: 21,
  needCompleteSourcesMap: false,
  isFaMode: false,
  buildDir: 'E:\\new-chat\\entry\\build',
  deviceTypes: [ 'phone', 'tablet' ],
  pkgContextInfo: undefined,
  ohPackagePathMap: {},
  dependencyAliasMap: {},
  permission: { requestPermissions: undefined, definePermissions: undefined },
  integratedHsp: false,
  projectArkOption: undefined,
  sourceMapDir: undefined,
  branchElimination: false,
  transformLib: undefined,
  tsImportSendable: false,
  resolveConflictMode: true,
  depName2RootPath: {},
  depName2DepInfo: {},
  rootPathSet: [ 'E:\\new-chat' ],
  useNativeResolver: true,
  shouldEmitJs: true,
  useTscResolve: false,
  singleFileEmit: false,
  userProjectConfig: {
    autoLazyImport: false,
    allowEmptyBundleName: false,
    reExportCheckMode: 'noCheck',
    executionMode: 'memory',
    usePathPlaceholder: false,
    writeRollupCache: true,
    isExpandImportEnabled: false,
    expandImportExclude: '',
    lazyImportExclude: '',
    lazyImportInclude: '',
    ignoreCrossplatformCheck: false,
    isHarDeduplicateEnabled: false,
    enableStrictCheckOHModule: false,
    useDeclarationFileSignature: false,
    isPreloadSoEnabled: false
  },
  skipOhModulesLint: false,
  executionMode: 'memory',
  arkCompileCachePath: 'E:\\new-chat\\entry\\build\\default\\cache\\default\\default@CompileArkTS\\esmodule',
  autoLazyFilter: undefined,
  isHarDeduplicateEnabled: false,
  intermediateHarDuplicateDirPath: 'E:\\new-chat\\entry\\build\\default\\intermediates\\har_duplicate\\default',
  autoLazyImport: false,
  allowEmptyBundleName: false,
  reExportCheckMode: 'noCheck',
  usePathPlaceholder: false,
  writeRollupCache: true,
  isExpandImportEnabled: false,
  expandImportExclude: '',
  lazyImportExclude: '',
  lazyImportInclude: '',
  ignoreCrossplatformCheck: false,
  enableStrictCheckOHModule: false,
  useDeclarationFileSignature: false,
  isPreloadSoEnabled: false,
  strictMode: undefined,
  useNormalizedOHMUrl: false,
  caseSensitiveCheck: false,
  aceModuleJsonPath: 'E:\\new-chat\\entry\\build\\default\\intermediates\\res\\default\\ark_module.json',
  appResource: 'E:\\new-chat\\entry\\build\\default\\intermediates\\res\\default\\ResourceTable.txt',
  rawFileResource: 'E:\\new-chat\\entry\\build\\default\\intermediates\\res\\default\\resources\\rawfile',
  resourceTableHash: '15a61ac8d9e6adf561b61d3e27a374d205464ba7d77ce5a6c1be29eb60539798',
  runtimeOS: 'HarmonyOS',
  sdkInfo: 'false:21:6.0.1.112:Release',
  aceModuleRoot: 'E:\\new-chat\\entry\\src\\main\\ets',
  compileMode: 'esmodule',
  aceSuperVisualPath: 'E:\\new-chat\\entry\\src\\main\\supervisual',
  aceBuildJson: 'E:\\new-chat\\entry\\build\\default\\intermediates\\loader\\default\\loader.json',
  cachePath: 'E:\\new-chat\\entry\\build\\default\\cache\\default\\default@CompileArkTS\\esmodule\\debug',
  aceModuleBuild: 'E:\\new-chat\\entry\\build\\default\\intermediates\\loader_out\\default\\ets',
  supportChunks: true,
  declaredFilesPath: undefined,
  shouldCollectDirectImportees: false,
  isByteCodeHarOptimize: false,
  expandImportPath: undefined,
  pkgNameToPkgBriefInfo: {
    entry: {
      pkgRoot: 'E:\\new-chat\\entry',
      originalSourceRoots: undefined,
      sourceRoots: [Array],
      pkgName: 'entry'
    }
  },
  projectModel: {
    'E:\\new-chat\\entry\\src\\main': {
      moduleName: 'entry',
      modulePkgPath: 'E:\\new-chat\\entry',
      belongProjectPath: 'E:\\new-chat'
    },
    'E:\\new-chat\\entry': {
      moduleName: 'entry',
      modulePkgPath: 'E:\\new-chat\\entry',
      belongProjectPath: 'E:\\new-chat'
    },
    'E:\\new-chat': {
      moduleName: 'new-chat',
      modulePkgPath: 'E:\\new-chat',
      belongProjectPath: 'E:\\new-chat'
    }
  },
  pkgJsonFileHash: 'b4b74d97ab6a3456193a040d87f4a6d26a7a865e3ae2f70750f1752a6647ebd8',
  allModulePaths: [ 'E:\\new-chat\\entry' ],
  routerMap: {},
  obfuscationOptions: undefined,
  byteCodeHarToDependencyKeys: undefined,
  compileBlockPkg: [],
  mockParams: {
    decorator: '@MockSetup',
    packageName: '@ohos/hamock',
    etsSourceRootPath: 'src/main/ets',
    mockConfigPath: undefined,
    mockConfigKey2ModuleInfo: {},
    source2ModuleIdMap: {}
  },
  copyCodeResourceEnable: true,
  copyCodeResourceExcludes: [],
  copyCodeResourceIncludes: undefined,
  uiTransformOptimization: false,
  sdkPath: 'D:/DevEco Studio/sdk',
  needPreloadSoFileSet: {},
  preloadSoFilePath: 'E:\\new-chat\\entry\\build\\default\\intermediates\\preload\\default\\preload.json',
  useSourceHash: false,
  localModuleParamMap: {},
  otherPaths: {
    'entry/*': [
      '..\\*',
      '..\\..\\..\\build\\default\\generated\\profile\\default\\*'
    ]
  },
  collectImportersConfig: undefined
}
[2026-09-19T15:18:36.087] [DEBUG] debug-file - Compile arkts with external api path: D:\DevEco Studio\sdk\default\hms\ets
[2026-09-19T15:18:36.087] [DEBUG] debug-file - default@CompileArkTS work[0] is submitted.
[2026-09-19T15:18:36.088] [DEBUG] debug-file - default@CompileArkTS work[0] is pushed to ready queue.
[2026-09-19T15:18:36.088] [DEBUG] debug-file - A work dispatched to worker[15] failed because unable to get work from ready queue.
[2026-09-19T15:18:36.088] [DEBUG] debug-file - A work dispatched to worker[14] failed because unable to get work from ready queue.
[2026-09-19T15:18:36.088] [DEBUG] debug-file - A work dispatched to worker[13] failed because unable to get work from ready queue.
[2026-09-19T15:18:36.088] [DEBUG] debug-file - A work dispatched to worker[12] failed because unable to get work from ready queue.
[2026-09-19T15:18:36.088] [DEBUG] debug-file - A work dispatched to worker[11] failed because unable to get work from ready queue.
[2026-09-19T15:18:36.088] [DEBUG] debug-file - A work dispatched to worker[10] failed because unable to get work from ready queue.
[2026-09-19T15:18:36.088] [DEBUG] debug-file - A work dispatched to worker[9] failed because unable to get work from ready queue.
[2026-09-19T15:18:36.088] [DEBUG] debug-file - A work dispatched to worker[8] failed because unable to get work from ready queue.
[2026-09-19T15:18:36.088] [DEBUG] debug-file - A work dispatched to worker[7] failed because unable to get work from ready queue.
[2026-09-19T15:18:36.088] [DEBUG] debug-file - A work dispatched to worker[6] failed because unable to get work from ready queue.
[2026-09-19T15:18:36.088] [DEBUG] debug-file - A work dispatched to worker[5] failed because unable to get work from ready queue.
[2026-09-19T15:18:36.089] [DEBUG] debug-file - Create  resident worker with id: 4.
[2026-09-19T15:18:36.090] [DEBUG] debug-file - default@CompileArkTS work[0] has been dispatched to worker[4].
[2026-09-19T15:18:36.091] [DEBUG] debug-file - default@CompileArkTS work[0] is dispatched.
[2026-09-19T15:18:36.091] [DEBUG] debug-file - CopyResources startTime: 734147893617400
[2026-09-19T15:18:36.091] [DEBUG] debug-file - default@CompileArkTS work[1] is submitted.
[2026-09-19T15:18:36.091] [DEBUG] debug-file - default@CompileArkTS work[1] is pushed to ready queue.
[2026-09-19T15:18:36.091] [DEBUG] debug-file - A work dispatched to worker[15] failed because unable to get work from ready queue.
[2026-09-19T15:18:36.091] [DEBUG] debug-file - Create  resident worker with id: 14.
[2026-09-19T15:18:36.091] [DEBUG] debug-file - default@CompileArkTS work[1] has been dispatched to worker[14].
[2026-09-19T15:18:36.092] [DEBUG] debug-file - default@CompileArkTS work[1] is dispatched.
[2026-09-19T15:18:36.092] [DEBUG] debug-file - entry : default@CompileArkTS cost memory 1.3451461791992188
[2026-09-19T15:18:36.093] [DEBUG] debug-file - Executing task :entry:default@BuildJS
[2026-09-19T15:18:36.093] [DEBUG] debug-file - Task 'entry:default@BuildJS' cost while wrapping incremental declarations: 1 ms 
[2026-09-19T15:18:36.095] [DEBUG] debug-file - entry : default@BuildJS cost memory 0.13970947265625
[2026-09-19T15:18:36.095] [DEBUG] debug-file - runTaskFromQueue task cost before running: 1 s 242 ms 
[2026-09-19T15:18:36.095] [INFO] debug-file - Finished :entry:default@BuildJS... after 2 ms 
[2026-09-19T15:18:36.096] [DEBUG] debug-file - Executing task :entry:default@CacheNativeLibs
[2026-09-19T15:18:36.096] [DEBUG] debug-file - Task 'entry:default@CacheNativeLibs' cost while wrapping incremental declarations: 1 ms 
[2026-09-19T15:18:36.096] [DEBUG] debug-file - default@CacheNativeLibs work[2] is submitted.
[2026-09-19T15:18:36.097] [DEBUG] debug-file - default@CacheNativeLibs work[2] is pushed to ready queue.
[2026-09-19T15:18:36.097] [DEBUG] debug-file - A work dispatched to worker[15] failed because unable to get work from ready queue.
[2026-09-19T15:18:36.097] [DEBUG] debug-file - A work dispatched to worker[14] failed because of worker busy.
[2026-09-19T15:18:36.097] [DEBUG] debug-file - Create  resident worker with id: 13.
[2026-09-19T15:18:36.097] [DEBUG] debug-file - default@CacheNativeLibs work[2] has been dispatched to worker[13].
[2026-09-19T15:18:36.097] [DEBUG] debug-file - default@CacheNativeLibs work[2] is dispatched.
[2026-09-19T15:18:36.097] [DEBUG] debug-file - entry : default@CacheNativeLibs cost memory 0.17714691162109375
[2026-09-19T15:18:36.773] [DEBUG] debug-file - worker[13] has one work done.
[2026-09-19T15:18:36.773] [DEBUG] debug-file - default@CacheNativeLibs work[2] done.
[2026-09-19T15:18:36.773] [DEBUG] debug-file - A work dispatched to worker[13] failed because unable to get work from ready queue.
[2026-09-19T15:18:36.774] [INFO] debug-file - Finished :entry:default@CacheNativeLibs... after 6 ms 
[2026-09-19T15:18:36.781] [DEBUG] debug-file - worker[14] has one work done.
[2026-09-19T15:18:36.781] [DEBUG] debug-file - CopyResources is end, endTime: 734148583748200
[2026-09-19T15:18:36.781] [DEBUG] debug-file - default@CompileArkTS work[1] done.
[2026-09-19T15:18:36.781] [DEBUG] debug-file - A work dispatched to worker[14] failed because unable to get work from ready queue.
[2026-09-19T15:18:51.450] [DEBUG] debug-file - worker[4] has one work error.
[2026-09-19T15:18:51.451] [DEBUG] debug-file - default@CompileArkTS work[0] failed.
[2026-09-19T15:18:51.451] [DEBUG] debug-file - Ark compile task finished.finished time is 734163252968300
[2026-09-19T15:18:51.451] [ERROR] debug-file - Failed :entry:default@CompileArkTS... 
[2026-09-19T15:18:51.451] [WARN] debug-file - 
[33m1 WARN: [33m[33mArkTS:WARN: For details about ArkTS syntax errors, see FAQs[39m[39m
[33m2 WARN: [33m[33mArkTS:WARN File: E:/new-chat/entry/src/main/ets/data/VideoRepository.ets:14:24
 Function may throw exceptions. Special handling is required.
[39m[39m
[33m3 WARN: [33m[33mArkTS:WARN File: E:/new-chat/entry/src/main/ets/data/VideoRepository.ets:15:23
 Function may throw exceptions. Special handling is required.
[39m[39m
[33m4 WARN: [33m[33mArkTS:WARN File: E:/new-chat/entry/src/main/ets/data/VideoRepository.ets:26:26
 Function may throw exceptions. Special handling is required.
[39m[39m
[33m5 WARN: [33m[33mArkTS:WARN File: E:/new-chat/entry/src/main/ets/data/VideoRepository.ets:28:11
 Function may throw exceptions. Special handling is required.
[39m[39m
[33m6 WARN: [33m[33mArkTS:WARN File: E:/new-chat/entry/src/main/ets/data/VideoRepository.ets:29:11
 Function may throw exceptions. Special handling is required.
[39m[39m
[2026-09-19T15:18:51.451] [DEBUG] debug-file - hvigor build process will be closed with an error.
[2026-09-19T15:18:51.452] [DEBUG] debug-file - ERROR: stacktrace = Error: ArkTS Compiler Error
[31m1 ERROR: [31m10605025 ArkTS Compiler Error
Error Message: Declaring fields in "constructor" is not supported (arkts-no-ctor-prop-decls) At File: E:/new-chat/entry/src/main/ets/data/VideoRepository.ets:11:15
[39m
[39m
[31m2 ERROR: [31m10605999 ArkTS Compiler Error
Error Message: Argument of type 'Context | undefined' is not assignable to parameter of type 'Context'.
  Type 'undefined' is not assignable to type 'Context'. At File: E:/new-chat/entry/src/main/ets/pages/Index.ets:25:43
[39m
[39m
[31m3 ERROR: [31m10505001 ArkTS Compiler Error
Error Message: Type 'string' is not assignable to type 'CustomBuilder | SheetTitleOptions'. At File: E:/new-chat/entry/src/main/ets/pages/Index.ets:167:87
[39m
[39m
[31m4 ERROR: [31m10505001 ArkTS Compiler Error
Error Message: Argument of type '{ placeholder: string; text: string; type: InputType; }' is not assignable to parameter of type 'TextInputOptions'.
  Object literal may only specify known properties, and 'type' does not exist in type 'TextInputOptions'. At File: E:/new-chat/entry/src/main/ets/pages/Index.ets:178:68
[39m
[39m
[31m5 ERROR: [31m10505001 ArkTS Compiler Error
Error Message: Argument of type '{ placeholder: string; text: string; type: InputType; }' is not assignable to parameter of type 'TextInputOptions'.
  Object literal may only specify known properties, and 'type' does not exist in type 'TextInputOptions'. At File: E:/new-chat/entry/src/main/ets/pages/Index.ets:179:73
[39m
[39m
[31m6 ERROR: [31m10905223 ArkTS Compiler Error
Error Message: When the component 'Toggle' set 'type' as 'Switch', it can't have any child. At File: E:/new-chat/entry/src/main/ets/pages/Index.ets:187:9
[39m
[39m
[31mCOMPILE RESULT:FAIL {ERROR:7 WARN:6}[39m
    at runArkPack (D:\DevEco Studio\tools\hvigor\hvigor-ohos-plugin\node_modules\@ohos\hvigor-arkts-compose\dist\src\arkts-pack.js:1:5721)
ArkTSCompilerError: ArkTS Compiler Error
    at throwArkTsCompilerError (D:\DevEco Studio\tools\hvigor\hvigor-ohos-plugin\node_modules\@ohos\hvigor-arkts-compose\dist\src\data\compose-error.js:1:423)
    at throwErrorIfHasErrorInfo (D:\DevEco Studio\tools\hvigor\hvigor-ohos-plugin\node_modules\@ohos\hvigor-arkts-compose\dist\src\plugins\common-plugin.js:1:4478)
    at Object.handler (D:\DevEco Studio\tools\hvigor\hvigor-ohos-plugin\node_modules\@ohos\hvigor-arkts-compose\dist\src\plugins\common-plugin.js:1:2547)
    at D:\DevEco Studio\tools\hvigor\hvigor-ohos-plugin\node_modules\@ohos\hvigor-arkts-base\node_modules\rollup\dist\shared\rollup.js:27765:40
[2026-09-19T15:18:51.452] [ERROR] debug-file - Error: ArkTS Compiler Error
[31m1 ERROR: [31m10605025 ArkTS Compiler Error
Error Message: Declaring fields in "constructor" is not supported (arkts-no-ctor-prop-decls) At File: E:/new-chat/entry/src/main/ets/data/VideoRepository.ets:11:15
[39m
[39m
[31m2 ERROR: [31m10605999 ArkTS Compiler Error
Error Message: Argument of type 'Context | undefined' is not assignable to parameter of type 'Context'.
  Type 'undefined' is not assignable to type 'Context'. At File: E:/new-chat/entry/src/main/ets/pages/Index.ets:25:43
[39m
[39m
[31m3 ERROR: [31m10505001 ArkTS Compiler Error
Error Message: Type 'string' is not assignable to type 'CustomBuilder | SheetTitleOptions'. At File: E:/new-chat/entry/src/main/ets/pages/Index.ets:167:87
[39m
[39m
[31m4 ERROR: [31m10505001 ArkTS Compiler Error
Error Message: Argument of type '{ placeholder: string; text: string; type: InputType; }' is not assignable to parameter of type 'TextInputOptions'.
  Object literal may only specify known properties, and 'type' does not exist in type 'TextInputOptions'. At File: E:/new-chat/entry/src/main/ets/pages/Index.ets:178:68
[39m
[39m
[31m5 ERROR: [31m10505001 ArkTS Compiler Error
Error Message: Argument of type '{ placeholder: string; text: string; type: InputType; }' is not assignable to parameter of type 'TextInputOptions'.
  Object literal may only specify known properties, and 'type' does not exist in type 'TextInputOptions'. At File: E:/new-chat/entry/src/main/ets/pages/Index.ets:179:73
[39m
[39m
[31m6 ERROR: [31m10905223 ArkTS Compiler Error
Error Message: When the component 'Toggle' set 'type' as 'Switch', it can't have any child. At File: E:/new-chat/entry/src/main/ets/pages/Index.ets:187:9
[39m
[39m
[31mCOMPILE RESULT:FAIL {ERROR:7 WARN:6}[39m
    at runArkPack (D:\DevEco Studio\tools\hvigor\hvigor-ohos-plugin\node_modules\@ohos\hvigor-arkts-compose\dist\src\arkts-pack.js:1:5721)
ArkTSCompilerError: ArkTS Compiler Error
    at throwArkTsCompilerError (D:\DevEco Studio\tools\hvigor\hvigor-ohos-plugin\node_modules\@ohos\hvigor-arkts-compose\dist\src\data\compose-error.js:1:423)
    at throwErrorIfHasErrorInfo (D:\DevEco Studio\tools\hvigor\hvigor-ohos-plugin\node_modules\@ohos\hvigor-arkts-compose\dist\src\plugins\common-plugin.js:1:4478)
    at Object.handler (D:\DevEco Studio\tools\hvigor\hvigor-ohos-plugin\node_modules\@ohos\hvigor-arkts-compose\dist\src\plugins\common-plugin.js:1:2547)
    at D:\DevEco Studio\tools\hvigor\hvigor-ohos-plugin\node_modules\@ohos\hvigor-arkts-base\node_modules\rollup\dist\shared\rollup.js:27765:40
[2026-09-19T15:18:51.459] [ERROR] debug-file - BUILD FAILED in 16 s 606 ms 
[2026-09-19T15:18:51.459] [DEBUG] debug-file - Update task entry:default@PreBuild input file:E:\new-chat\AppScope\app.json5 cache by regenerate.
[2026-09-19T15:18:51.460] [DEBUG] debug-file - Update task entry:default@PreBuild input file:E:\new-chat\entry\src\main\module.json5 cache by regenerate.
[2026-09-19T15:18:51.460] [DEBUG] debug-file - Update task entry:default@PreBuild input file:E:\new-chat\build-profile.json5 cache by regenerate.
[2026-09-19T15:18:51.460] [DEBUG] debug-file - Update task entry:default@PreBuild input file:E:\new-chat\entry\build-profile.json5 cache by regenerate.
[2026-09-19T15:18:51.460] [DEBUG] debug-file - Update task entry:default@PreBuild input file:E:\new-chat\entry\src\main\resources\base\profile\main_pages.json cache by regenerate.
[2026-09-19T15:18:51.460] [DEBUG] debug-file - Update task entry:default@PreBuild input file:E:\new-chat\hvigor\hvigor-config.json5 cache by regenerate.
[2026-09-19T15:18:51.460] [DEBUG] debug-file - Update task entry:default@PreBuild input file:E:\new-chat\entry\oh-package.json5 cache by regenerate.
[2026-09-19T15:18:51.460] [DEBUG] debug-file - Update task entry:default@PreBuild input file:E:\new-chat\oh-package.json5 cache by regenerate.
[2026-09-19T15:18:51.461] [DEBUG] debug-file - Incremental task entry:default@PreBuild post-execution cost:2 ms .
[2026-09-19T15:18:51.461] [DEBUG] debug-file - Update task entry:default@CreateModuleInfo output file:E:\new-chat\entry\build\default\generated\profile\default\ModuleInfo.ts cache.
[2026-09-19T15:18:51.461] [DEBUG] debug-file - Incremental task entry:default@CreateModuleInfo post-execution cost:1 ms .
[2026-09-19T15:18:51.461] [DEBUG] debug-file - Update task entry:default@GenerateMetadata input file:E:\new-chat\entry\src\main\module.json5 cache by regenerate.
[2026-09-19T15:18:51.461] [DEBUG] debug-file - Update task entry:default@GenerateMetadata output file:E:\new-chat\entry\build\default\intermediates\hap_metadata\default\output_metadata.json cache.
[2026-09-19T15:18:51.461] [DEBUG] debug-file - Incremental task entry:default@GenerateMetadata post-execution cost:1 ms .
[2026-09-19T15:18:51.462] [DEBUG] debug-file - Update task entry:default@MergeProfile input file:E:\new-chat\AppScope\app.json5 cache by regenerate.
[2026-09-19T15:18:51.462] [DEBUG] debug-file - Update task entry:default@MergeProfile input file:E:\new-chat\build-profile.json5 cache by regenerate.
[2026-09-19T15:18:51.462] [DEBUG] debug-file - Update task entry:default@MergeProfile input file:E:\new-chat\entry\src\main\module.json5 cache by regenerate.
[2026-09-19T15:18:51.462] [DEBUG] debug-file - Update task entry:default@MergeProfile output file:E:\new-chat\entry\build\default\intermediates\merge_profile\default\module.json cache.
[2026-09-19T15:18:51.462] [DEBUG] debug-file - Incremental task entry:default@MergeProfile post-execution cost:1 ms .
[2026-09-19T15:18:51.462] [DEBUG] debug-file - Update task entry:default@CreateBuildProfile input file:E:\new-chat\AppScope\app.json5 cache by regenerate.
[2026-09-19T15:18:51.462] [DEBUG] debug-file - Update task entry:default@CreateBuildProfile input file:E:\new-chat\build-profile.json5 cache by regenerate.
[2026-09-19T15:18:51.462] [DEBUG] debug-file - Update task entry:default@CreateBuildProfile output file:E:\new-chat\entry\build\default\generated\profile\default\BuildProfile.ets cache.
[2026-09-19T15:18:51.463] [DEBUG] debug-file - Incremental task entry:default@CreateBuildProfile post-execution cost:1 ms .
[2026-09-19T15:18:51.463] [DEBUG] debug-file - Update task entry:default@GeneratePkgContextInfo output file:E:\new-chat\entry\build\default\intermediates\loader\default\pkgContextInfo.json cache.
[2026-09-19T15:18:51.463] [DEBUG] debug-file - Incremental task entry:default@GeneratePkgContextInfo post-execution cost:1 ms .
[2026-09-19T15:18:51.463] [DEBUG] debug-file - Update task entry:default@ProcessIntegratedHsp output file:E:\new-chat\build\cache\default\integrated_hsp\integratedHspCache.json cache.
[2026-09-19T15:18:51.463] [DEBUG] debug-file - Incremental task entry:default@ProcessIntegratedHsp post-execution cost:1 ms .
[2026-09-19T15:18:51.463] [DEBUG] debug-file - Update task entry:default@MakePackInfo input file:E:\new-chat\AppScope\app.json5 cache by regenerate.
[2026-09-19T15:18:51.463] [DEBUG] debug-file - Update task entry:default@MakePackInfo input file:E:\new-chat\entry\src\main\module.json5 cache by regenerate.
[2026-09-19T15:18:51.463] [DEBUG] debug-file - Update task entry:default@MakePackInfo input file:E:\new-chat\build-profile.json5 cache by regenerate.
[2026-09-19T15:18:51.463] [DEBUG] debug-file - Update task entry:default@MakePackInfo output file:E:\new-chat\entry\build\default\outputs\default\pack.info cache.
[2026-09-19T15:18:51.463] [DEBUG] debug-file - Incremental task entry:default@MakePackInfo post-execution cost:1 ms .
[2026-09-19T15:18:51.463] [DEBUG] debug-file - Update task entry:default@SyscapTransform input file:D:\DevEco Studio\sdk\default\openharmony\toolchains\syscap_tool.exe cache by regenerate.
[2026-09-19T15:18:51.463] [DEBUG] debug-file - Update task entry:default@SyscapTransform input file:D:\DevEco Studio\sdk\default\openharmony\ets\api\device-define cache by regenerate.
[2026-09-19T15:18:51.473] [DEBUG] debug-file - Update task entry:default@SyscapTransform output file:E:\new-chat\entry\build\default\intermediates\syscap\default\rpcid.sc cache.
[2026-09-19T15:18:51.473] [DEBUG] debug-file - Incremental task entry:default@SyscapTransform post-execution cost:11 ms .
[2026-09-19T15:18:51.474] [DEBUG] debug-file - Update task entry:default@ProcessProfile input file:E:\new-chat\entry\build\default\intermediates\merge_profile\default\module.json cache by regenerate.
[2026-09-19T15:18:51.474] [DEBUG] debug-file - Update task entry:default@ProcessProfile output file:E:\new-chat\entry\build\default\intermediates\process_profile\default\module.json cache.
[2026-09-19T15:18:51.474] [DEBUG] debug-file - Incremental task entry:default@ProcessProfile post-execution cost:1 ms .
[2026-09-19T15:18:51.474] [DEBUG] debug-file - Update task entry:default@ProcessRouterMap input file:E:\new-chat\entry\oh-package.json5 cache by regenerate.
[2026-09-19T15:18:51.474] [DEBUG] debug-file - Update task entry:default@ProcessRouterMap input file:E:\new-chat\oh-package.json5 cache by regenerate.
[2026-09-19T15:18:51.474] [DEBUG] debug-file - Update task entry:default@ProcessRouterMap input file:E:\new-chat\entry\src\main\module.json5 cache by regenerate.
[2026-09-19T15:18:51.474] [DEBUG] debug-file - Update task entry:default@ProcessRouterMap output file:E:\new-chat\entry\build\default\intermediates\router_map\default\temp-router-map.json cache.
[2026-09-19T15:18:51.474] [DEBUG] debug-file - Update task entry:default@ProcessRouterMap output file:E:\new-chat\entry\build\default\intermediates\router_map\default\loader-router-map.json cache.
[2026-09-19T15:18:51.475] [DEBUG] debug-file - Incremental task entry:default@ProcessRouterMap post-execution cost:1 ms .
[2026-09-19T15:18:51.475] [DEBUG] debug-file - Update task entry:default@ProcessShareConfig input file:E:\new-chat\entry\oh-package.json5 cache by regenerate.
[2026-09-19T15:18:51.475] [DEBUG] debug-file - Update task entry:default@ProcessShareConfig input file:E:\new-chat\oh-package.json5 cache by regenerate.
[2026-09-19T15:18:51.475] [DEBUG] debug-file - Update task entry:default@ProcessShareConfig input file:E:\new-chat\entry\src\main\module.json5 cache by regenerate.
[2026-09-19T15:18:51.475] [DEBUG] debug-file - Update task entry:default@ProcessShareConfig output file:E:\new-chat\entry\build\default\intermediates\share_config\default\temp-share-config.json cache.
[2026-09-19T15:18:51.475] [DEBUG] debug-file - Incremental task entry:default@ProcessShareConfig post-execution cost:1 ms .
[2026-09-19T15:18:51.475] [DEBUG] debug-file - Update task entry:default@ProcessStartupConfig output file:E:\new-chat\entry\build\default\intermediates\startup\default\startup_config.json cache.
[2026-09-19T15:18:51.475] [DEBUG] debug-file - Incremental task entry:default@ProcessStartupConfig post-execution cost:1 ms .
[2026-09-19T15:18:51.475] [DEBUG] debug-file - Update task entry:default@ProcessResource output file:E:\new-chat\entry\build\default\intermediates\res\default\resConfig.json cache.
[2026-09-19T15:18:51.475] [DEBUG] debug-file - Update task entry:default@ProcessResource output file:E:\new-chat\entry\build\default\intermediates\res\default\opt-compression.json cache.
[2026-09-19T15:18:51.476] [DEBUG] debug-file - Incremental task entry:default@ProcessResource post-execution cost:1 ms .
[2026-09-19T15:18:51.476] [DEBUG] debug-file - Update task entry:default@GenerateLoaderJson input file:E:\new-chat\entry\build\default\intermediates\router_map\default\temp-router-map.json cache by regenerate.
[2026-09-19T15:18:51.476] [DEBUG] debug-file - Update task entry:default@GenerateLoaderJson output file:E:\new-chat\entry\build\default\intermediates\loader\default\loader.json cache.
[2026-09-19T15:18:51.476] [DEBUG] debug-file - Incremental task entry:default@GenerateLoaderJson post-execution cost:1 ms .
[2026-09-19T15:18:51.476] [DEBUG] debug-file - Update task entry:default@ProcessLibs input file:E:\new-chat\build-profile.json5 cache by regenerate.
[2026-09-19T15:18:51.476] [DEBUG] debug-file - Update task entry:default@ProcessLibs input file:E:\new-chat\entry\build-profile.json5 cache by regenerate.
[2026-09-19T15:18:51.476] [DEBUG] debug-file - Update task entry:default@ProcessLibs output file:E:\new-chat\entry\build\default\intermediates\libs\default cache.
[2026-09-19T15:18:51.477] [DEBUG] debug-file - Incremental task entry:default@ProcessLibs post-execution cost:1 ms .
[2026-09-19T15:18:51.477] [DEBUG] debug-file - Update task entry:default@CompileResource input file:E:\new-chat\entry\src\main\resources cache by regenerate.
[2026-09-19T15:18:51.478] [DEBUG] debug-file - Update task entry:default@CompileResource input file:E:\new-chat\entry\build\default\intermediates\process_profile\default\module.json cache by regenerate.
[2026-09-19T15:18:51.478] [DEBUG] debug-file - Update task entry:default@CompileResource input file:E:\new-chat\entry\build\default\intermediates\res\default\resConfig.json cache by regenerate.
[2026-09-19T15:18:51.478] [DEBUG] debug-file - Update task entry:default@CompileResource output file:E:\new-chat\entry\build\default\intermediates\res\default cache.
[2026-09-19T15:18:51.479] [DEBUG] debug-file - Update task entry:default@CompileResource output file:E:\new-chat\entry\build\default\generated\r\default\ResourceTable.h cache.
[2026-09-19T15:18:51.479] [DEBUG] debug-file - Update task entry:default@CompileResource output file:E:\new-chat\entry\build\default\generated\r\default cache.
[2026-09-19T15:18:51.479] [DEBUG] debug-file - Incremental task entry:default@CompileResource post-execution cost:3 ms .
[2026-09-19T15:18:51.479] [DEBUG] debug-file - Update task entry:default@DoNativeStrip input file:E:\new-chat\entry\build\default\intermediates\libs\default cache by regenerate.
[2026-09-19T15:18:51.479] [DEBUG] debug-file - Update task entry:default@DoNativeStrip output file:E:\new-chat\entry\build\default\intermediates\stripped_native_libs\default cache.
[2026-09-19T15:18:51.480] [DEBUG] debug-file - Incremental task entry:default@DoNativeStrip post-execution cost:1 ms .
[2026-09-19T15:18:51.480] [DEBUG] debug-file - Update task entry:default@CompileArkTS input file:E:\new-chat\entry\build\default\intermediates\loader\default cache by regenerate.
[2026-09-19T15:18:51.480] [DEBUG] debug-file - Update task entry:default@CompileArkTS input file:E:\new-chat\entry\build\default\intermediates\res\default\ResourceTable.txt cache by regenerate.
[2026-09-19T15:18:51.480] [DEBUG] debug-file - Update task entry:default@CompileArkTS input file:E:\new-chat\entry\build\default\intermediates\res\default\ark_module.json cache by regenerate.
[2026-09-19T15:18:51.480] [DEBUG] debug-file - Update task entry:default@CompileArkTS input file:E:\new-chat\entry\build\default\intermediates\res\default\resources\base\profile cache by regenerate.
[2026-09-19T15:18:51.481] [DEBUG] debug-file - Update task entry:default@CompileArkTS input file:E:\new-chat\entry\src\main\ets cache by regenerate.
[2026-09-19T15:18:51.481] [DEBUG] debug-file - Update task entry:default@CompileArkTS input file:E:\new-chat\entry\build\default\generated\profile\default\BuildProfile.ets cache by regenerate.
[2026-09-19T15:18:51.481] [DEBUG] debug-file - Update task entry:default@CompileArkTS output file:E:\new-chat\entry\build\default\intermediates\loader_out\default\ets cache.
[2026-09-19T15:18:51.482] [DEBUG] debug-file - Incremental task entry:default@CompileArkTS post-execution cost:2 ms .
[2026-09-19T15:18:51.482] [DEBUG] debug-file - Update task entry:default@BuildJS input file:E:\new-chat\entry\build\default\intermediates\loader\default cache by regenerate.
[2026-09-19T15:18:51.482] [DEBUG] debug-file - Update task entry:default@BuildJS input file:E:\new-chat\entry\build\default\intermediates\res\default\ResourceTable.txt cache by regenerate.
[2026-09-19T15:18:51.482] [DEBUG] debug-file - Update task entry:default@BuildJS input file:E:\new-chat\entry\build\default\intermediates\res\default\ark_module.json cache by regenerate.
[2026-09-19T15:18:51.482] [DEBUG] debug-file - Update task entry:default@BuildJS input file:E:\new-chat\entry\build\default\intermediates\res\default\resources\base\profile cache by regenerate.
[2026-09-19T15:18:51.482] [DEBUG] debug-file - Update task entry:default@BuildJS output file:E:\new-chat\entry\build\default\intermediates\loader_out\default\js cache.
[2026-09-19T15:18:51.483] [DEBUG] debug-file - Incremental task entry:default@BuildJS post-execution cost:2 ms .
[2026-09-19T15:18:51.483] [DEBUG] debug-file - Update task entry:default@CacheNativeLibs input file:E:\new-chat\entry\build\default\intermediates\stripped_native_libs\default cache by regenerate.
[2026-09-19T15:18:51.483] [DEBUG] debug-file - Update task entry:default@CacheNativeLibs input file:E:\new-chat\entry\build\default\intermediates\libs\default cache by regenerate.
[2026-09-19T15:18:51.483] [DEBUG] debug-file - Update task entry:default@CacheNativeLibs output file:E:\new-chat\entry\build\default\intermediates\patch\default\base_native_libs.json cache.
[2026-09-19T15:18:51.483] [DEBUG] debug-file - Incremental task entry:default@CacheNativeLibs post-execution cost:1 ms .
[2026-09-19T15:18:51.497] [DEBUG] debug-file - Cleanup worker 13.
[2026-09-19T15:18:51.497] [DEBUG] debug-file - Worker 13 has been cleaned up.
[2026-09-19T15:18:51.497] [DEBUG] debug-file - Current idle worker size: 2.
[2026-09-19T15:18:51.497] [DEBUG] debug-file - Current resident worker size: 3.
[2026-09-19T15:18:51.497] [DEBUG] debug-file - Cleanup worker 14.
[2026-09-19T15:18:51.498] [DEBUG] debug-file - Worker 14 has been cleaned up.
[2026-09-19T15:18:51.498] [DEBUG] debug-file - Current idle worker size: 1.
[2026-09-19T15:18:51.498] [DEBUG] debug-file - Current resident worker size: 3.
[2026-09-19T15:18:51.499] [DEBUG] debug-file - hvigor build process will be closed.
[2026-09-19T15:18:51.506] [DEBUG] debug-file - worker[13] exits with exit code 1.
[2026-09-19T15:18:51.511] [DEBUG] debug-file - session manager: send message to worker process.
[2026-09-19T15:18:51.513] [DEBUG] debug-file - session manager: send message to worker process.
[2026-09-19T15:18:51.509] [DEBUG] debug-file - worker[14] exits with exit code 1.
[2026-09-19T15:18:51.512] [DEBUG] debug-file - watch worker: worker id should be larger than 0. Nothing will be sent to any worker thread.
[2026-09-19T15:18:51.514] [DEBUG] debug-file - watch worker: worker id should be larger than 0. Nothing will be sent to any worker thread.
[2026-09-19T15:25:16.509] [DEBUG] debug-file - session manager: set active socket. socketId=Z59_N9ISJAZ4eTBqAAAF
[2026-09-19T15:25:16.522] [DEBUG] debug-file - watch worker: worker id should be larger than 0. Nothing will be sent to any worker thread.
[2026-09-19T15:25:16.527] [DEBUG] debug-file - Hvigor init with startParameters:{
  hvigorfileTypeCheck: false,
  parallelExecution: true,
  incrementalExecution: true,
  printStackTrace: false,
  daemon: true,
  analyze: 0,
  logLevel: Level { level: 20000, levelStr: 'INFO', colour: 'green' },
  optimizationStrategy: 'memory',
  hotCompile: undefined,
  hotReloadBuild: undefined
}
[2026-09-19T15:25:16.532] [DEBUG] debug-file - Cache service initialization finished in 5 ms 
[2026-09-19T15:25:16.533] [DEBUG] debug-file - hvigorfile, resolving E:\new-chat\hvigorfile.ts
[2026-09-19T15:25:16.541] [DEBUG] debug-file - hvigorfile, require result:  { default: { plugins: [] } }
[2026-09-19T15:25:16.541] [DEBUG] debug-file - hvigorfile, binding system plugins null
[2026-09-19T15:25:16.545] [DEBUG] debug-file - Start initialize project's product build option map with build mode debug.
[2026-09-19T15:25:16.545] [DEBUG] debug-file - Picking option from product 'default' with build mode 'debug'.
[2026-09-19T15:25:16.545] [DEBUG] debug-file - Product 'default' build option initialized
[2026-09-19T15:25:16.545] [DEBUG] debug-file - End initialize project's product build option map with build mode 'debug'.
[2026-09-19T15:25:16.546] [DEBUG] debug-file - Obtain build option for product 'default'in this build.
[2026-09-19T15:25:16.546] [DEBUG] debug-file - No signingConfig found, initRemoteHspCache failed.
[2026-09-19T15:25:16.549] [DEBUG] debug-file - Start recording SDK configuration permission data.
[2026-09-19T15:25:16.577] [DEBUG] debug-file - Sdk init in 30 ms 
[2026-09-19T15:25:16.585] [DEBUG] debug-file - Project task initialization takes 8 ms 
[2026-09-19T15:25:16.585] [DEBUG] debug-file - hvigorfile, binding custom plugins []
[2026-09-19T15:25:16.585] [DEBUG] debug-file - hvigorfile, no custom plugins were found in E:\new-chat\hvigorfile.ts
[2026-09-19T15:25:16.585] [DEBUG] debug-file - hvigorfile, resolve finished E:\new-chat\hvigorfile.ts
[2026-09-19T15:25:16.586] [DEBUG] debug-file - hvigorfile, resolving E:\new-chat\entry\hvigorfile.ts
[2026-09-19T15:25:16.590] [DEBUG] debug-file - hvigorfile, require result:  { default: { plugins: [] } }
[2026-09-19T15:25:16.590] [DEBUG] debug-file - hvigorfile, binding system plugins null
[2026-09-19T15:25:16.591] [DEBUG] debug-file - failed to load cangjie to dynamically generate schemas: Error: Cannot find module '@ohos/cangjie-build-support/index'
Require stack:
- D:\DevEco Studio\tools\hvigor\hvigor-ohos-plugin\src\plugin\factory\plugin-factory.js
- D:\DevEco Studio\tools\hvigor\hvigor-ohos-plugin\index.js
- E:\new-chat\hvigorfile.ts
- D:\DevEco Studio\tools\hvigor\hvigor\src\base\internal\lifecycle\configuration.js
- D:\DevEco Studio\tools\hvigor\hvigor\src\base\boot\index.js
- D:\DevEco Studio\tools\hvigor\hvigor\src\base\daemon\cluster\worker-process-lifecycle.js
- D:\DevEco Studio\tools\hvigor\hvigor\src\base\daemon\process\daemon-process-boot-script.js
[2026-09-19T15:25:16.592] [DEBUG] debug-file - Start initialize module-target build option map, moduleName=entry, buildMode=debug
[2026-09-19T15:25:16.592] [DEBUG] debug-file - Target 'default' config initialized
[2026-09-19T15:25:16.593] [DEBUG] debug-file - Module 'entry' target 'default' build option initialized
[2026-09-19T15:25:16.593] [DEBUG] debug-file - End initialize module-target build option map, moduleName=entry
[2026-09-19T15:25:16.593] [DEBUG] debug-file - Start initialize module-target build option map, moduleName=entry, buildMode=release
[2026-09-19T15:25:16.594] [DEBUG] debug-file - Target 'default' config initialized
[2026-09-19T15:25:16.594] [DEBUG] debug-file - Module 'entry' target 'default' build option initialized
[2026-09-19T15:25:16.594] [DEBUG] debug-file - End initialize module-target build option map, moduleName=entry
[2026-09-19T15:25:16.594] [DEBUG] debug-file - Start initialize module-target build option map, moduleName=entry, buildMode=debug
[2026-09-19T15:25:16.594] [DEBUG] debug-file - Target 'default' config initialized
[2026-09-19T15:25:16.594] [DEBUG] debug-file - Module 'entry' target 'default' build option initialized
[2026-09-19T15:25:16.594] [DEBUG] debug-file - End initialize module-target build option map, moduleName=entry
[2026-09-19T15:25:16.594] [DEBUG] debug-file - Obtain build option for module 'entry' target 'default'in this build.
[2026-09-19T15:25:16.595] [DEBUG] debug-file - Module entry task initialization takes 1 ms 
[2026-09-19T15:25:16.595] [DEBUG] debug-file - hvigorfile, binding custom plugins []
[2026-09-19T15:25:16.595] [DEBUG] debug-file - hvigorfile, no custom plugins were found in E:\new-chat\entry\hvigorfile.ts
[2026-09-19T15:25:16.595] [DEBUG] debug-file - hvigorfile, resolve finished E:\new-chat\entry\hvigorfile.ts
[2026-09-19T15:25:16.617] [DEBUG] debug-file - hvigorfile, resolve hvigorfile dependencies in 21 ms 
[2026-09-19T15:25:16.617] [DEBUG] debug-file - project has submodules:entry
[2026-09-19T15:25:16.618] [DEBUG] debug-file - start to load updatedOhPackageInfo to the disk
[2026-09-19T15:25:16.622] [DEBUG] debug-file - load to the disk finished
[2026-09-19T15:25:16.623] [DEBUG] debug-file - Start to initialize dependency information.
[2026-09-19T15:25:16.624] [DEBUG] debug-file - Module new-chat Collected Dependency: 
[2026-09-19T15:25:16.624] [DEBUG] debug-file - Module new-chat's total dependency: 0
[2026-09-19T15:25:16.625] [DEBUG] debug-file - Start to initialize dependency information.
[2026-09-19T15:25:16.626] [DEBUG] debug-file - Module entry Collected Dependency: 
[2026-09-19T15:25:16.626] [DEBUG] debug-file - Module entry's total dependency: 0
[2026-09-19T15:25:16.628] [DEBUG] debug-file - Configuration phase cost:96 ms 
[2026-09-19T15:25:16.629] [DEBUG] debug-file - Configuration task cost before running: 105 ms 
[2026-09-19T15:25:16.632] [DEBUG] debug-file - Executing task :entry:default@PreBuild
[2026-09-19T15:25:16.632] [DEBUG] debug-file - Task 'entry:default@PreBuild' cost while wrapping incremental declarations: 1 ms 
[2026-09-19T15:25:16.638] [DEBUG] debug-file - Incremental task entry:default@PreBuild pre-execution cost: 4 ms .
[2026-09-19T15:25:16.638] [DEBUG] debug-file - entry : default@PreBuild cost memory -0.53955078125
[2026-09-19T15:25:16.639] [INFO] debug-file - UP-TO-DATE :entry:default@PreBuild...  
[2026-09-19T15:25:16.640] [DEBUG] debug-file - Executing task :entry:default@CreateModuleInfo
[2026-09-19T15:25:16.640] [DEBUG] debug-file - Task 'entry:default@CreateModuleInfo' cost while wrapping incremental declarations: 1 ms 
[2026-09-19T15:25:16.640] [DEBUG] debug-file - entry : default@CreateModuleInfo cost memory 0.0413970947265625
[2026-09-19T15:25:16.640] [DEBUG] debug-file - runTaskFromQueue task cost before running: 116 ms 
[2026-09-19T15:25:16.640] [INFO] debug-file - Finished :entry:default@CreateModuleInfo... after 1 ms 
[2026-09-19T15:25:16.641] [DEBUG] debug-file - Executing task :entry:default@GenerateMetadata
[2026-09-19T15:25:16.641] [DEBUG] debug-file - Task 'entry:default@GenerateMetadata' cost while wrapping incremental declarations: 1 ms 
[2026-09-19T15:25:16.642] [DEBUG] debug-file - Incremental task entry:default@GenerateMetadata pre-execution cost: 1 ms .
[2026-09-19T15:25:16.642] [DEBUG] debug-file - entry : default@GenerateMetadata cost memory 0.08950042724609375
[2026-09-19T15:25:16.642] [INFO] debug-file - UP-TO-DATE :entry:default@GenerateMetadata...  
[2026-09-19T15:25:16.643] [DEBUG] debug-file - Executing task :entry:default@ConfigureCmake
[2026-09-19T15:25:16.643] [DEBUG] debug-file - entry : default@ConfigureCmake cost memory 0.01629638671875
[2026-09-19T15:25:16.643] [DEBUG] debug-file - runTaskFromQueue task cost before running: 119 ms 
[2026-09-19T15:25:16.643] [INFO] debug-file - Finished :entry:default@ConfigureCmake... after 1 ms 
[2026-09-19T15:25:16.644] [DEBUG] debug-file - Executing task :entry:default@MergeProfile
[2026-09-19T15:25:16.644] [DEBUG] debug-file - Task 'entry:default@MergeProfile' cost while wrapping incremental declarations: 1 ms 
[2026-09-19T15:25:16.645] [DEBUG] debug-file - Incremental task entry:default@MergeProfile pre-execution cost: 2 ms .
[2026-09-19T15:25:16.645] [DEBUG] debug-file - entry : default@MergeProfile cost memory 0.1484375
[2026-09-19T15:25:16.645] [INFO] debug-file - UP-TO-DATE :entry:default@MergeProfile...  
[2026-09-19T15:25:16.647] [DEBUG] debug-file - Executing task :entry:default@CreateBuildProfile
[2026-09-19T15:25:16.647] [DEBUG] debug-file - Task 'entry:default@CreateBuildProfile' cost while wrapping incremental declarations: 1 ms 
[2026-09-19T15:25:16.648] [DEBUG] debug-file - Incremental task entry:default@CreateBuildProfile pre-execution cost: 1 ms .
[2026-09-19T15:25:16.648] [DEBUG] debug-file - entry : default@CreateBuildProfile cost memory 0.0950775146484375
[2026-09-19T15:25:16.648] [INFO] debug-file - UP-TO-DATE :entry:default@CreateBuildProfile...  
[2026-09-19T15:25:16.649] [DEBUG] debug-file - Executing task :entry:default@PreCheckSyscap
[2026-09-19T15:25:16.649] [DEBUG] debug-file - entry : default@PreCheckSyscap cost memory 0.01645660400390625
[2026-09-19T15:25:16.649] [DEBUG] debug-file - runTaskFromQueue task cost before running: 125 ms 
[2026-09-19T15:25:16.649] [INFO] debug-file - Finished :entry:default@PreCheckSyscap... after 1 ms 
[2026-09-19T15:25:16.650] [DEBUG] debug-file - Executing task :entry:default@GeneratePkgContextInfo
[2026-09-19T15:25:16.652] [DEBUG] debug-file - Task 'entry:default@GeneratePkgContextInfo' cost while wrapping incremental declarations: 1 ms 
[2026-09-19T15:25:16.652] [DEBUG] debug-file - entry : default@GeneratePkgContextInfo cost memory 0.1536102294921875
[2026-09-19T15:25:16.652] [DEBUG] debug-file - runTaskFromQueue task cost before running: 128 ms 
[2026-09-19T15:25:16.652] [INFO] debug-file - Finished :entry:default@GeneratePkgContextInfo... after 3 ms 
[2026-09-19T15:25:16.654] [DEBUG] debug-file - Executing task :entry:default@ProcessIntegratedHsp
[2026-09-19T15:25:16.654] [DEBUG] debug-file - entry:default@ProcessIntegratedHsp is not up-to-date, since the output file 'E:\new-chat\build\cache\default\integrated_hsp\integratedHspCache.json' does not exist.
[2026-09-19T15:25:16.654] [DEBUG] debug-file - Incremental task entry:default@ProcessIntegratedHsp pre-execution cost: 1 ms .
[2026-09-19T15:25:16.654] [DEBUG] debug-file - entry : default@ProcessIntegratedHsp cost memory 0.05887603759765625
[2026-09-19T15:25:16.654] [DEBUG] debug-file - runTaskFromQueue task cost before running: 130 ms 
[2026-09-19T15:25:16.655] [INFO] debug-file - Finished :entry:default@ProcessIntegratedHsp... after 1 ms 
[2026-09-19T15:25:16.655] [DEBUG] debug-file - Executing task :entry:default@BuildNativeWithCmake
[2026-09-19T15:25:16.655] [DEBUG] debug-file - entry : default@BuildNativeWithCmake cost memory 0.01729583740234375
[2026-09-19T15:25:16.655] [DEBUG] debug-file - runTaskFromQueue task cost before running: 131 ms 
[2026-09-19T15:25:16.655] [INFO] debug-file - Finished :entry:default@BuildNativeWithCmake... after 1 ms 
[2026-09-19T15:25:16.656] [DEBUG] debug-file - Executing task :entry:default@MakePackInfo
[2026-09-19T15:25:16.657] [DEBUG] debug-file - Incremental task entry:default@MakePackInfo pre-execution cost: 1 ms .
[2026-09-19T15:25:16.657] [DEBUG] debug-file - entry : default@MakePackInfo cost memory 0.09731292724609375
[2026-09-19T15:25:16.657] [INFO] debug-file - UP-TO-DATE :entry:default@MakePackInfo...  
[2026-09-19T15:25:16.658] [DEBUG] debug-file - Executing task :entry:default@SyscapTransform
[2026-09-19T15:25:16.658] [DEBUG] debug-file - File: 'E:\new-chat\entry\src\main\syscap.json' from 'sysCapJsonPath' is not exists, just ignore.
[2026-09-19T15:25:16.658] [DEBUG] debug-file - Task 'entry:default@SyscapTransform' cost while wrapping incremental declarations: 1 ms 
[2026-09-19T15:25:16.659] [DEBUG] debug-file - entry:default@SyscapTransform is not up-to-date, since the output file 'E:\new-chat\entry\build\default\intermediates\syscap\default\rpcid.sc' does not exist.
[2026-09-19T15:25:16.659] [DEBUG] debug-file - Incremental task entry:default@SyscapTransform pre-execution cost: 1 ms .
[2026-09-19T15:25:16.659] [DEBUG] debug-file - entry : default@SyscapTransform cost memory 0.17659759521484375
[2026-09-19T15:25:16.659] [DEBUG] debug-file - runTaskFromQueue task cost before running: 135 ms 
[2026-09-19T15:25:16.659] [INFO] debug-file - Finished :entry:default@SyscapTransform... after 2 ms 
[2026-09-19T15:25:16.659] [DEBUG] debug-file - Executing task :entry:default@ProcessProfile
[2026-09-19T15:25:16.660] [DEBUG] debug-file - Task 'entry:default@ProcessProfile' cost while wrapping incremental declarations: 1 ms 
[2026-09-19T15:25:16.661] [DEBUG] debug-file - Incremental task entry:default@ProcessProfile pre-execution cost: 1 ms .
[2026-09-19T15:25:16.661] [DEBUG] debug-file - entry : default@ProcessProfile cost memory 0.126678466796875
[2026-09-19T15:25:16.661] [INFO] debug-file - UP-TO-DATE :entry:default@ProcessProfile...  
[2026-09-19T15:25:16.662] [DEBUG] debug-file - Executing task :entry:default@ProcessRouterMap
[2026-09-19T15:25:16.663] [DEBUG] debug-file - Incremental task entry:default@ProcessRouterMap pre-execution cost: 2 ms .
[2026-09-19T15:25:16.663] [DEBUG] debug-file - entry : default@ProcessRouterMap cost memory -1.5849227905273438
[2026-09-19T15:25:16.664] [INFO] debug-file - UP-TO-DATE :entry:default@ProcessRouterMap...  
[2026-09-19T15:25:16.664] [DEBUG] debug-file - Executing task :entry:default@ProcessShareConfig
[2026-09-19T15:25:16.665] [DEBUG] debug-file - Incremental task entry:default@ProcessShareConfig pre-execution cost: 1 ms .
[2026-09-19T15:25:16.665] [DEBUG] debug-file - entry : default@ProcessShareConfig cost memory 0.10063934326171875
[2026-09-19T15:25:16.665] [INFO] debug-file - UP-TO-DATE :entry:default@ProcessShareConfig...  
[2026-09-19T15:25:16.666] [DEBUG] debug-file - Executing task :entry:default@ProcessStartupConfig
[2026-09-19T15:25:16.666] [DEBUG] debug-file - Task 'entry:default@ProcessStartupConfig' cost while wrapping incremental declarations: 1 ms 
[2026-09-19T15:25:16.666] [DEBUG] debug-file - entry:default@ProcessStartupConfig is not up-to-date, since the output file 'E:\new-chat\entry\build\default\intermediates\startup\default\startup_config.json' does not exist.
[2026-09-19T15:25:16.666] [DEBUG] debug-file - Incremental task entry:default@ProcessStartupConfig pre-execution cost: 1 ms .
[2026-09-19T15:25:16.666] [DEBUG] debug-file - entry : default@ProcessStartupConfig cost memory 0.11040496826171875
[2026-09-19T15:25:16.667] [DEBUG] debug-file - runTaskFromQueue task cost before running: 142 ms 
[2026-09-19T15:25:16.667] [INFO] debug-file - Finished :entry:default@ProcessStartupConfig... after 1 ms 
[2026-09-19T15:25:16.667] [DEBUG] debug-file - Executing task :entry:default@BuildNativeWithNinja
[2026-09-19T15:25:16.668] [DEBUG] debug-file - entry : default@BuildNativeWithNinja cost memory 0.0221099853515625
[2026-09-19T15:25:16.668] [DEBUG] debug-file - runTaskFromQueue task cost before running: 144 ms 
[2026-09-19T15:25:16.668] [INFO] debug-file - Finished :entry:default@BuildNativeWithNinja... after 1 ms 
[2026-09-19T15:25:16.668] [DEBUG] debug-file - restool module names: entry; moduleName=entry, taskName=default@ProcessResource
[2026-09-19T15:25:16.669] [DEBUG] debug-file - Executing task :entry:default@ProcessResource
[2026-09-19T15:25:16.669] [DEBUG] debug-file - Task 'entry:default@ProcessResource' cost while wrapping incremental declarations: 1 ms 
[2026-09-19T15:25:16.670] [DEBUG] debug-file - Incremental task entry:default@ProcessResource pre-execution cost: 1 ms .
[2026-09-19T15:25:16.670] [DEBUG] debug-file - entry : default@ProcessResource cost memory 0.13173675537109375
[2026-09-19T15:25:16.670] [INFO] debug-file - UP-TO-DATE :entry:default@ProcessResource...  
[2026-09-19T15:25:16.671] [DEBUG] debug-file - Executing task :entry:default@GenerateLoaderJson
[2026-09-19T15:25:16.671] [DEBUG] debug-file - Task 'entry:default@GenerateLoaderJson' cost while wrapping incremental declarations: 1 ms 
[2026-09-19T15:25:16.674] [DEBUG] debug-file - Incremental task entry:default@GenerateLoaderJson pre-execution cost: 2 ms .
[2026-09-19T15:25:16.674] [DEBUG] debug-file - entry : default@GenerateLoaderJson cost memory 0.382293701171875
[2026-09-19T15:25:16.676] [INFO] debug-file - UP-TO-DATE :entry:default@GenerateLoaderJson...  
[2026-09-19T15:25:16.676] [DEBUG] debug-file - Executing task :entry:default@ProcessLibs
[2026-09-19T15:25:16.677] [DEBUG] debug-file - Incremental task entry:default@ProcessLibs pre-execution cost: 1 ms .
[2026-09-19T15:25:16.677] [DEBUG] debug-file - entry : default@ProcessLibs cost memory 0.0938568115234375
[2026-09-19T15:25:16.678] [INFO] debug-file - UP-TO-DATE :entry:default@ProcessLibs...  
[2026-09-19T15:25:16.679] [DEBUG] debug-file - restool module names: entry; moduleName=entry, taskName=default@CompileResource
[2026-09-19T15:25:16.679] [DEBUG] debug-file - Executing task :entry:default@CompileResource
[2026-09-19T15:25:16.682] [DEBUG] debug-file - Incremental task entry:default@CompileResource pre-execution cost: 3 ms .
[2026-09-19T15:25:16.683] [DEBUG] debug-file - entry : default@CompileResource cost memory 0.41339111328125
[2026-09-19T15:25:16.683] [INFO] debug-file - UP-TO-DATE :entry:default@CompileResource...  
[2026-09-19T15:25:16.684] [DEBUG] debug-file - Executing task :entry:default@DoNativeStrip
[2026-09-19T15:25:16.684] [DEBUG] debug-file - Task 'entry:default@DoNativeStrip' cost while wrapping incremental declarations: 1 ms 
[2026-09-19T15:25:16.684] [DEBUG] debug-file - Incremental task entry:default@DoNativeStrip pre-execution cost: 1 ms .
[2026-09-19T15:25:16.684] [DEBUG] debug-file - entry : default@DoNativeStrip cost memory 0.08185577392578125
[2026-09-19T15:25:16.684] [INFO] debug-file - UP-TO-DATE :entry:default@DoNativeStrip...  
[2026-09-19T15:25:16.685] [DEBUG] debug-file - Executing task :entry:default@CompileArkTS
[2026-09-19T15:25:16.685] [DEBUG] debug-file - obfuscationOptions: undefined
[2026-09-19T15:25:16.686] [DEBUG] debug-file - Task 'entry:default@CompileArkTS' cost while wrapping incremental declarations: 1 ms 
[2026-09-19T15:25:16.689] [DEBUG] debug-file - build config:
[2026-09-19T15:25:16.689] [DEBUG] debug-file - {
  moduleType: 'entry',
  perf: 0,
  targetName: '.default',
  packageManagerType: 'ohpm',
  localPropertiesPath: 'E:\\new-chat\\local.properties',
  isPreview: false,
  isOhosTest: false,
  isLocalTest: false,
  buildMode: 'Debug',
  hotReloadBuild: undefined,
  watchMode: 'false',
  aceProfilePath: 'E:\\new-chat\\entry\\build\\default\\intermediates\\res\\default\\resources\\base\\profile',
  etsLoaderPath: 'D:\\DevEco Studio\\sdk\\default\\openharmony\\ets\\build-tools\\ets-loader',
  modulePath: 'E:\\new-chat\\entry',
  testFrameworkPar: {
    testMode: undefined,
    coveragePathFilter: undefined,
    coverageMode: undefined
  },
  needCoverageInsert: false,
  debugLine: false,
  projectTopDir: 'E:\\new-chat',
  compileSdkVersion: 21,
  compatibleSdkVersion: 12,
  originCompatibleSdkVersion: '5.0.0(12)',
  compatibleSdkVersionStage: 'beta1',
  bundleName: 'c***u',
  etsLoaderVersion: '6.0.1.112',
  etsLoaderReleaseType: 'Release',
  aotCompileMode: 'type',
  apPath: 'E:\\new-chat\\entry\\modules.ap',
  entryModuleName: 'entry',
  entryModuleVersion: '1.0.0',
  entryPackageName: 'entry',
  allModuleNameHash: '5f6cff6a45031f958388948153fa1a61639a5749ee168dac9c2a7121553a9561',
  externalApiPaths: [ 'D:\\DevEco Studio\\sdk\\default\\hms\\ets' ],
  compilerTypes: [],
  isCrossplatform: false,
  hvigorPluginFile: undefined,
  compilePluginPath: undefined,
  buildGeneratedProfilePath: 'E:\\new-chat\\entry\\build\\default\\generated\\profile\\default',
  bundleType: 'app',
  arkTSVersion: undefined,
  apiVersion: 21,
  needCompleteSourcesMap: false,
  isFaMode: false,
  buildDir: 'E:\\new-chat\\entry\\build',
  deviceTypes: [ 'phone', 'tablet' ],
  pkgContextInfo: undefined,
  ohPackagePathMap: {},
  dependencyAliasMap: {},
  permission: { requestPermissions: undefined, definePermissions: undefined },
  integratedHsp: false,
  projectArkOption: undefined,
  sourceMapDir: undefined,
  branchElimination: false,
  transformLib: undefined,
  tsImportSendable: false,
  resolveConflictMode: true,
  depName2RootPath: {},
  depName2DepInfo: {},
  rootPathSet: [ 'E:\\new-chat' ],
  useNativeResolver: true,
  shouldEmitJs: true,
  useTscResolve: false,
  singleFileEmit: false,
  userProjectConfig: {
    autoLazyImport: false,
    allowEmptyBundleName: false,
    reExportCheckMode: 'noCheck',
    executionMode: 'memory',
    usePathPlaceholder: false,
    writeRollupCache: true,
    isExpandImportEnabled: false,
    expandImportExclude: '',
    lazyImportExclude: '',
    lazyImportInclude: '',
    ignoreCrossplatformCheck: false,
    isHarDeduplicateEnabled: false,
    enableStrictCheckOHModule: false,
    useDeclarationFileSignature: false,
    isPreloadSoEnabled: false
  },
  skipOhModulesLint: false,
  executionMode: 'memory',
  arkCompileCachePath: 'E:\\new-chat\\entry\\build\\default\\cache\\default\\default@CompileArkTS\\esmodule',
  autoLazyFilter: undefined,
  isHarDeduplicateEnabled: false,
  intermediateHarDuplicateDirPath: 'E:\\new-chat\\entry\\build\\default\\intermediates\\har_duplicate\\default',
  autoLazyImport: false,
  allowEmptyBundleName: false,
  reExportCheckMode: 'noCheck',
  usePathPlaceholder: false,
  writeRollupCache: true,
  isExpandImportEnabled: false,
  expandImportExclude: '',
  lazyImportExclude: '',
  lazyImportInclude: '',
  ignoreCrossplatformCheck: false,
  enableStrictCheckOHModule: false,
  useDeclarationFileSignature: false,
  isPreloadSoEnabled: false,
  strictMode: undefined,
  useNormalizedOHMUrl: false,
  caseSensitiveCheck: false,
  aceModuleJsonPath: 'E:\\new-chat\\entry\\build\\default\\intermediates\\res\\default\\ark_module.json',
  appResource: 'E:\\new-chat\\entry\\build\\default\\intermediates\\res\\default\\ResourceTable.txt',
  rawFileResource: 'E:\\new-chat\\entry\\build\\default\\intermediates\\res\\default\\resources\\rawfile',
  resourceTableHash: '15a61ac8d9e6adf561b61d3e27a374d205464ba7d77ce5a6c1be29eb60539798',
  runtimeOS: 'HarmonyOS',
  sdkInfo: 'false:21:6.0.1.112:Release',
  aceModuleRoot: 'E:\\new-chat\\entry\\src\\main\\ets',
  compileMode: 'esmodule',
  aceSuperVisualPath: 'E:\\new-chat\\entry\\src\\main\\supervisual',
  aceBuildJson: 'E:\\new-chat\\entry\\build\\default\\intermediates\\loader\\default\\loader.json',
  cachePath: 'E:\\new-chat\\entry\\build\\default\\cache\\default\\default@CompileArkTS\\esmodule\\debug',
  aceModuleBuild: 'E:\\new-chat\\entry\\build\\default\\intermediates\\loader_out\\default\\ets',
  supportChunks: true,
  declaredFilesPath: undefined,
  shouldCollectDirectImportees: false,
  isByteCodeHarOptimize: false,
  expandImportPath: undefined,
  pkgNameToPkgBriefInfo: {
    entry: {
      pkgRoot: 'E:\\new-chat\\entry',
      originalSourceRoots: undefined,
      sourceRoots: [Array],
      pkgName: 'entry'
    }
  },
  projectModel: {
    'E:\\new-chat\\entry\\src\\main': {
      moduleName: 'entry',
      modulePkgPath: 'E:\\new-chat\\entry',
      belongProjectPath: 'E:\\new-chat'
    },
    'E:\\new-chat\\entry': {
      moduleName: 'entry',
      modulePkgPath: 'E:\\new-chat\\entry',
      belongProjectPath: 'E:\\new-chat'
    },
    'E:\\new-chat': {
      moduleName: 'new-chat',
      modulePkgPath: 'E:\\new-chat',
      belongProjectPath: 'E:\\new-chat'
    }
  },
  pkgJsonFileHash: 'b4b74d97ab6a3456193a040d87f4a6d26a7a865e3ae2f70750f1752a6647ebd8',
  allModulePaths: [ 'E:\\new-chat\\entry' ],
  routerMap: {},
  obfuscationOptions: undefined,
  byteCodeHarToDependencyKeys: undefined,
  compileBlockPkg: [],
  mockParams: {
    decorator: '@MockSetup',
    packageName: '@ohos/hamock',
    etsSourceRootPath: 'src/main/ets',
    mockConfigPath: undefined,
    mockConfigKey2ModuleInfo: {},
    source2ModuleIdMap: {}
  },
  copyCodeResourceEnable: true,
  copyCodeResourceExcludes: [],
  copyCodeResourceIncludes: undefined,
  uiTransformOptimization: false,
  sdkPath: 'D:/DevEco Studio/sdk',
  needPreloadSoFileSet: {},
  preloadSoFilePath: 'E:\\new-chat\\entry\\build\\default\\intermediates\\preload\\default\\preload.json',
  useSourceHash: false,
  localModuleParamMap: {},
  otherPaths: {
    'entry/*': [
      '..\\*',
      '..\\..\\..\\build\\default\\generated\\profile\\default\\*'
    ]
  },
  collectImportersConfig: undefined
}
[2026-09-19T15:25:16.690] [DEBUG] debug-file - Compile arkts with external api path: D:\DevEco Studio\sdk\default\hms\ets
[2026-09-19T15:25:16.690] [DEBUG] debug-file - default@CompileArkTS work[3] is submitted.
[2026-09-19T15:25:16.690] [DEBUG] debug-file - default@CompileArkTS work[3] is pushed to ready queue.
[2026-09-19T15:25:16.690] [DEBUG] debug-file - A work dispatched to worker[15] failed because unable to get work from ready queue.
[2026-09-19T15:25:16.690] [DEBUG] debug-file - A work dispatched to worker[14] failed because unable to get work from ready queue.
[2026-09-19T15:25:16.690] [DEBUG] debug-file - A work dispatched to worker[13] failed because unable to get work from ready queue.
[2026-09-19T15:25:16.690] [DEBUG] debug-file - A work dispatched to worker[12] failed because unable to get work from ready queue.
[2026-09-19T15:25:16.690] [DEBUG] debug-file - A work dispatched to worker[11] failed because unable to get work from ready queue.
[2026-09-19T15:25:16.690] [DEBUG] debug-file - A work dispatched to worker[10] failed because unable to get work from ready queue.
[2026-09-19T15:25:16.690] [DEBUG] debug-file - A work dispatched to worker[9] failed because unable to get work from ready queue.
[2026-09-19T15:25:16.690] [DEBUG] debug-file - A work dispatched to worker[8] failed because unable to get work from ready queue.
[2026-09-19T15:25:16.690] [DEBUG] debug-file - A work dispatched to worker[7] failed because unable to get work from ready queue.
[2026-09-19T15:25:16.690] [DEBUG] debug-file - A work dispatched to worker[6] failed because unable to get work from ready queue.
[2026-09-19T15:25:16.690] [DEBUG] debug-file - A work dispatched to worker[5] failed because unable to get work from ready queue.
[2026-09-19T15:25:16.690] [DEBUG] debug-file - default@CompileArkTS work[3] has been dispatched to worker[4].
[2026-09-19T15:25:16.690] [DEBUG] debug-file - default@CompileArkTS work[3] is dispatched.
[2026-09-19T15:25:16.691] [DEBUG] debug-file - CopyResources startTime: 734548497238400
[2026-09-19T15:25:16.691] [DEBUG] debug-file - default@CompileArkTS work[4] is submitted.
[2026-09-19T15:25:16.691] [DEBUG] debug-file - default@CompileArkTS work[4] is pushed to ready queue.
[2026-09-19T15:25:16.691] [DEBUG] debug-file - A work dispatched to worker[15] failed because unable to get work from ready queue.
[2026-09-19T15:25:16.691] [DEBUG] debug-file - Create  resident worker with id: 14.
[2026-09-19T15:25:16.692] [DEBUG] debug-file - default@CompileArkTS work[4] has been dispatched to worker[14].
[2026-09-19T15:25:16.692] [DEBUG] debug-file - default@CompileArkTS work[4] is dispatched.
[2026-09-19T15:25:16.692] [DEBUG] debug-file - entry : default@CompileArkTS cost memory -0.6615371704101562
[2026-09-19T15:25:16.693] [DEBUG] debug-file - Executing task :entry:default@BuildJS
[2026-09-19T15:25:16.693] [DEBUG] debug-file - Task 'entry:default@BuildJS' cost while wrapping incremental declarations: 1 ms 
[2026-09-19T15:25:16.694] [DEBUG] debug-file - entry : default@BuildJS cost memory 0.133575439453125
[2026-09-19T15:25:16.694] [DEBUG] debug-file - runTaskFromQueue task cost before running: 170 ms 
[2026-09-19T15:25:16.695] [INFO] debug-file - Finished :entry:default@BuildJS... after 2 ms 
[2026-09-19T15:25:16.695] [DEBUG] debug-file - Executing task :entry:default@CacheNativeLibs
[2026-09-19T15:25:16.695] [DEBUG] debug-file - Task 'entry:default@CacheNativeLibs' cost while wrapping incremental declarations: 1 ms 
[2026-09-19T15:25:16.696] [DEBUG] debug-file - Incremental task entry:default@CacheNativeLibs pre-execution cost: 1 ms .
[2026-09-19T15:25:16.696] [DEBUG] debug-file - entry : default@CacheNativeLibs cost memory 0.098724365234375
[2026-09-19T15:25:16.696] [INFO] debug-file - UP-TO-DATE :entry:default@CacheNativeLibs...  
[2026-09-19T15:25:17.280] [DEBUG] debug-file - Ark compile task finished.finished time is 734549086491700
[2026-09-19T15:25:17.280] [DEBUG] debug-file - worker[4] has one work error.
[2026-09-19T15:25:17.281] [DEBUG] debug-file - default@CompileArkTS work[3] failed.
[2026-09-19T15:25:17.281] [ERROR] debug-file - Failed :entry:default@CompileArkTS... 
[2026-09-19T15:25:17.282] [WARN] debug-file - 
[33m1 WARN: [33m[33mArkTS:WARN: For details about ArkTS syntax errors, see FAQs[39m[39m
[33m2 WARN: [33m[33mArkTS:WARN File: E:/new-chat/entry/src/main/ets/data/VideoRepository.ets:17:24
 Function may throw exceptions. Special handling is required.
[39m[39m
[33m3 WARN: [33m[33mArkTS:WARN File: E:/new-chat/entry/src/main/ets/data/VideoRepository.ets:18:23
 Function may throw exceptions. Special handling is required.
[39m[39m
[33m4 WARN: [33m[33mArkTS:WARN File: E:/new-chat/entry/src/main/ets/data/VideoRepository.ets:29:26
 Function may throw exceptions. Special handling is required.
[39m[39m
[33m5 WARN: [33m[33mArkTS:WARN File: E:/new-chat/entry/src/main/ets/data/VideoRepository.ets:31:11
 Function may throw exceptions. Special handling is required.
[39m[39m
[33m6 WARN: [33m[33mArkTS:WARN File: E:/new-chat/entry/src/main/ets/data/VideoRepository.ets:32:11
 Function may throw exceptions. Special handling is required.
[39m[39m
[2026-09-19T15:25:17.282] [DEBUG] debug-file - hvigor build process will be closed with an error.
[2026-09-19T15:25:17.282] [DEBUG] debug-file - ERROR: stacktrace = Error: ArkTS Compiler Error
[31m1 ERROR: [31m10605999 ArkTS Compiler Error
Error Message: Argument of type 'Context | undefined' is not assignable to parameter of type 'Context'.
  Type 'undefined' is not assignable to type 'Context'. At File: E:/new-chat/entry/src/main/ets/pages/Index.ets:25:43
[39m
[39m
[31m2 ERROR: [31m10505001 ArkTS Compiler Error
Error Message: Type 'string' is not assignable to type 'CustomBuilder | SheetTitleOptions'. At File: E:/new-chat/entry/src/main/ets/pages/Index.ets:167:87
[39m
[39m
[31m3 ERROR: [31m10505001 ArkTS Compiler Error
Error Message: Argument of type '{ placeholder: string; text: string; type: InputType; }' is not assignable to parameter of type 'TextInputOptions'.
  Object literal may only specify known properties, and 'type' does not exist in type 'TextInputOptions'. At File: E:/new-chat/entry/src/main/ets/pages/Index.ets:178:68
[39m
[39m
[31m4 ERROR: [31m10505001 ArkTS Compiler Error
Error Message: Argument of type '{ placeholder: string; text: string; type: InputType; }' is not assignable to parameter of type 'TextInputOptions'.
  Object literal may only specify known properties, and 'type' does not exist in type 'TextInputOptions'. At File: E:/new-chat/entry/src/main/ets/pages/Index.ets:179:73
[39m
[39m
[31m5 ERROR: [31m10905223 ArkTS Compiler Error
Error Message: When the component 'Toggle' set 'type' as 'Switch', it can't have any child. At File: E:/new-chat/entry/src/main/ets/pages/Index.ets:187:9
[39m
[39m
[31mCOMPILE RESULT:FAIL {ERROR:6 WARN:6}[39m
    at runArkPack (D:\DevEco Studio\tools\hvigor\hvigor-ohos-plugin\node_modules\@ohos\hvigor-arkts-compose\dist\src\arkts-pack.js:1:5721)
ArkTSCompilerError: ArkTS Compiler Error
    at throwArkTsCompilerError (D:\DevEco Studio\tools\hvigor\hvigor-ohos-plugin\node_modules\@ohos\hvigor-arkts-compose\dist\src\data\compose-error.js:1:423)
    at throwErrorIfHasErrorInfo (D:\DevEco Studio\tools\hvigor\hvigor-ohos-plugin\node_modules\@ohos\hvigor-arkts-compose\dist\src\plugins\common-plugin.js:1:4478)
    at Object.handler (D:\DevEco Studio\tools\hvigor\hvigor-ohos-plugin\node_modules\@ohos\hvigor-arkts-compose\dist\src\plugins\common-plugin.js:1:2547)
    at D:\DevEco Studio\tools\hvigor\hvigor-ohos-plugin\node_modules\@ohos\hvigor-arkts-base\node_modules\rollup\dist\shared\rollup.js:27765:40
[2026-09-19T15:25:17.282] [ERROR] debug-file - Error: ArkTS Compiler Error
[31m1 ERROR: [31m10605999 ArkTS Compiler Error
Error Message: Argument of type 'Context | undefined' is not assignable to parameter of type 'Context'.
  Type 'undefined' is not assignable to type 'Context'. At File: E:/new-chat/entry/src/main/ets/pages/Index.ets:25:43
[39m
[39m
[31m2 ERROR: [31m10505001 ArkTS Compiler Error
Error Message: Type 'string' is not assignable to type 'CustomBuilder | SheetTitleOptions'. At File: E:/new-chat/entry/src/main/ets/pages/Index.ets:167:87
[39m
[39m
[31m3 ERROR: [31m10505001 ArkTS Compiler Error
Error Message: Argument of type '{ placeholder: string; text: string; type: InputType; }' is not assignable to parameter of type 'TextInputOptions'.
  Object literal may only specify known properties, and 'type' does not exist in type 'TextInputOptions'. At File: E:/new-chat/entry/src/main/ets/pages/Index.ets:178:68
[39m
[39m
[31m4 ERROR: [31m10505001 ArkTS Compiler Error
Error Message: Argument of type '{ placeholder: string; text: string; type: InputType; }' is not assignable to parameter of type 'TextInputOptions'.
  Object literal may only specify known properties, and 'type' does not exist in type 'TextInputOptions'. At File: E:/new-chat/entry/src/main/ets/pages/Index.ets:179:73
[39m
[39m
[31m5 ERROR: [31m10905223 ArkTS Compiler Error
Error Message: When the component 'Toggle' set 'type' as 'Switch', it can't have any child. At File: E:/new-chat/entry/src/main/ets/pages/Index.ets:187:9
[39m
[39m
[31mCOMPILE RESULT:FAIL {ERROR:6 WARN:6}[39m
    at runArkPack (D:\DevEco Studio\tools\hvigor\hvigor-ohos-plugin\node_modules\@ohos\hvigor-arkts-compose\dist\src\arkts-pack.js:1:5721)
ArkTSCompilerError: ArkTS Compiler Error
    at throwArkTsCompilerError (D:\DevEco Studio\tools\hvigor\hvigor-ohos-plugin\node_modules\@ohos\hvigor-arkts-compose\dist\src\data\compose-error.js:1:423)
    at throwErrorIfHasErrorInfo (D:\DevEco Studio\tools\hvigor\hvigor-ohos-plugin\node_modules\@ohos\hvigor-arkts-compose\dist\src\plugins\common-plugin.js:1:4478)
    at Object.handler (D:\DevEco Studio\tools\hvigor\hvigor-ohos-plugin\node_modules\@ohos\hvigor-arkts-compose\dist\src\plugins\common-plugin.js:1:2547)
    at D:\DevEco Studio\tools\hvigor\hvigor-ohos-plugin\node_modules\@ohos\hvigor-arkts-base\node_modules\rollup\dist\shared\rollup.js:27765:40
[2026-09-19T15:25:17.291] [ERROR] debug-file - BUILD FAILED in 766 ms 
[2026-09-19T15:25:17.291] [DEBUG] debug-file - There is no need to refresh cache, since the incremental task entry:default@PreBuild is up-to-date.
[2026-09-19T15:25:17.291] [DEBUG] debug-file - Update task entry:default@CreateModuleInfo output file:E:\new-chat\entry\build\default\generated\profile\default\ModuleInfo.ts cache.
[2026-09-19T15:25:17.291] [DEBUG] debug-file - Incremental task entry:default@CreateModuleInfo post-execution cost:1 ms .
[2026-09-19T15:25:17.291] [DEBUG] debug-file - There is no need to refresh cache, since the incremental task entry:default@GenerateMetadata is up-to-date.
[2026-09-19T15:25:17.291] [DEBUG] debug-file - There is no need to refresh cache, since the incremental task entry:default@MergeProfile is up-to-date.
[2026-09-19T15:25:17.291] [DEBUG] debug-file - There is no need to refresh cache, since the incremental task entry:default@CreateBuildProfile is up-to-date.
[2026-09-19T15:25:17.291] [DEBUG] debug-file - Update task entry:default@GeneratePkgContextInfo output file:E:\new-chat\entry\build\default\intermediates\loader\default\pkgContextInfo.json cache.
[2026-09-19T15:25:17.291] [DEBUG] debug-file - Incremental task entry:default@GeneratePkgContextInfo post-execution cost:1 ms .
[2026-09-19T15:25:17.291] [DEBUG] debug-file - Update task entry:default@ProcessIntegratedHsp output file:E:\new-chat\build\cache\default\integrated_hsp\integratedHspCache.json cache.
[2026-09-19T15:25:17.291] [DEBUG] debug-file - Incremental task entry:default@ProcessIntegratedHsp post-execution cost:1 ms .
[2026-09-19T15:25:17.291] [DEBUG] debug-file - There is no need to refresh cache, since the incremental task entry:default@MakePackInfo is up-to-date.
[2026-09-19T15:25:17.291] [DEBUG] debug-file - Update task entry:default@SyscapTransform input file:D:\DevEco Studio\sdk\default\openharmony\toolchains\syscap_tool.exe cache by regenerate.
[2026-09-19T15:25:17.292] [DEBUG] debug-file - Update task entry:default@SyscapTransform input file:D:\DevEco Studio\sdk\default\openharmony\ets\api\device-define cache by regenerate.
[2026-09-19T15:25:17.292] [DEBUG] debug-file - Update task entry:default@SyscapTransform output file:E:\new-chat\entry\build\default\intermediates\syscap\default\rpcid.sc cache.
[2026-09-19T15:25:17.292] [DEBUG] debug-file - Incremental task entry:default@SyscapTransform post-execution cost:1 ms .
[2026-09-19T15:25:17.292] [DEBUG] debug-file - There is no need to refresh cache, since the incremental task entry:default@ProcessProfile is up-to-date.
[2026-09-19T15:25:17.292] [DEBUG] debug-file - There is no need to refresh cache, since the incremental task entry:default@ProcessRouterMap is up-to-date.
[2026-09-19T15:25:17.293] [DEBUG] debug-file - There is no need to refresh cache, since the incremental task entry:default@ProcessShareConfig is up-to-date.
[2026-09-19T15:25:17.293] [DEBUG] debug-file - Update task entry:default@ProcessStartupConfig output file:E:\new-chat\entry\build\default\intermediates\startup\default\startup_config.json cache.
[2026-09-19T15:25:17.293] [DEBUG] debug-file - Incremental task entry:default@ProcessStartupConfig post-execution cost:1 ms .
[2026-09-19T15:25:17.293] [DEBUG] debug-file - There is no need to refresh cache, since the incremental task entry:default@ProcessResource is up-to-date.
[2026-09-19T15:25:17.293] [DEBUG] debug-file - There is no need to refresh cache, since the incremental task entry:default@GenerateLoaderJson is up-to-date.
[2026-09-19T15:25:17.293] [DEBUG] debug-file - There is no need to refresh cache, since the incremental task entry:default@ProcessLibs is up-to-date.
[2026-09-19T15:25:17.293] [DEBUG] debug-file - There is no need to refresh cache, since the incremental task entry:default@CompileResource is up-to-date.
[2026-09-19T15:25:17.293] [DEBUG] debug-file - There is no need to refresh cache, since the incremental task entry:default@DoNativeStrip is up-to-date.
[2026-09-19T15:25:17.293] [DEBUG] debug-file - Update task entry:default@CompileArkTS input file:E:\new-chat\entry\build\default\intermediates\loader\default cache by regenerate.
[2026-09-19T15:25:17.294] [DEBUG] debug-file - Update task entry:default@CompileArkTS input file:E:\new-chat\entry\build\default\intermediates\res\default\ResourceTable.txt cache by regenerate.
[2026-09-19T15:25:17.294] [DEBUG] debug-file - Update task entry:default@CompileArkTS input file:E:\new-chat\entry\build\default\intermediates\res\default\ark_module.json cache by regenerate.
[2026-09-19T15:25:17.294] [DEBUG] debug-file - Update task entry:default@CompileArkTS input file:E:\new-chat\entry\build\default\intermediates\res\default\resources\base\profile cache by regenerate.
[2026-09-19T15:25:17.294] [DEBUG] debug-file - Update task entry:default@CompileArkTS input file:E:\new-chat\entry\src\main\ets cache by regenerate.
[2026-09-19T15:25:17.294] [DEBUG] debug-file - Update task entry:default@CompileArkTS input file:E:\new-chat\entry\build\default\generated\profile\default\BuildProfile.ets cache by regenerate.
[2026-09-19T15:25:17.295] [DEBUG] debug-file - Update task entry:default@CompileArkTS output file:E:\new-chat\entry\build\default\intermediates\loader_out\default\ets cache.
[2026-09-19T15:25:17.295] [DEBUG] debug-file - Incremental task entry:default@CompileArkTS post-execution cost:2 ms .
[2026-09-19T15:25:17.295] [DEBUG] debug-file - Update task entry:default@BuildJS input file:E:\new-chat\entry\build\default\intermediates\loader\default cache by regenerate.
[2026-09-19T15:25:17.295] [DEBUG] debug-file - Update task entry:default@BuildJS input file:E:\new-chat\entry\build\default\intermediates\res\default\ResourceTable.txt cache by regenerate.
[2026-09-19T15:25:17.295] [DEBUG] debug-file - Update task entry:default@BuildJS input file:E:\new-chat\entry\build\default\intermediates\res\default\ark_module.json cache by regenerate.
[2026-09-19T15:25:17.295] [DEBUG] debug-file - Update task entry:default@BuildJS input file:E:\new-chat\entry\build\default\intermediates\res\default\resources\base\profile cache by regenerate.
[2026-09-19T15:25:17.296] [DEBUG] debug-file - Update task entry:default@BuildJS output file:E:\new-chat\entry\build\default\intermediates\loader_out\default\js cache.
[2026-09-19T15:25:17.296] [DEBUG] debug-file - Incremental task entry:default@BuildJS post-execution cost:2 ms .
[2026-09-19T15:25:17.296] [DEBUG] debug-file - There is no need to refresh cache, since the incremental task entry:default@CacheNativeLibs is up-to-date.
[2026-09-19T15:25:17.309] [DEBUG] debug-file - Cleanup worker 14.
[2026-09-19T15:25:17.309] [DEBUG] debug-file - Worker 14 has been cleaned up.
[2026-09-19T15:25:17.309] [DEBUG] debug-file - Current idle worker size: 1.
[2026-09-19T15:25:17.309] [DEBUG] debug-file - Current resident worker size: 2.
[2026-09-19T15:25:17.309] [DEBUG] debug-file - hvigor build process will be closed.
[2026-09-19T15:25:17.320] [DEBUG] debug-file - session manager: send message to worker process.
[2026-09-19T15:25:17.320] [DEBUG] debug-file - session manager: send message to worker process.
[2026-09-19T15:25:17.319] [DEBUG] debug-file - watch worker: worker id should be larger than 0. Nothing will be sent to any worker thread.
[2026-09-19T15:25:17.320] [DEBUG] debug-file - watch worker: worker id should be larger than 0. Nothing will be sent to any worker thread.
[2026-09-19T15:25:17.320] [DEBUG] debug-file - worker[14] exits with exit code 1.
[2026-09-19T15:26:53.399] [DEBUG] debug-file - session manager: set active socket. socketId=mx32MNij2kJy9M2CAAAH
[2026-09-19T15:26:53.412] [DEBUG] debug-file - watch worker: worker id should be larger than 0. Nothing will be sent to any worker thread.
[2026-09-19T15:26:53.416] [DEBUG] debug-file - Hvigor init with startParameters:{
  hvigorfileTypeCheck: false,
  parallelExecution: true,
  incrementalExecution: true,
  printStackTrace: false,
  daemon: true,
  analyze: 0,
  logLevel: Level { level: 20000, levelStr: 'INFO', colour: 'green' },
  optimizationStrategy: 'memory',
  hotCompile: undefined,
  hotReloadBuild: undefined
}
[2026-09-19T15:26:53.418] [DEBUG] debug-file - Cache service initialization finished in 2 ms 
[2026-09-19T15:26:53.419] [DEBUG] debug-file - hvigorfile, resolving E:\new-chat\hvigorfile.ts
[2026-09-19T15:26:53.423] [DEBUG] debug-file - hvigorfile, require result:  { default: { plugins: [] } }
[2026-09-19T15:26:53.423] [DEBUG] debug-file - hvigorfile, binding system plugins null
[2026-09-19T15:26:53.426] [DEBUG] debug-file - Start initialize project's product build option map with build mode debug.
[2026-09-19T15:26:53.426] [DEBUG] debug-file - Picking option from product 'default' with build mode 'debug'.
[2026-09-19T15:26:53.426] [DEBUG] debug-file - Product 'default' build option initialized
[2026-09-19T15:26:53.426] [DEBUG] debug-file - End initialize project's product build option map with build mode 'debug'.
[2026-09-19T15:26:53.427] [DEBUG] debug-file - Obtain build option for product 'default'in this build.
[2026-09-19T15:26:53.428] [DEBUG] debug-file - No signingConfig found, initRemoteHspCache failed.
[2026-09-19T15:26:53.429] [DEBUG] debug-file - Start recording SDK configuration permission data.
[2026-09-19T15:26:53.453] [DEBUG] debug-file - Sdk init in 25 ms 
[2026-09-19T15:26:53.455] [DEBUG] debug-file - Project task initialization takes 2 ms 
[2026-09-19T15:26:53.455] [DEBUG] debug-file - hvigorfile, binding custom plugins []
[2026-09-19T15:26:53.455] [DEBUG] debug-file - hvigorfile, no custom plugins were found in E:\new-chat\hvigorfile.ts
[2026-09-19T15:26:53.455] [DEBUG] debug-file - hvigorfile, resolve finished E:\new-chat\hvigorfile.ts
[2026-09-19T15:26:53.455] [DEBUG] debug-file - hvigorfile, resolving E:\new-chat\entry\hvigorfile.ts
[2026-09-19T15:26:53.458] [DEBUG] debug-file - hvigorfile, require result:  { default: { plugins: [] } }
[2026-09-19T15:26:53.458] [DEBUG] debug-file - hvigorfile, binding system plugins null
[2026-09-19T15:26:53.458] [DEBUG] debug-file - failed to load cangjie to dynamically generate schemas: Error: Cannot find module '@ohos/cangjie-build-support/index'
Require stack:
- D:\DevEco Studio\tools\hvigor\hvigor-ohos-plugin\src\plugin\factory\plugin-factory.js
- D:\DevEco Studio\tools\hvigor\hvigor-ohos-plugin\index.js
- E:\new-chat\hvigorfile.ts
- D:\DevEco Studio\tools\hvigor\hvigor\src\base\internal\lifecycle\configuration.js
- D:\DevEco Studio\tools\hvigor\hvigor\src\base\boot\index.js
- D:\DevEco Studio\tools\hvigor\hvigor\src\base\daemon\cluster\worker-process-lifecycle.js
- D:\DevEco Studio\tools\hvigor\hvigor\src\base\daemon\process\daemon-process-boot-script.js
[2026-09-19T15:26:53.460] [DEBUG] debug-file - Start initialize module-target build option map, moduleName=entry, buildMode=debug
[2026-09-19T15:26:53.460] [DEBUG] debug-file - Target 'default' config initialized
[2026-09-19T15:26:53.460] [DEBUG] debug-file - Module 'entry' target 'default' build option initialized
[2026-09-19T15:26:53.460] [DEBUG] debug-file - End initialize module-target build option map, moduleName=entry
[2026-09-19T15:26:53.460] [DEBUG] debug-file - Start initialize module-target build option map, moduleName=entry, buildMode=release
[2026-09-19T15:26:53.460] [DEBUG] debug-file - Target 'default' config initialized
[2026-09-19T15:26:53.460] [DEBUG] debug-file - Module 'entry' target 'default' build option initialized
[2026-09-19T15:26:53.460] [DEBUG] debug-file - End initialize module-target build option map, moduleName=entry
[2026-09-19T15:26:53.461] [DEBUG] debug-file - Start initialize module-target build option map, moduleName=entry, buildMode=debug
[2026-09-19T15:26:53.461] [DEBUG] debug-file - Target 'default' config initialized
[2026-09-19T15:26:53.461] [DEBUG] debug-file - Module 'entry' target 'default' build option initialized
[2026-09-19T15:26:53.461] [DEBUG] debug-file - End initialize module-target build option map, moduleName=entry
[2026-09-19T15:26:53.461] [DEBUG] debug-file - Obtain build option for module 'entry' target 'default'in this build.
[2026-09-19T15:26:53.462] [DEBUG] debug-file - Module entry task initialization takes 1 ms 
[2026-09-19T15:26:53.462] [DEBUG] debug-file - hvigorfile, binding custom plugins []
[2026-09-19T15:26:53.462] [DEBUG] debug-file - hvigorfile, no custom plugins were found in E:\new-chat\entry\hvigorfile.ts
[2026-09-19T15:26:53.462] [DEBUG] debug-file - hvigorfile, resolve finished E:\new-chat\entry\hvigorfile.ts
[2026-09-19T15:26:53.475] [DEBUG] debug-file - hvigorfile, resolve hvigorfile dependencies in 13 ms 
[2026-09-19T15:26:53.475] [DEBUG] debug-file - project has submodules:entry
[2026-09-19T15:26:53.476] [DEBUG] debug-file - start to load updatedOhPackageInfo to the disk
[2026-09-19T15:26:53.479] [DEBUG] debug-file - load to the disk finished
[2026-09-19T15:26:53.480] [DEBUG] debug-file - Start to initialize dependency information.
[2026-09-19T15:26:53.480] [DEBUG] debug-file - Module new-chat Collected Dependency: 
[2026-09-19T15:26:53.480] [DEBUG] debug-file - Module new-chat's total dependency: 0
[2026-09-19T15:26:53.481] [DEBUG] debug-file - Start to initialize dependency information.
[2026-09-19T15:26:53.482] [DEBUG] debug-file - Module entry Collected Dependency: 
[2026-09-19T15:26:53.482] [DEBUG] debug-file - Module entry's total dependency: 0
[2026-09-19T15:26:53.483] [DEBUG] debug-file - Configuration phase cost:65 ms 
[2026-09-19T15:26:53.484] [DEBUG] debug-file - Configuration task cost before running: 71 ms 
[2026-09-19T15:26:53.485] [DEBUG] debug-file - Executing task :entry:init
[2026-09-19T15:26:53.485] [DEBUG] debug-file - entry : init cost memory 0.02223968505859375
[2026-09-19T15:26:53.485] [DEBUG] debug-file - runTaskFromQueue task cost before running: 71 ms 
[2026-09-19T15:26:53.485] [INFO] debug-file - Finished :entry:init... after 1 ms 
[2026-09-19T15:26:53.485] [DEBUG] debug-file - Executing task ::init
[2026-09-19T15:26:53.486] [DEBUG] debug-file - new-chat : init cost memory 0.01441192626953125
[2026-09-19T15:26:53.486] [DEBUG] debug-file - runTaskFromQueue task cost before running: 72 ms 
[2026-09-19T15:26:53.486] [INFO] debug-file - Finished ::init... after 1 ms 
[2026-09-19T15:26:53.493] [DEBUG] debug-file - Obtain build option for module 'entry' target 'default'in this build.
[2026-09-19T15:26:53.495] [DEBUG] debug-file - hvigor build process will be closed.
[2026-09-19T15:26:53.501] [DEBUG] debug-file - session manager: send message to worker process.
[2026-09-19T15:26:53.501] [DEBUG] debug-file - session manager: send message to worker process.
[2026-09-19T15:26:53.502] [DEBUG] debug-file - watch worker: worker id should be larger than 0. Nothing will be sent to any worker thread.
[2026-09-19T15:26:53.502] [DEBUG] debug-file - watch worker: worker id should be larger than 0. Nothing will be sent to any worker thread.
[2026-09-19T15:27:47.095] [DEBUG] debug-file - session manager: set active socket. socketId=4Zbj-Wb3l1oRc6VxAAAJ
[2026-09-19T15:27:47.107] [DEBUG] debug-file - watch worker: worker id should be larger than 0. Nothing will be sent to any worker thread.
[2026-09-19T15:27:47.110] [DEBUG] debug-file - Hvigor init with startParameters:{
  hvigorfileTypeCheck: false,
  parallelExecution: true,
  incrementalExecution: true,
  printStackTrace: false,
  daemon: true,
  analyze: 0,
  logLevel: Level { level: 20000, levelStr: 'INFO', colour: 'green' },
  optimizationStrategy: 'memory',
  hotCompile: undefined,
  hotReloadBuild: undefined
}
[2026-09-19T15:27:47.112] [DEBUG] debug-file - Cache service initialization finished in 2 ms 
[2026-09-19T15:27:47.113] [DEBUG] debug-file - hvigorfile, resolving E:\new-chat\hvigorfile.ts
[2026-09-19T15:27:47.120] [DEBUG] debug-file - hvigorfile, require result:  { default: { plugins: [] } }
[2026-09-19T15:27:47.120] [DEBUG] debug-file - hvigorfile, binding system plugins null
[2026-09-19T15:27:47.126] [DEBUG] debug-file - Start initialize project's product build option map with build mode debug.
[2026-09-19T15:27:47.126] [DEBUG] debug-file - Picking option from product 'default' with build mode 'debug'.
[2026-09-19T15:27:47.126] [DEBUG] debug-file - Product 'default' build option initialized
[2026-09-19T15:27:47.126] [DEBUG] debug-file - End initialize project's product build option map with build mode 'debug'.
[2026-09-19T15:27:47.127] [DEBUG] debug-file - Obtain build option for product 'default'in this build.
[2026-09-19T15:27:47.128] [DEBUG] debug-file - No signingConfig found, initRemoteHspCache failed.
[2026-09-19T15:27:47.129] [DEBUG] debug-file - Start recording SDK configuration permission data.
[2026-09-19T15:27:47.150] [DEBUG] debug-file - Sdk init in 23 ms 
[2026-09-19T15:27:47.152] [DEBUG] debug-file - Project task initialization takes 2 ms 
[2026-09-19T15:27:47.152] [DEBUG] debug-file - hvigorfile, binding custom plugins []
[2026-09-19T15:27:47.152] [DEBUG] debug-file - hvigorfile, no custom plugins were found in E:\new-chat\hvigorfile.ts
[2026-09-19T15:27:47.152] [DEBUG] debug-file - hvigorfile, resolve finished E:\new-chat\hvigorfile.ts
[2026-09-19T15:27:47.153] [DEBUG] debug-file - hvigorfile, resolving E:\new-chat\entry\hvigorfile.ts
[2026-09-19T15:27:47.156] [DEBUG] debug-file - hvigorfile, require result:  { default: { plugins: [] } }
[2026-09-19T15:27:47.156] [DEBUG] debug-file - hvigorfile, binding system plugins null
[2026-09-19T15:27:47.156] [DEBUG] debug-file - failed to load cangjie to dynamically generate schemas: Error: Cannot find module '@ohos/cangjie-build-support/index'
Require stack:
- D:\DevEco Studio\tools\hvigor\hvigor-ohos-plugin\src\plugin\factory\plugin-factory.js
- D:\DevEco Studio\tools\hvigor\hvigor-ohos-plugin\index.js
- E:\new-chat\hvigorfile.ts
- D:\DevEco Studio\tools\hvigor\hvigor\src\base\internal\lifecycle\configuration.js
- D:\DevEco Studio\tools\hvigor\hvigor\src\base\boot\index.js
- D:\DevEco Studio\tools\hvigor\hvigor\src\base\daemon\cluster\worker-process-lifecycle.js
- D:\DevEco Studio\tools\hvigor\hvigor\src\base\daemon\process\daemon-process-boot-script.js
[2026-09-19T15:27:47.158] [DEBUG] debug-file - Start initialize module-target build option map, moduleName=entry, buildMode=debug
[2026-09-19T15:27:47.158] [DEBUG] debug-file - Target 'default' config initialized
[2026-09-19T15:27:47.158] [DEBUG] debug-file - Module 'entry' target 'default' build option initialized
[2026-09-19T15:27:47.158] [DEBUG] debug-file - End initialize module-target build option map, moduleName=entry
[2026-09-19T15:27:47.158] [DEBUG] debug-file - Start initialize module-target build option map, moduleName=entry, buildMode=release
[2026-09-19T15:27:47.158] [DEBUG] debug-file - Target 'default' config initialized
[2026-09-19T15:27:47.158] [DEBUG] debug-file - Module 'entry' target 'default' build option initialized
[2026-09-19T15:27:47.158] [DEBUG] debug-file - End initialize module-target build option map, moduleName=entry
[2026-09-19T15:27:47.158] [DEBUG] debug-file - Start initialize module-target build option map, moduleName=entry, buildMode=debug
[2026-09-19T15:27:47.158] [DEBUG] debug-file - Target 'default' config initialized
[2026-09-19T15:27:47.158] [DEBUG] debug-file - Module 'entry' target 'default' build option initialized
[2026-09-19T15:27:47.158] [DEBUG] debug-file - End initialize module-target build option map, moduleName=entry
[2026-09-19T15:27:47.158] [DEBUG] debug-file - Obtain build option for module 'entry' target 'default'in this build.
[2026-09-19T15:27:47.159] [DEBUG] debug-file - Module entry task initialization takes 1 ms 
[2026-09-19T15:27:47.159] [DEBUG] debug-file - hvigorfile, binding custom plugins []
[2026-09-19T15:27:47.159] [DEBUG] debug-file - hvigorfile, no custom plugins were found in E:\new-chat\entry\hvigorfile.ts
[2026-09-19T15:27:47.159] [DEBUG] debug-file - hvigorfile, resolve finished E:\new-chat\entry\hvigorfile.ts
[2026-09-19T15:27:47.174] [DEBUG] debug-file - hvigorfile, resolve hvigorfile dependencies in 14 ms 
[2026-09-19T15:27:47.174] [DEBUG] debug-file - project has submodules:entry
[2026-09-19T15:27:47.174] [DEBUG] debug-file - start to load updatedOhPackageInfo to the disk
[2026-09-19T15:27:47.176] [DEBUG] debug-file - load to the disk finished
[2026-09-19T15:27:47.177] [DEBUG] debug-file - Start to initialize dependency information.
[2026-09-19T15:27:47.177] [DEBUG] debug-file - Module new-chat Collected Dependency: 
[2026-09-19T15:27:47.177] [DEBUG] debug-file - Module new-chat's total dependency: 0
[2026-09-19T15:27:47.178] [DEBUG] debug-file - Start to initialize dependency information.
[2026-09-19T15:27:47.178] [DEBUG] debug-file - Module entry Collected Dependency: 
[2026-09-19T15:27:47.178] [DEBUG] debug-file - Module entry's total dependency: 0
[2026-09-19T15:27:47.179] [DEBUG] debug-file - Configuration phase cost:67 ms 
[2026-09-19T15:27:47.180] [DEBUG] debug-file - Configuration task cost before running: 71 ms 
[2026-09-19T15:27:47.181] [DEBUG] debug-file - Executing task :entry:default@PreBuild
[2026-09-19T15:27:47.182] [DEBUG] debug-file - Task 'entry:default@PreBuild' cost while wrapping incremental declarations: 1 ms 
[2026-09-19T15:27:47.185] [DEBUG] debug-file - Incremental task entry:default@PreBuild pre-execution cost: 3 ms .
[2026-09-19T15:27:47.185] [DEBUG] debug-file - entry : default@PreBuild cost memory 0.263641357421875
[2026-09-19T15:27:47.186] [INFO] debug-file - UP-TO-DATE :entry:default@PreBuild...  
[2026-09-19T15:27:47.186] [DEBUG] debug-file - Executing task :entry:default@CreateModuleInfo
[2026-09-19T15:27:47.186] [DEBUG] debug-file - Task 'entry:default@CreateModuleInfo' cost while wrapping incremental declarations: 1 ms 
[2026-09-19T15:27:47.187] [DEBUG] debug-file - entry : default@CreateModuleInfo cost memory 0.0412445068359375
[2026-09-19T15:27:47.187] [DEBUG] debug-file - runTaskFromQueue task cost before running: 78 ms 
[2026-09-19T15:27:47.187] [INFO] debug-file - Finished :entry:default@CreateModuleInfo... after 1 ms 
[2026-09-19T15:27:47.187] [DEBUG] debug-file - Executing task :entry:default@GenerateMetadata
[2026-09-19T15:27:47.188] [DEBUG] debug-file - Task 'entry:default@GenerateMetadata' cost while wrapping incremental declarations: 1 ms 
[2026-09-19T15:27:47.188] [DEBUG] debug-file - Incremental task entry:default@GenerateMetadata pre-execution cost: 1 ms .
[2026-09-19T15:27:47.188] [DEBUG] debug-file - entry : default@GenerateMetadata cost memory 0.08936309814453125
[2026-09-19T15:27:47.188] [INFO] debug-file - UP-TO-DATE :entry:default@GenerateMetadata...  
[2026-09-19T15:27:47.189] [DEBUG] debug-file - Executing task :entry:default@ConfigureCmake
[2026-09-19T15:27:47.189] [DEBUG] debug-file - entry : default@ConfigureCmake cost memory 0.01617431640625
[2026-09-19T15:27:47.189] [DEBUG] debug-file - runTaskFromQueue task cost before running: 81 ms 
[2026-09-19T15:27:47.189] [INFO] debug-file - Finished :entry:default@ConfigureCmake... after 1 ms 
[2026-09-19T15:27:47.190] [DEBUG] debug-file - Executing task :entry:default@MergeProfile
[2026-09-19T15:27:47.190] [DEBUG] debug-file - Task 'entry:default@MergeProfile' cost while wrapping incremental declarations: 1 ms 
[2026-09-19T15:27:47.191] [DEBUG] debug-file - Incremental task entry:default@MergeProfile pre-execution cost: 1 ms .
[2026-09-19T15:27:47.191] [DEBUG] debug-file - entry : default@MergeProfile cost memory 0.12372589111328125
[2026-09-19T15:27:47.191] [INFO] debug-file - UP-TO-DATE :entry:default@MergeProfile...  
[2026-09-19T15:27:47.192] [DEBUG] debug-file - Executing task :entry:default@CreateBuildProfile
[2026-09-19T15:27:47.192] [DEBUG] debug-file - Task 'entry:default@CreateBuildProfile' cost while wrapping incremental declarations: 1 ms 
[2026-09-19T15:27:47.192] [DEBUG] debug-file - Incremental task entry:default@CreateBuildProfile pre-execution cost: 1 ms .
[2026-09-19T15:27:47.192] [DEBUG] debug-file - entry : default@CreateBuildProfile cost memory 0.09471893310546875
[2026-09-19T15:27:47.192] [INFO] debug-file - UP-TO-DATE :entry:default@CreateBuildProfile...  
[2026-09-19T15:27:47.193] [DEBUG] debug-file - Executing task :entry:default@PreCheckSyscap
[2026-09-19T15:27:47.193] [DEBUG] debug-file - entry : default@PreCheckSyscap cost memory 0.01639556884765625
[2026-09-19T15:27:47.193] [DEBUG] debug-file - runTaskFromQueue task cost before running: 85 ms 
[2026-09-19T15:27:47.193] [INFO] debug-file - Finished :entry:default@PreCheckSyscap... after 1 ms 
[2026-09-19T15:27:47.194] [DEBUG] debug-file - Executing task :entry:default@GeneratePkgContextInfo
[2026-09-19T15:27:47.195] [DEBUG] debug-file - Task 'entry:default@GeneratePkgContextInfo' cost while wrapping incremental declarations: 1 ms 
[2026-09-19T15:27:47.195] [DEBUG] debug-file - entry : default@GeneratePkgContextInfo cost memory 0.1444854736328125
[2026-09-19T15:27:47.195] [DEBUG] debug-file - runTaskFromQueue task cost before running: 87 ms 
[2026-09-19T15:27:47.195] [INFO] debug-file - Finished :entry:default@GeneratePkgContextInfo... after 2 ms 
[2026-09-19T15:27:47.196] [DEBUG] debug-file - Executing task :entry:default@ProcessIntegratedHsp
[2026-09-19T15:27:47.196] [DEBUG] debug-file - entry:default@ProcessIntegratedHsp is not up-to-date, since the output file 'E:\new-chat\build\cache\default\integrated_hsp\integratedHspCache.json' does not exist.
[2026-09-19T15:27:47.196] [DEBUG] debug-file - Incremental task entry:default@ProcessIntegratedHsp pre-execution cost: 1 ms .
[2026-09-19T15:27:47.196] [DEBUG] debug-file - entry : default@ProcessIntegratedHsp cost memory 0.05896759033203125
[2026-09-19T15:27:47.196] [DEBUG] debug-file - runTaskFromQueue task cost before running: 88 ms 
[2026-09-19T15:27:47.197] [INFO] debug-file - Finished :entry:default@ProcessIntegratedHsp... after 1 ms 
[2026-09-19T15:27:47.197] [DEBUG] debug-file - Executing task :entry:default@BuildNativeWithCmake
[2026-09-19T15:27:47.197] [DEBUG] debug-file - entry : default@BuildNativeWithCmake cost memory 0.01721954345703125
[2026-09-19T15:27:47.197] [DEBUG] debug-file - runTaskFromQueue task cost before running: 89 ms 
[2026-09-19T15:27:47.197] [INFO] debug-file - Finished :entry:default@BuildNativeWithCmake... after 1 ms 
[2026-09-19T15:27:47.198] [DEBUG] debug-file - Executing task :entry:default@MakePackInfo
[2026-09-19T15:27:47.199] [DEBUG] debug-file - Incremental task entry:default@MakePackInfo pre-execution cost: 1 ms .
[2026-09-19T15:27:47.199] [DEBUG] debug-file - entry : default@MakePackInfo cost memory 0.097259521484375
[2026-09-19T15:27:47.199] [INFO] debug-file - UP-TO-DATE :entry:default@MakePackInfo...  
[2026-09-19T15:27:47.199] [DEBUG] debug-file - Executing task :entry:default@SyscapTransform
[2026-09-19T15:27:47.200] [DEBUG] debug-file - File: 'E:\new-chat\entry\src\main\syscap.json' from 'sysCapJsonPath' is not exists, just ignore.
[2026-09-19T15:27:47.200] [DEBUG] debug-file - Task 'entry:default@SyscapTransform' cost while wrapping incremental declarations: 1 ms 
[2026-09-19T15:27:47.200] [DEBUG] debug-file - entry:default@SyscapTransform is not up-to-date, since the output file 'E:\new-chat\entry\build\default\intermediates\syscap\default\rpcid.sc' does not exist.
[2026-09-19T15:27:47.200] [DEBUG] debug-file - Incremental task entry:default@SyscapTransform pre-execution cost: 1 ms .
[2026-09-19T15:27:47.200] [DEBUG] debug-file - entry : default@SyscapTransform cost memory 0.14636993408203125
[2026-09-19T15:27:47.200] [DEBUG] debug-file - runTaskFromQueue task cost before running: 92 ms 
[2026-09-19T15:27:47.201] [INFO] debug-file - Finished :entry:default@SyscapTransform... after 2 ms 
[2026-09-19T15:27:47.201] [DEBUG] debug-file - Executing task :entry:default@ProcessProfile
[2026-09-19T15:27:47.201] [DEBUG] debug-file - Task 'entry:default@ProcessProfile' cost while wrapping incremental declarations: 1 ms 
[2026-09-19T15:27:47.202] [DEBUG] debug-file - Incremental task entry:default@ProcessProfile pre-execution cost: 1 ms .
[2026-09-19T15:27:47.202] [DEBUG] debug-file - entry : default@ProcessProfile cost memory 0.1263580322265625
[2026-09-19T15:27:47.202] [INFO] debug-file - UP-TO-DATE :entry:default@ProcessProfile...  
[2026-09-19T15:27:47.203] [DEBUG] debug-file - Executing task :entry:default@ProcessRouterMap
[2026-09-19T15:27:47.204] [DEBUG] debug-file - Incremental task entry:default@ProcessRouterMap pre-execution cost: 1 ms .
[2026-09-19T15:27:47.204] [DEBUG] debug-file - entry : default@ProcessRouterMap cost memory 0.1156158447265625
[2026-09-19T15:27:47.204] [INFO] debug-file - UP-TO-DATE :entry:default@ProcessRouterMap...  
[2026-09-19T15:27:47.204] [DEBUG] debug-file - Executing task :entry:default@ProcessShareConfig
[2026-09-19T15:27:47.205] [DEBUG] debug-file - Incremental task entry:default@ProcessShareConfig pre-execution cost: 1 ms .
[2026-09-19T15:27:47.205] [DEBUG] debug-file - entry : default@ProcessShareConfig cost memory 0.10059356689453125
[2026-09-19T15:27:47.205] [INFO] debug-file - UP-TO-DATE :entry:default@ProcessShareConfig...  
[2026-09-19T15:27:47.206] [DEBUG] debug-file - Executing task :entry:default@ProcessStartupConfig
[2026-09-19T15:27:47.206] [DEBUG] debug-file - Task 'entry:default@ProcessStartupConfig' cost while wrapping incremental declarations: 1 ms 
[2026-09-19T15:27:47.206] [DEBUG] debug-file - entry:default@ProcessStartupConfig is not up-to-date, since the output file 'E:\new-chat\entry\build\default\intermediates\startup\default\startup_config.json' does not exist.
[2026-09-19T15:27:47.206] [DEBUG] debug-file - Incremental task entry:default@ProcessStartupConfig pre-execution cost: 1 ms .
[2026-09-19T15:27:47.206] [DEBUG] debug-file - entry : default@ProcessStartupConfig cost memory 0.09326934814453125
[2026-09-19T15:27:47.206] [DEBUG] debug-file - runTaskFromQueue task cost before running: 98 ms 
[2026-09-19T15:27:47.206] [INFO] debug-file - Finished :entry:default@ProcessStartupConfig... after 1 ms 
[2026-09-19T15:27:47.207] [DEBUG] debug-file - Executing task :entry:default@BuildNativeWithNinja
[2026-09-19T15:27:47.207] [DEBUG] debug-file - entry : default@BuildNativeWithNinja cost memory 0.0221099853515625
[2026-09-19T15:27:47.207] [DEBUG] debug-file - runTaskFromQueue task cost before running: 99 ms 
[2026-09-19T15:27:47.207] [INFO] debug-file - Finished :entry:default@BuildNativeWithNinja... after 1 ms 
[2026-09-19T15:27:47.208] [DEBUG] debug-file - restool module names: entry; moduleName=entry, taskName=default@ProcessResource
[2026-09-19T15:27:47.208] [DEBUG] debug-file - Executing task :entry:default@ProcessResource
[2026-09-19T15:27:47.208] [DEBUG] debug-file - Task 'entry:default@ProcessResource' cost while wrapping incremental declarations: 1 ms 
[2026-09-19T15:27:47.209] [DEBUG] debug-file - Incremental task entry:default@ProcessResource pre-execution cost: 1 ms .
[2026-09-19T15:27:47.209] [DEBUG] debug-file - entry : default@ProcessResource cost memory 0.1241912841796875
[2026-09-19T15:27:47.210] [INFO] debug-file - UP-TO-DATE :entry:default@ProcessResource...  
[2026-09-19T15:27:47.210] [DEBUG] debug-file - Executing task :entry:default@GenerateLoaderJson
[2026-09-19T15:27:47.210] [DEBUG] debug-file - Task 'entry:default@GenerateLoaderJson' cost while wrapping incremental declarations: 1 ms 
[2026-09-19T15:27:47.213] [DEBUG] debug-file - Incremental task entry:default@GenerateLoaderJson pre-execution cost: 2 ms .
[2026-09-19T15:27:47.213] [DEBUG] debug-file - entry : default@GenerateLoaderJson cost memory 0.38031005859375
[2026-09-19T15:27:47.214] [INFO] debug-file - UP-TO-DATE :entry:default@GenerateLoaderJson...  
[2026-09-19T15:27:47.215] [DEBUG] debug-file - Executing task :entry:default@ProcessLibs
[2026-09-19T15:27:47.216] [DEBUG] debug-file - Incremental task entry:default@ProcessLibs pre-execution cost: 1 ms .
[2026-09-19T15:27:47.216] [DEBUG] debug-file - entry : default@ProcessLibs cost memory 0.09407806396484375
[2026-09-19T15:27:47.216] [INFO] debug-file - UP-TO-DATE :entry:default@ProcessLibs...  
[2026-09-19T15:27:47.217] [DEBUG] debug-file - restool module names: entry; moduleName=entry, taskName=default@CompileResource
[2026-09-19T15:27:47.217] [DEBUG] debug-file - Executing task :entry:default@CompileResource
[2026-09-19T15:27:47.220] [DEBUG] debug-file - Incremental task entry:default@CompileResource pre-execution cost: 3 ms .
[2026-09-19T15:27:47.220] [DEBUG] debug-file - entry : default@CompileResource cost memory 0.413177490234375
[2026-09-19T15:27:47.221] [INFO] debug-file - UP-TO-DATE :entry:default@CompileResource...  
[2026-09-19T15:27:47.221] [DEBUG] debug-file - Executing task :entry:default@DoNativeStrip
[2026-09-19T15:27:47.221] [DEBUG] debug-file - Task 'entry:default@DoNativeStrip' cost while wrapping incremental declarations: 1 ms 
[2026-09-19T15:27:47.222] [DEBUG] debug-file - Incremental task entry:default@DoNativeStrip pre-execution cost: 1 ms .
[2026-09-19T15:27:47.222] [DEBUG] debug-file - entry : default@DoNativeStrip cost memory 0.08185577392578125
[2026-09-19T15:27:47.222] [INFO] debug-file - UP-TO-DATE :entry:default@DoNativeStrip...  
[2026-09-19T15:27:47.223] [DEBUG] debug-file - Executing task :entry:default@CompileArkTS
[2026-09-19T15:27:47.223] [DEBUG] debug-file - obfuscationOptions: undefined
[2026-09-19T15:27:47.223] [DEBUG] debug-file - Task 'entry:default@CompileArkTS' cost while wrapping incremental declarations: 1 ms 
[2026-09-19T15:27:47.227] [DEBUG] debug-file - build config:
[2026-09-19T15:27:47.227] [DEBUG] debug-file - {
  moduleType: 'entry',
  perf: 0,
  targetName: '.default',
  packageManagerType: 'ohpm',
  localPropertiesPath: 'E:\\new-chat\\local.properties',
  isPreview: false,
  isOhosTest: false,
  isLocalTest: false,
  buildMode: 'Debug',
  hotReloadBuild: undefined,
  watchMode: 'false',
  aceProfilePath: 'E:\\new-chat\\entry\\build\\default\\intermediates\\res\\default\\resources\\base\\profile',
  etsLoaderPath: 'D:\\DevEco Studio\\sdk\\default\\openharmony\\ets\\build-tools\\ets-loader',
  modulePath: 'E:\\new-chat\\entry',
  testFrameworkPar: {
    testMode: undefined,
    coveragePathFilter: undefined,
    coverageMode: undefined
  },
  needCoverageInsert: false,
  debugLine: false,
  projectTopDir: 'E:\\new-chat',
  compileSdkVersion: 21,
  compatibleSdkVersion: 12,
  originCompatibleSdkVersion: '5.0.0(12)',
  compatibleSdkVersionStage: 'beta1',
  bundleName: 'c***u',
  etsLoaderVersion: '6.0.1.112',
  etsLoaderReleaseType: 'Release',
  aotCompileMode: 'type',
  apPath: 'E:\\new-chat\\entry\\modules.ap',
  entryModuleName: 'entry',
  entryModuleVersion: '1.0.0',
  entryPackageName: 'entry',
  allModuleNameHash: '5f6cff6a45031f958388948153fa1a61639a5749ee168dac9c2a7121553a9561',
  externalApiPaths: [ 'D:\\DevEco Studio\\sdk\\default\\hms\\ets' ],
  compilerTypes: [],
  isCrossplatform: false,
  hvigorPluginFile: undefined,
  compilePluginPath: undefined,
  buildGeneratedProfilePath: 'E:\\new-chat\\entry\\build\\default\\generated\\profile\\default',
  bundleType: 'app',
  arkTSVersion: undefined,
  apiVersion: 21,
  needCompleteSourcesMap: false,
  isFaMode: false,
  buildDir: 'E:\\new-chat\\entry\\build',
  deviceTypes: [ 'phone', 'tablet' ],
  pkgContextInfo: undefined,
  ohPackagePathMap: {},
  dependencyAliasMap: {},
  permission: { requestPermissions: undefined, definePermissions: undefined },
  integratedHsp: false,
  projectArkOption: undefined,
  sourceMapDir: undefined,
  branchElimination: false,
  transformLib: undefined,
  tsImportSendable: false,
  resolveConflictMode: true,
  depName2RootPath: {},
  depName2DepInfo: {},
  rootPathSet: [ 'E:\\new-chat' ],
  useNativeResolver: true,
  shouldEmitJs: true,
  useTscResolve: false,
  singleFileEmit: false,
  userProjectConfig: {
    autoLazyImport: false,
    allowEmptyBundleName: false,
    reExportCheckMode: 'noCheck',
    executionMode: 'memory',
    usePathPlaceholder: false,
    writeRollupCache: true,
    isExpandImportEnabled: false,
    expandImportExclude: '',
    lazyImportExclude: '',
    lazyImportInclude: '',
    ignoreCrossplatformCheck: false,
    isHarDeduplicateEnabled: false,
    enableStrictCheckOHModule: false,
    useDeclarationFileSignature: false,
    isPreloadSoEnabled: false
  },
  skipOhModulesLint: false,
  executionMode: 'memory',
  arkCompileCachePath: 'E:\\new-chat\\entry\\build\\default\\cache\\default\\default@CompileArkTS\\esmodule',
  autoLazyFilter: undefined,
  isHarDeduplicateEnabled: false,
  intermediateHarDuplicateDirPath: 'E:\\new-chat\\entry\\build\\default\\intermediates\\har_duplicate\\default',
  autoLazyImport: false,
  allowEmptyBundleName: false,
  reExportCheckMode: 'noCheck',
  usePathPlaceholder: false,
  writeRollupCache: true,
  isExpandImportEnabled: false,
  expandImportExclude: '',
  lazyImportExclude: '',
  lazyImportInclude: '',
  ignoreCrossplatformCheck: false,
  enableStrictCheckOHModule: false,
  useDeclarationFileSignature: false,
  isPreloadSoEnabled: false,
  strictMode: undefined,
  useNormalizedOHMUrl: false,
  caseSensitiveCheck: false,
  aceModuleJsonPath: 'E:\\new-chat\\entry\\build\\default\\intermediates\\res\\default\\ark_module.json',
  appResource: 'E:\\new-chat\\entry\\build\\default\\intermediates\\res\\default\\ResourceTable.txt',
  rawFileResource: 'E:\\new-chat\\entry\\build\\default\\intermediates\\res\\default\\resources\\rawfile',
  resourceTableHash: '15a61ac8d9e6adf561b61d3e27a374d205464ba7d77ce5a6c1be29eb60539798',
  runtimeOS: 'HarmonyOS',
  sdkInfo: 'false:21:6.0.1.112:Release',
  aceModuleRoot: 'E:\\new-chat\\entry\\src\\main\\ets',
  compileMode: 'esmodule',
  aceSuperVisualPath: 'E:\\new-chat\\entry\\src\\main\\supervisual',
  aceBuildJson: 'E:\\new-chat\\entry\\build\\default\\intermediates\\loader\\default\\loader.json',
  cachePath: 'E:\\new-chat\\entry\\build\\default\\cache\\default\\default@CompileArkTS\\esmodule\\debug',
  aceModuleBuild: 'E:\\new-chat\\entry\\build\\default\\intermediates\\loader_out\\default\\ets',
  supportChunks: true,
  declaredFilesPath: undefined,
  shouldCollectDirectImportees: false,
  isByteCodeHarOptimize: false,
  expandImportPath: undefined,
  pkgNameToPkgBriefInfo: {
    entry: {
      pkgRoot: 'E:\\new-chat\\entry',
      originalSourceRoots: undefined,
      sourceRoots: [Array],
      pkgName: 'entry'
    }
  },
  projectModel: {
    'E:\\new-chat\\entry\\src\\main': {
      moduleName: 'entry',
      modulePkgPath: 'E:\\new-chat\\entry',
      belongProjectPath: 'E:\\new-chat'
    },
    'E:\\new-chat\\entry': {
      moduleName: 'entry',
      modulePkgPath: 'E:\\new-chat\\entry',
      belongProjectPath: 'E:\\new-chat'
    },
    'E:\\new-chat': {
      moduleName: 'new-chat',
      modulePkgPath: 'E:\\new-chat',
      belongProjectPath: 'E:\\new-chat'
    }
  },
  pkgJsonFileHash: 'b4b74d97ab6a3456193a040d87f4a6d26a7a865e3ae2f70750f1752a6647ebd8',
  allModulePaths: [ 'E:\\new-chat\\entry' ],
  routerMap: {},
  obfuscationOptions: undefined,
  byteCodeHarToDependencyKeys: undefined,
  compileBlockPkg: [],
  mockParams: {
    decorator: '@MockSetup',
    packageName: '@ohos/hamock',
    etsSourceRootPath: 'src/main/ets',
    mockConfigPath: undefined,
    mockConfigKey2ModuleInfo: {},
    source2ModuleIdMap: {}
  },
  copyCodeResourceEnable: true,
  copyCodeResourceExcludes: [],
  copyCodeResourceIncludes: undefined,
  uiTransformOptimization: false,
  sdkPath: 'D:/DevEco Studio/sdk',
  needPreloadSoFileSet: {},
  preloadSoFilePath: 'E:\\new-chat\\entry\\build\\default\\intermediates\\preload\\default\\preload.json',
  useSourceHash: false,
  localModuleParamMap: {},
  otherPaths: {
    'entry/*': [
      '..\\*',
      '..\\..\\..\\build\\default\\generated\\profile\\default\\*'
    ]
  },
  collectImportersConfig: undefined
}
[2026-09-19T15:27:47.227] [DEBUG] debug-file - Compile arkts with external api path: D:\DevEco Studio\sdk\default\hms\ets
[2026-09-19T15:27:47.227] [DEBUG] debug-file - default@CompileArkTS work[5] is submitted.
[2026-09-19T15:27:47.228] [DEBUG] debug-file - default@CompileArkTS work[5] is pushed to ready queue.
[2026-09-19T15:27:47.228] [DEBUG] debug-file - A work dispatched to worker[15] failed because unable to get work from ready queue.
[2026-09-19T15:27:47.228] [DEBUG] debug-file - A work dispatched to worker[14] failed because unable to get work from ready queue.
[2026-09-19T15:27:47.228] [DEBUG] debug-file - A work dispatched to worker[13] failed because unable to get work from ready queue.
[2026-09-19T15:27:47.228] [DEBUG] debug-file - A work dispatched to worker[12] failed because unable to get work from ready queue.
[2026-09-19T15:27:47.228] [DEBUG] debug-file - A work dispatched to worker[11] failed because unable to get work from ready queue.
[2026-09-19T15:27:47.228] [DEBUG] debug-file - A work dispatched to worker[10] failed because unable to get work from ready queue.
[2026-09-19T15:27:47.228] [DEBUG] debug-file - A work dispatched to worker[9] failed because unable to get work from ready queue.
[2026-09-19T15:27:47.228] [DEBUG] debug-file - A work dispatched to worker[8] failed because unable to get work from ready queue.
[2026-09-19T15:27:47.228] [DEBUG] debug-file - A work dispatched to worker[7] failed because unable to get work from ready queue.
[2026-09-19T15:27:47.228] [DEBUG] debug-file - A work dispatched to worker[6] failed because unable to get work from ready queue.
[2026-09-19T15:27:47.228] [DEBUG] debug-file - A work dispatched to worker[5] failed because unable to get work from ready queue.
[2026-09-19T15:27:47.228] [DEBUG] debug-file - default@CompileArkTS work[5] has been dispatched to worker[4].
[2026-09-19T15:27:47.228] [DEBUG] debug-file - default@CompileArkTS work[5] is dispatched.
[2026-09-19T15:27:47.229] [DEBUG] debug-file - CopyResources startTime: 734699034931600
[2026-09-19T15:27:47.229] [DEBUG] debug-file - default@CompileArkTS work[6] is submitted.
[2026-09-19T15:27:47.229] [DEBUG] debug-file - default@CompileArkTS work[6] is pushed to ready queue.
[2026-09-19T15:27:47.229] [DEBUG] debug-file - A work dispatched to worker[15] failed because unable to get work from ready queue.
[2026-09-19T15:27:47.229] [DEBUG] debug-file - Create  resident worker with id: 14.
[2026-09-19T15:27:47.230] [DEBUG] debug-file - default@CompileArkTS work[6] has been dispatched to worker[14].
[2026-09-19T15:27:47.230] [DEBUG] debug-file - default@CompileArkTS work[6] is dispatched.
[2026-09-19T15:27:47.230] [DEBUG] debug-file - entry : default@CompileArkTS cost memory -0.6704559326171875
[2026-09-19T15:27:47.231] [DEBUG] debug-file - Executing task :entry:default@BuildJS
[2026-09-19T15:27:47.231] [DEBUG] debug-file - Task 'entry:default@BuildJS' cost while wrapping incremental declarations: 1 ms 
[2026-09-19T15:27:47.232] [DEBUG] debug-file - entry : default@BuildJS cost memory 0.1345977783203125
[2026-09-19T15:27:47.232] [DEBUG] debug-file - runTaskFromQueue task cost before running: 124 ms 
[2026-09-19T15:27:47.232] [INFO] debug-file - Finished :entry:default@BuildJS... after 2 ms 
[2026-09-19T15:27:47.233] [DEBUG] debug-file - Executing task :entry:default@CacheNativeLibs
[2026-09-19T15:27:47.233] [DEBUG] debug-file - Task 'entry:default@CacheNativeLibs' cost while wrapping incremental declarations: 1 ms 
[2026-09-19T15:27:47.234] [DEBUG] debug-file - Incremental task entry:default@CacheNativeLibs pre-execution cost: 1 ms .
[2026-09-19T15:27:47.234] [DEBUG] debug-file - entry : default@CacheNativeLibs cost memory 0.09513092041015625
[2026-09-19T15:27:47.234] [INFO] debug-file - UP-TO-DATE :entry:default@CacheNativeLibs...  
[2026-09-19T15:27:47.792] [WARN] debug-file - [33mWARN: [33m[33mArkTS:WARN File: E:/new-chat/entry/src/main/ets/data/VideoRepository.ets:17:24
 Function may throw exceptions. Special handling is required.
[39m[39m
[33mWARN: [33m[33mArkTS:WARN File: E:/new-chat/entry/src/main/ets/data/VideoRepository.ets:18:23
 Function may throw exceptions. Special handling is required.
[39m[39m
[33mWARN: [33m[33mArkTS:WARN File: E:/new-chat/entry/src/main/ets/data/VideoRepository.ets:29:26
 Function may throw exceptions. Special handling is required.
[39m[39m
[33mWARN: [33m[33mArkTS:WARN File: E:/new-chat/entry/src/main/ets/data/VideoRepository.ets:31:11
 Function may throw exceptions. Special handling is required.
[39m[39m
[33mWARN: [33m[33mArkTS:WARN File: E:/new-chat/entry/src/main/ets/data/VideoRepository.ets:32:11
 Function may throw exceptions. Special handling is required.
[39m[39m

[2026-09-19T15:27:47.792] [DEBUG] debug-file - Ark compile task finished.finished time is 734699598687100
[2026-09-19T15:27:47.793] [DEBUG] debug-file - worker[4] has one work done.
[2026-09-19T15:27:47.794] [DEBUG] debug-file - default@CompileArkTS work[5] done.
[2026-09-19T15:27:47.795] [DEBUG] debug-file - A work dispatched to worker[4] failed because unable to get work from ready queue.
[2026-09-19T15:27:47.805] [DEBUG] debug-file - worker[14] has one work done.
[2026-09-19T15:27:47.805] [DEBUG] debug-file - CopyResources is end, endTime: 734699611298800
[2026-09-19T15:27:47.805] [DEBUG] debug-file - default@CompileArkTS work[6] done.
[2026-09-19T15:27:47.805] [DEBUG] debug-file - A work dispatched to worker[14] failed because unable to get work from ready queue.
[2026-09-19T15:27:47.806] [INFO] debug-file - Finished :entry:default@CompileArkTS... after 582 ms 
[2026-09-19T15:27:47.807] [DEBUG] debug-file - Executing task :entry:default@GeneratePkgModuleJson
[2026-09-19T15:27:47.807] [DEBUG] debug-file - File: 'E:\new-chat\entry\build\default\intermediates\preload\default\preload.json' from 'preloadSoJsonPath' is not exists, just ignore.
[2026-09-19T15:27:47.808] [DEBUG] debug-file - Error occurs while handling @Input 'shouldDeduplicateHar': The "data" argument must be of type string or an instance of Buffer, TypedArray, or DataView. Received undefined
[2026-09-19T15:27:47.808] [DEBUG] debug-file - Task 'entry:default@GeneratePkgModuleJson' cost while wrapping incremental declarations: 1 ms 
[2026-09-19T15:27:47.809] [DEBUG] debug-file - entry : default@GeneratePkgModuleJson cost memory 0.160797119140625
[2026-09-19T15:27:47.809] [DEBUG] debug-file - runTaskFromQueue task cost before running: 701 ms 
[2026-09-19T15:27:47.809] [INFO] debug-file - Finished :entry:default@GeneratePkgModuleJson... after 3 ms 
[2026-09-19T15:27:47.810] [DEBUG] debug-file - Executing task :entry:default@ProcessCompiledResources
[2026-09-19T15:27:47.810] [DEBUG] debug-file - File: 'E:\new-chat\entry\build\default\intermediates\preload\default\preload.json' from 'preloadSoJsonPath' is not exists, just ignore.
[2026-09-19T15:27:47.810] [DEBUG] debug-file - Task 'entry:default@ProcessCompiledResources' cost while wrapping incremental declarations: 1 ms 
[2026-09-19T15:27:47.810] [DEBUG] debug-file - entry : default@ProcessCompiledResources cost memory 0.0611114501953125
[2026-09-19T15:27:47.811] [DEBUG] debug-file - runTaskFromQueue task cost before running: 702 ms 
[2026-09-19T15:27:47.811] [INFO] debug-file - Finished :entry:default@ProcessCompiledResources... after 1 ms 
[2026-09-19T15:27:47.812] [DEBUG] debug-file - Executing task :entry:default@PackageHap
[2026-09-19T15:27:47.815] [DEBUG] debug-file - Use tool [D:\DevEco Studio\sdk\default\openharmony\toolchains\lib\app_packing_tool.jar]
 [
  'java',
  '-Dfile.encoding=GBK',
  '-jar',
  'D:\\DevEco Studio\\sdk\\default\\openharmony\\toolchains\\lib\\app_packing_tool.jar',
  '--mode',
  'hap',
  '--force',
  'true',
  '--lib-path',
  'E:\\new-chat\\entry\\build\\default\\intermediates\\stripped_native_libs\\default',
  '--json-path',
  'E:\\new-chat\\entry\\build\\default\\intermediates\\package\\default\\module.json',
  '--resources-path',
  'E:\\new-chat\\entry\\build\\default\\intermediates\\res\\default\\resources',
  '--index-path',
  'E:\\new-chat\\entry\\build\\default\\intermediates\\res\\default\\resources.index',
  '--pack-info-path',
  'E:\\new-chat\\entry\\build\\default\\outputs\\default\\pack.info',
  '--out-path',
  'E:\\new-chat\\entry\\build\\default\\outputs\\default\\entry-default-unsigned.hap',
  '--ets-path',
  'E:\\new-chat\\entry\\build\\default\\intermediates\\loader_out\\default\\ets'
]
[2026-09-19T15:27:48.180] [DEBUG] debug-file - java daemon socket received message:{"code":0,"message":"pack success"}
[2026-09-19T15:27:48.185] [DEBUG] debug-file - entry : default@PackageHap cost memory -1.1332244873046875
[2026-09-19T15:27:48.185] [DEBUG] debug-file - runTaskFromQueue task cost before running: 1 s 77 ms 
[2026-09-19T15:27:48.186] [INFO] debug-file - Finished :entry:default@PackageHap... after 373 ms 
[2026-09-19T15:27:48.187] [DEBUG] debug-file - Executing task :entry:default@PackingCheck
[2026-09-19T15:27:48.190] [DEBUG] debug-file - entry : default@PackingCheck cost memory 0.26422119140625
[2026-09-19T15:27:48.190] [DEBUG] debug-file - runTaskFromQueue task cost before running: 1 s 82 ms 
[2026-09-19T15:27:48.191] [INFO] debug-file - Finished :entry:default@PackingCheck... after 4 ms 
[2026-09-19T15:27:48.192] [DEBUG] debug-file - Executing task :entry:default@SignHap
[2026-09-19T15:27:48.192] [WARN] debug-file - Will skip sign 'hos_hap'. No signingConfigs profile is configured in current project.
             If needed, configure the signingConfigs in E:\new-chat\build-profile.json5.
[2026-09-19T15:27:48.193] [DEBUG] debug-file - entry : default@SignHap cost memory 0.0611114501953125
[2026-09-19T15:27:48.193] [DEBUG] debug-file - runTaskFromQueue task cost before running: 1 s 84 ms 
[2026-09-19T15:27:48.193] [INFO] debug-file - Finished :entry:default@SignHap... after 1 ms 
[2026-09-19T15:27:48.194] [DEBUG] debug-file - Executing task :entry:default@CollectDebugSymbol
[2026-09-19T15:27:48.194] [DEBUG] debug-file - entry : default@CollectDebugSymbol cost memory 0.07834625244140625
[2026-09-19T15:27:48.194] [DEBUG] debug-file - runTaskFromQueue task cost before running: 1 s 86 ms 
[2026-09-19T15:27:48.194] [INFO] debug-file - Finished :entry:default@CollectDebugSymbol... after 1 ms 
[2026-09-19T15:27:48.194] [DEBUG] debug-file - Executing task :entry:assembleHap
[2026-09-19T15:27:48.195] [DEBUG] debug-file - entry : assembleHap cost memory 0.01428985595703125
[2026-09-19T15:27:48.195] [DEBUG] debug-file - runTaskFromQueue task cost before running: 1 s 86 ms 
[2026-09-19T15:27:48.195] [INFO] debug-file - Finished :entry:assembleHap... after 1 ms 
[2026-09-19T15:27:48.202] [INFO] debug-file - BUILD SUCCESSFUL in 1 s 93 ms 
[2026-09-19T15:27:48.202] [DEBUG] debug-file - There is no need to refresh cache, since the incremental task entry:default@PreBuild is up-to-date.
[2026-09-19T15:27:48.202] [DEBUG] debug-file - Update task entry:default@CreateModuleInfo output file:E:\new-chat\entry\build\default\generated\profile\default\ModuleInfo.ts cache.
[2026-09-19T15:27:48.202] [DEBUG] debug-file - Incremental task entry:default@CreateModuleInfo post-execution cost:1 ms .
[2026-09-19T15:27:48.202] [DEBUG] debug-file - There is no need to refresh cache, since the incremental task entry:default@GenerateMetadata is up-to-date.
[2026-09-19T15:27:48.202] [DEBUG] debug-file - There is no need to refresh cache, since the incremental task entry:default@MergeProfile is up-to-date.
[2026-09-19T15:27:48.202] [DEBUG] debug-file - There is no need to refresh cache, since the incremental task entry:default@CreateBuildProfile is up-to-date.
[2026-09-19T15:27:48.202] [DEBUG] debug-file - Update task entry:default@GeneratePkgContextInfo output file:E:\new-chat\entry\build\default\intermediates\loader\default\pkgContextInfo.json cache.
[2026-09-19T15:27:48.203] [DEBUG] debug-file - Incremental task entry:default@GeneratePkgContextInfo post-execution cost:1 ms .
[2026-09-19T15:27:48.203] [DEBUG] debug-file - Update task entry:default@ProcessIntegratedHsp output file:E:\new-chat\build\cache\default\integrated_hsp\integratedHspCache.json cache.
[2026-09-19T15:27:48.203] [DEBUG] debug-file - Incremental task entry:default@ProcessIntegratedHsp post-execution cost:1 ms .
[2026-09-19T15:27:48.203] [DEBUG] debug-file - There is no need to refresh cache, since the incremental task entry:default@MakePackInfo is up-to-date.
[2026-09-19T15:27:48.203] [DEBUG] debug-file - Update task entry:default@SyscapTransform input file:D:\DevEco Studio\sdk\default\openharmony\toolchains\syscap_tool.exe cache by regenerate.
[2026-09-19T15:27:48.203] [DEBUG] debug-file - Update task entry:default@SyscapTransform input file:D:\DevEco Studio\sdk\default\openharmony\ets\api\device-define cache by regenerate.
[2026-09-19T15:27:48.203] [DEBUG] debug-file - Update task entry:default@SyscapTransform output file:E:\new-chat\entry\build\default\intermediates\syscap\default\rpcid.sc cache.
[2026-09-19T15:27:48.203] [DEBUG] debug-file - Incremental task entry:default@SyscapTransform post-execution cost:1 ms .
[2026-09-19T15:27:48.204] [DEBUG] debug-file - There is no need to refresh cache, since the incremental task entry:default@ProcessProfile is up-to-date.
[2026-09-19T15:27:48.204] [DEBUG] debug-file - There is no need to refresh cache, since the incremental task entry:default@ProcessRouterMap is up-to-date.
[2026-09-19T15:27:48.204] [DEBUG] debug-file - There is no need to refresh cache, since the incremental task entry:default@ProcessShareConfig is up-to-date.
[2026-09-19T15:27:48.204] [DEBUG] debug-file - Update task entry:default@ProcessStartupConfig output file:E:\new-chat\entry\build\default\intermediates\startup\default\startup_config.json cache.
[2026-09-19T15:27:48.204] [DEBUG] debug-file - Incremental task entry:default@ProcessStartupConfig post-execution cost:1 ms .
[2026-09-19T15:27:48.204] [DEBUG] debug-file - There is no need to refresh cache, since the incremental task entry:default@ProcessResource is up-to-date.
[2026-09-19T15:27:48.204] [DEBUG] debug-file - There is no need to refresh cache, since the incremental task entry:default@GenerateLoaderJson is up-to-date.
[2026-09-19T15:27:48.204] [DEBUG] debug-file - There is no need to refresh cache, since the incremental task entry:default@ProcessLibs is up-to-date.
[2026-09-19T15:27:48.204] [DEBUG] debug-file - There is no need to refresh cache, since the incremental task entry:default@CompileResource is up-to-date.
[2026-09-19T15:27:48.204] [DEBUG] debug-file - There is no need to refresh cache, since the incremental task entry:default@DoNativeStrip is up-to-date.
[2026-09-19T15:27:48.205] [DEBUG] debug-file - Update task entry:default@CompileArkTS input file:E:\new-chat\entry\build\default\intermediates\loader\default cache by regenerate.
[2026-09-19T15:27:48.205] [DEBUG] debug-file - Update task entry:default@CompileArkTS input file:E:\new-chat\entry\build\default\intermediates\res\default\ResourceTable.txt cache by regenerate.
[2026-09-19T15:27:48.205] [DEBUG] debug-file - Update task entry:default@CompileArkTS input file:E:\new-chat\entry\build\default\intermediates\res\default\ark_module.json cache by regenerate.
[2026-09-19T15:27:48.205] [DEBUG] debug-file - Update task entry:default@CompileArkTS input file:E:\new-chat\entry\build\default\intermediates\res\default\resources\base\profile cache by regenerate.
[2026-09-19T15:27:48.205] [DEBUG] debug-file - Update task entry:default@CompileArkTS input file:E:\new-chat\entry\src\main\ets cache by regenerate.
[2026-09-19T15:27:48.207] [DEBUG] debug-file - Update task entry:default@CompileArkTS input file:E:\new-chat\entry\build\default\generated\profile\default\BuildProfile.ets cache by regenerate.
[2026-09-19T15:27:48.207] [DEBUG] debug-file - Update task entry:default@CompileArkTS output file:E:\new-chat\entry\build\default\intermediates\loader_out\default\ets cache.
[2026-09-19T15:27:48.207] [DEBUG] debug-file - Incremental task entry:default@CompileArkTS post-execution cost:4 ms .
[2026-09-19T15:27:48.208] [DEBUG] debug-file - Update task entry:default@BuildJS input file:E:\new-chat\entry\build\default\intermediates\loader\default cache by regenerate.
[2026-09-19T15:27:48.208] [DEBUG] debug-file - Update task entry:default@BuildJS input file:E:\new-chat\entry\build\default\intermediates\res\default\ResourceTable.txt cache by regenerate.
[2026-09-19T15:27:48.208] [DEBUG] debug-file - Update task entry:default@BuildJS input file:E:\new-chat\entry\build\default\intermediates\res\default\ark_module.json cache by regenerate.
[2026-09-19T15:27:48.208] [DEBUG] debug-file - Update task entry:default@BuildJS input file:E:\new-chat\entry\build\default\intermediates\res\default\resources\base\profile cache by regenerate.
[2026-09-19T15:27:48.208] [DEBUG] debug-file - Update task entry:default@BuildJS output file:E:\new-chat\entry\build\default\intermediates\loader_out\default\js cache.
[2026-09-19T15:27:48.208] [DEBUG] debug-file - Incremental task entry:default@BuildJS post-execution cost:1 ms .
[2026-09-19T15:27:48.208] [DEBUG] debug-file - There is no need to refresh cache, since the incremental task entry:default@CacheNativeLibs is up-to-date.
[2026-09-19T15:27:48.208] [DEBUG] debug-file - Update task entry:default@GeneratePkgModuleJson input file:E:\new-chat\entry\build\default\intermediates\res\default\module.json cache by regenerate.
[2026-09-19T15:27:48.208] [DEBUG] debug-file - Update task entry:default@GeneratePkgModuleJson output file:E:\new-chat\entry\build\default\intermediates\package\default\module.json cache.
[2026-09-19T15:27:48.209] [DEBUG] debug-file - Incremental task entry:default@GeneratePkgModuleJson post-execution cost:1 ms .
[2026-09-19T15:27:48.209] [DEBUG] debug-file - Incremental task entry:default@ProcessCompiledResources post-execution cost:1 ms .
[2026-09-19T15:27:48.209] [DEBUG] debug-file - Update task entry:default@PackageHap input file:E:\new-chat\entry\build\default\intermediates\stripped_native_libs\default cache by regenerate.
[2026-09-19T15:27:48.209] [DEBUG] debug-file - Update task entry:default@PackageHap input file:E:\new-chat\entry\build\default\intermediates\res\default\module.json cache by regenerate.
[2026-09-19T15:27:48.209] [DEBUG] debug-file - Update task entry:default@PackageHap input file:E:\new-chat\entry\build\default\intermediates\res\default\resources cache by regenerate.
[2026-09-19T15:27:48.209] [DEBUG] debug-file - Update task entry:default@PackageHap input file:E:\new-chat\entry\build\default\intermediates\res\default\resources.index cache by regenerate.
[2026-09-19T15:27:48.209] [DEBUG] debug-file - Update task entry:default@PackageHap input file:E:\new-chat\entry\build\default\outputs\default\pack.info cache by regenerate.
[2026-09-19T15:27:48.210] [DEBUG] debug-file - Update task entry:default@PackageHap input file:E:\new-chat\entry\build\default\intermediates\loader_out\default\ets cache by regenerate.
[2026-09-19T15:27:48.210] [DEBUG] debug-file - Update task entry:default@PackageHap input file:E:\new-chat\entry\build\default\intermediates\loader_out\default\ets\sourceMaps.map cache by regenerate.
[2026-09-19T15:27:48.210] [DEBUG] debug-file - Update task entry:default@PackageHap input file:E:\new-chat\entry\build\default\generated\profile\default\BuildProfile.ets cache by regenerate.
[2026-09-19T15:27:48.210] [DEBUG] debug-file - Update task entry:default@PackageHap output file:E:\new-chat\entry\build\default\outputs\default\entry-default-unsigned.hap cache.
[2026-09-19T15:27:48.210] [DEBUG] debug-file - Update task entry:default@PackageHap output file:E:\new-chat\entry\build\default\intermediates\source_map\default\sourceMaps.map cache.
[2026-09-19T15:27:48.210] [DEBUG] debug-file - Update task entry:default@PackageHap output file:E:\new-chat\entry\build\default\outputs\default\mapping\sourceMaps.map cache.
[2026-09-19T15:27:48.210] [DEBUG] debug-file - Incremental task entry:default@PackageHap post-execution cost:2 ms .
[2026-09-19T15:27:48.210] [DEBUG] debug-file - Update task entry:default@SignHap input file:E:\new-chat\entry\build\default\outputs\default\entry-default-unsigned.hap cache by regenerate.
[2026-09-19T15:27:48.211] [DEBUG] debug-file - Update task entry:default@SignHap output file:E:\new-chat\entry\build\default\outputs\default\entry-default-signed.hap cache.
[2026-09-19T15:27:48.211] [DEBUG] debug-file - Incremental task entry:default@SignHap post-execution cost:1 ms .
[2026-09-19T15:27:48.211] [DEBUG] debug-file - Update task entry:default@CollectDebugSymbol input file:E:\new-chat\entry\build\default\intermediates\loader_out\default\ets\sourceMaps.map cache by regenerate.
[2026-09-19T15:27:48.211] [DEBUG] debug-file - Update task entry:default@CollectDebugSymbol input file:E:\new-chat\entry\build\default\intermediates\libs\default cache by regenerate.
[2026-09-19T15:27:48.211] [DEBUG] debug-file - Update task entry:default@CollectDebugSymbol output file:E:\new-chat\entry\build\default\outputs\default\symbol cache.
[2026-09-19T15:27:48.211] [DEBUG] debug-file - Incremental task entry:default@CollectDebugSymbol post-execution cost:1 ms .
[2026-09-19T15:27:48.228] [DEBUG] debug-file - Cleanup worker 14.
[2026-09-19T15:27:48.228] [DEBUG] debug-file - Worker 14 has been cleaned up.
[2026-09-19T15:27:48.228] [DEBUG] debug-file - Current idle worker size: 1.
[2026-09-19T15:27:48.228] [DEBUG] debug-file - Current resident worker size: 2.
[2026-09-19T15:27:48.229] [DEBUG] debug-file - hvigor build process will be closed.
[2026-09-19T15:27:48.230] [DEBUG] debug-file - java daemon socket close code:1000 reason:close by user
[2026-09-19T15:27:48.236] [DEBUG] debug-file - session manager: send message to worker process.
[2026-09-19T15:27:48.237] [DEBUG] debug-file - session manager: send message to worker process.
[2026-09-19T15:27:48.238] [DEBUG] debug-file - watch worker: worker id should be larger than 0. Nothing will be sent to any worker thread.
[2026-09-19T15:27:48.239] [DEBUG] debug-file - watch worker: worker id should be larger than 0. Nothing will be sent to any worker thread.
[2026-09-19T15:27:48.242] [DEBUG] debug-file - worker[14] exits with exit code 1.
[2026-09-19T15:28:43.731] [DEBUG] debug-file - session manager: set active socket. socketId=DMpzVZrmJhsvM1TpAAAL
[2026-09-19T15:28:43.744] [DEBUG] debug-file - watch worker: worker id should be larger than 0. Nothing will be sent to any worker thread.
[2026-09-19T15:28:43.748] [DEBUG] debug-file - Hvigor init with startParameters:{
  hvigorfileTypeCheck: false,
  parallelExecution: true,
  incrementalExecution: true,
  printStackTrace: false,
  daemon: true,
  analyze: 0,
  logLevel: Level { level: 20000, levelStr: 'INFO', colour: 'green' },
  optimizationStrategy: 'memory',
  hotCompile: undefined,
  hotReloadBuild: undefined
}
[2026-09-19T15:28:43.752] [DEBUG] debug-file - Cache service initialization finished in 4 ms 
[2026-09-19T15:28:43.753] [DEBUG] debug-file - hvigorfile, resolving E:\new-chat\hvigorfile.ts
[2026-09-19T15:28:43.759] [DEBUG] debug-file - hvigorfile, require result:  { default: { plugins: [] } }
[2026-09-19T15:28:43.760] [DEBUG] debug-file - hvigorfile, binding system plugins null
[2026-09-19T15:28:43.763] [DEBUG] debug-file - Start initialize project's product build option map with build mode debug.
[2026-09-19T15:28:43.763] [DEBUG] debug-file - Picking option from product 'default' with build mode 'debug'.
[2026-09-19T15:28:43.763] [DEBUG] debug-file - Product 'default' build option initialized
[2026-09-19T15:28:43.763] [DEBUG] debug-file - End initialize project's product build option map with build mode 'debug'.
[2026-09-19T15:28:43.765] [DEBUG] debug-file - Obtain build option for product 'default'in this build.
[2026-09-19T15:28:43.765] [DEBUG] debug-file - No signingConfig found, initRemoteHspCache failed.
[2026-09-19T15:28:43.767] [DEBUG] debug-file - Start recording SDK configuration permission data.
[2026-09-19T15:28:43.791] [DEBUG] debug-file - Sdk init in 25 ms 
[2026-09-19T15:28:43.794] [DEBUG] debug-file - Project task initialization takes 3 ms 
[2026-09-19T15:28:43.794] [DEBUG] debug-file - hvigorfile, binding custom plugins []
[2026-09-19T15:28:43.794] [DEBUG] debug-file - hvigorfile, no custom plugins were found in E:\new-chat\hvigorfile.ts
[2026-09-19T15:28:43.794] [DEBUG] debug-file - hvigorfile, resolve finished E:\new-chat\hvigorfile.ts
[2026-09-19T15:28:43.794] [DEBUG] debug-file - hvigorfile, resolving E:\new-chat\entry\hvigorfile.ts
[2026-09-19T15:28:43.799] [DEBUG] debug-file - hvigorfile, require result:  { default: { plugins: [] } }
[2026-09-19T15:28:43.799] [DEBUG] debug-file - hvigorfile, binding system plugins null
[2026-09-19T15:28:43.799] [DEBUG] debug-file - failed to load cangjie to dynamically generate schemas: Error: Cannot find module '@ohos/cangjie-build-support/index'
Require stack:
- D:\DevEco Studio\tools\hvigor\hvigor-ohos-plugin\src\plugin\factory\plugin-factory.js
- D:\DevEco Studio\tools\hvigor\hvigor-ohos-plugin\index.js
- E:\new-chat\hvigorfile.ts
- D:\DevEco Studio\tools\hvigor\hvigor\src\base\internal\lifecycle\configuration.js
- D:\DevEco Studio\tools\hvigor\hvigor\src\base\boot\index.js
- D:\DevEco Studio\tools\hvigor\hvigor\src\base\daemon\cluster\worker-process-lifecycle.js
- D:\DevEco Studio\tools\hvigor\hvigor\src\base\daemon\process\daemon-process-boot-script.js
[2026-09-19T15:28:43.801] [DEBUG] debug-file - Start initialize module-target build option map, moduleName=entry, buildMode=debug
[2026-09-19T15:28:43.801] [DEBUG] debug-file - Target 'default' config initialized
[2026-09-19T15:28:43.801] [DEBUG] debug-file - Module 'entry' target 'default' build option initialized
[2026-09-19T15:28:43.802] [DEBUG] debug-file - End initialize module-target build option map, moduleName=entry
[2026-09-19T15:28:43.802] [DEBUG] debug-file - Start initialize module-target build option map, moduleName=entry, buildMode=release
[2026-09-19T15:28:43.802] [DEBUG] debug-file - Target 'default' config initialized
[2026-09-19T15:28:43.802] [DEBUG] debug-file - Module 'entry' target 'default' build option initialized
[2026-09-19T15:28:43.802] [DEBUG] debug-file - End initialize module-target build option map, moduleName=entry
[2026-09-19T15:28:43.802] [DEBUG] debug-file - Start initialize module-target build option map, moduleName=entry, buildMode=debug
[2026-09-19T15:28:43.802] [DEBUG] debug-file - Target 'default' config initialized
[2026-09-19T15:28:43.802] [DEBUG] debug-file - Module 'entry' target 'default' build option initialized
[2026-09-19T15:28:43.802] [DEBUG] debug-file - End initialize module-target build option map, moduleName=entry
[2026-09-19T15:28:43.802] [DEBUG] debug-file - Obtain build option for module 'entry' target 'default'in this build.
[2026-09-19T15:28:43.803] [DEBUG] debug-file - Module entry task initialization takes 1 ms 
[2026-09-19T15:28:43.803] [DEBUG] debug-file - hvigorfile, binding custom plugins []
[2026-09-19T15:28:43.803] [DEBUG] debug-file - hvigorfile, no custom plugins were found in E:\new-chat\entry\hvigorfile.ts
[2026-09-19T15:28:43.803] [DEBUG] debug-file - hvigorfile, resolve finished E:\new-chat\entry\hvigorfile.ts
[2026-09-19T15:28:43.816] [DEBUG] debug-file - hvigorfile, resolve hvigorfile dependencies in 13 ms 
[2026-09-19T15:28:43.816] [DEBUG] debug-file - project has submodules:entry
[2026-09-19T15:28:43.817] [DEBUG] debug-file - start to load updatedOhPackageInfo to the disk
[2026-09-19T15:28:43.819] [DEBUG] debug-file - load to the disk finished
[2026-09-19T15:28:43.820] [DEBUG] debug-file - Start to initialize dependency information.
[2026-09-19T15:28:43.821] [DEBUG] debug-file - Module new-chat Collected Dependency: 
[2026-09-19T15:28:43.821] [DEBUG] debug-file - Module new-chat's total dependency: 0
[2026-09-19T15:28:43.822] [DEBUG] debug-file - Start to initialize dependency information.
[2026-09-19T15:28:43.822] [DEBUG] debug-file - Module entry Collected Dependency: 
[2026-09-19T15:28:43.822] [DEBUG] debug-file - Module entry's total dependency: 0
[2026-09-19T15:28:43.823] [DEBUG] debug-file - Configuration phase cost:72 ms 
[2026-09-19T15:28:43.824] [DEBUG] debug-file - Configuration task cost before running: 78 ms 
[2026-09-19T15:28:43.826] [DEBUG] debug-file - Executing task :entry:default@PreBuild
[2026-09-19T15:28:43.827] [DEBUG] debug-file - Task 'entry:default@PreBuild' cost while wrapping incremental declarations: 1 ms 
[2026-09-19T15:28:43.829] [DEBUG] debug-file - Incremental task entry:default@PreBuild pre-execution cost: 2 ms .
[2026-09-19T15:28:43.829] [DEBUG] debug-file - entry : default@PreBuild cost memory 0.26340484619140625
[2026-09-19T15:28:43.830] [INFO] debug-file - UP-TO-DATE :entry:default@PreBuild...  
[2026-09-19T15:28:43.830] [DEBUG] debug-file - Executing task :entry:default@CreateModuleInfo
[2026-09-19T15:28:43.830] [DEBUG] debug-file - Task 'entry:default@CreateModuleInfo' cost while wrapping incremental declarations: 1 ms 
[2026-09-19T15:28:43.831] [DEBUG] debug-file - entry : default@CreateModuleInfo cost memory 0.0412445068359375
[2026-09-19T15:28:43.831] [DEBUG] debug-file - runTaskFromQueue task cost before running: 85 ms 
[2026-09-19T15:28:43.831] [INFO] debug-file - Finished :entry:default@CreateModuleInfo... after 1 ms 
[2026-09-19T15:28:43.831] [DEBUG] debug-file - Executing task :entry:default@GenerateMetadata
[2026-09-19T15:28:43.832] [DEBUG] debug-file - Task 'entry:default@GenerateMetadata' cost while wrapping incremental declarations: 1 ms 
[2026-09-19T15:28:43.832] [DEBUG] debug-file - Incremental task entry:default@GenerateMetadata pre-execution cost: 1 ms .
[2026-09-19T15:28:43.832] [DEBUG] debug-file - entry : default@GenerateMetadata cost memory 0.089263916015625
[2026-09-19T15:28:43.832] [INFO] debug-file - UP-TO-DATE :entry:default@GenerateMetadata...  
[2026-09-19T15:28:43.833] [DEBUG] debug-file - Executing task :entry:default@ConfigureCmake
[2026-09-19T15:28:43.833] [DEBUG] debug-file - entry : default@ConfigureCmake cost memory 0.01617431640625
[2026-09-19T15:28:43.833] [DEBUG] debug-file - runTaskFromQueue task cost before running: 87 ms 
[2026-09-19T15:28:43.833] [INFO] debug-file - Finished :entry:default@ConfigureCmake... after 1 ms 
[2026-09-19T15:28:43.833] [DEBUG] debug-file - Executing task :entry:default@MergeProfile
[2026-09-19T15:28:43.833] [DEBUG] debug-file - Task 'entry:default@MergeProfile' cost while wrapping incremental declarations: 1 ms 
[2026-09-19T15:28:43.834] [DEBUG] debug-file - Incremental task entry:default@MergeProfile pre-execution cost: 1 ms .
[2026-09-19T15:28:43.834] [DEBUG] debug-file - entry : default@MergeProfile cost memory 0.12395477294921875
[2026-09-19T15:28:43.834] [INFO] debug-file - UP-TO-DATE :entry:default@MergeProfile...  
[2026-09-19T15:28:43.835] [DEBUG] debug-file - Executing task :entry:default@CreateBuildProfile
[2026-09-19T15:28:43.835] [DEBUG] debug-file - Task 'entry:default@CreateBuildProfile' cost while wrapping incremental declarations: 1 ms 
[2026-09-19T15:28:43.835] [DEBUG] debug-file - Incremental task entry:default@CreateBuildProfile pre-execution cost: 1 ms .
[2026-09-19T15:28:43.835] [DEBUG] debug-file - entry : default@CreateBuildProfile cost memory 0.094482421875
[2026-09-19T15:28:43.835] [INFO] debug-file - UP-TO-DATE :entry:default@CreateBuildProfile...  
[2026-09-19T15:28:43.836] [DEBUG] debug-file - Executing task :entry:default@PreCheckSyscap
[2026-09-19T15:28:43.836] [DEBUG] debug-file - entry : default@PreCheckSyscap cost memory 0.01639556884765625
[2026-09-19T15:28:43.836] [DEBUG] debug-file - runTaskFromQueue task cost before running: 90 ms 
[2026-09-19T15:28:43.836] [INFO] debug-file - Finished :entry:default@PreCheckSyscap... after 1 ms 
[2026-09-19T15:28:43.837] [DEBUG] debug-file - Executing task :entry:default@GeneratePkgContextInfo
[2026-09-19T15:28:43.838] [DEBUG] debug-file - Task 'entry:default@GeneratePkgContextInfo' cost while wrapping incremental declarations: 1 ms 
[2026-09-19T15:28:43.838] [DEBUG] debug-file - entry : default@GeneratePkgContextInfo cost memory 0.14360809326171875
[2026-09-19T15:28:43.838] [DEBUG] debug-file - runTaskFromQueue task cost before running: 92 ms 
[2026-09-19T15:28:43.838] [INFO] debug-file - Finished :entry:default@GeneratePkgContextInfo... after 2 ms 
[2026-09-19T15:28:43.840] [DEBUG] debug-file - Executing task :entry:default@ProcessIntegratedHsp
[2026-09-19T15:28:43.840] [DEBUG] debug-file - entry:default@ProcessIntegratedHsp is not up-to-date, since the output file 'E:\new-chat\build\cache\default\integrated_hsp\integratedHspCache.json' does not exist.
[2026-09-19T15:28:43.840] [DEBUG] debug-file - Incremental task entry:default@ProcessIntegratedHsp pre-execution cost: 1 ms .
[2026-09-19T15:28:43.840] [DEBUG] debug-file - entry : default@ProcessIntegratedHsp cost memory 0.05902099609375
[2026-09-19T15:28:43.840] [DEBUG] debug-file - runTaskFromQueue task cost before running: 94 ms 
[2026-09-19T15:28:43.840] [INFO] debug-file - Finished :entry:default@ProcessIntegratedHsp... after 1 ms 
[2026-09-19T15:28:43.841] [DEBUG] debug-file - Executing task :entry:default@BuildNativeWithCmake
[2026-09-19T15:28:43.841] [DEBUG] debug-file - entry : default@BuildNativeWithCmake cost memory 0.01721954345703125
[2026-09-19T15:28:43.841] [DEBUG] debug-file - runTaskFromQueue task cost before running: 95 ms 
[2026-09-19T15:28:43.841] [INFO] debug-file - Finished :entry:default@BuildNativeWithCmake... after 1 ms 
[2026-09-19T15:28:43.842] [DEBUG] debug-file - Executing task :entry:default@MakePackInfo
[2026-09-19T15:28:43.842] [DEBUG] debug-file - Incremental task entry:default@MakePackInfo pre-execution cost: 1 ms .
[2026-09-19T15:28:43.842] [DEBUG] debug-file - entry : default@MakePackInfo cost memory 0.09767913818359375
[2026-09-19T15:28:43.843] [INFO] debug-file - UP-TO-DATE :entry:default@MakePackInfo...  
[2026-09-19T15:28:43.843] [DEBUG] debug-file - Executing task :entry:default@SyscapTransform
[2026-09-19T15:28:43.843] [DEBUG] debug-file - File: 'E:\new-chat\entry\src\main\syscap.json' from 'sysCapJsonPath' is not exists, just ignore.
[2026-09-19T15:28:43.843] [DEBUG] debug-file - Task 'entry:default@SyscapTransform' cost while wrapping incremental declarations: 1 ms 
[2026-09-19T15:28:43.844] [DEBUG] debug-file - entry:default@SyscapTransform is not up-to-date, since the output file 'E:\new-chat\entry\build\default\intermediates\syscap\default\rpcid.sc' does not exist.
[2026-09-19T15:28:43.844] [DEBUG] debug-file - Incremental task entry:default@SyscapTransform pre-execution cost: 1 ms .
[2026-09-19T15:28:43.844] [DEBUG] debug-file - entry : default@SyscapTransform cost memory 0.14664459228515625
[2026-09-19T15:28:43.844] [DEBUG] debug-file - runTaskFromQueue task cost before running: 98 ms 
[2026-09-19T15:28:43.844] [INFO] debug-file - Finished :entry:default@SyscapTransform... after 1 ms 
[2026-09-19T15:28:43.845] [DEBUG] debug-file - Executing task :entry:default@ProcessProfile
[2026-09-19T15:28:43.845] [DEBUG] debug-file - Task 'entry:default@ProcessProfile' cost while wrapping incremental declarations: 1 ms 
[2026-09-19T15:28:43.845] [DEBUG] debug-file - Incremental task entry:default@ProcessProfile pre-execution cost: 1 ms .
[2026-09-19T15:28:43.845] [DEBUG] debug-file - entry : default@ProcessProfile cost memory 0.12656402587890625
[2026-09-19T15:28:43.845] [INFO] debug-file - UP-TO-DATE :entry:default@ProcessProfile...  
[2026-09-19T15:28:43.846] [DEBUG] debug-file - Executing task :entry:default@ProcessRouterMap
[2026-09-19T15:28:43.847] [DEBUG] debug-file - Incremental task entry:default@ProcessRouterMap pre-execution cost: 1 ms .
[2026-09-19T15:28:43.847] [DEBUG] debug-file - entry : default@ProcessRouterMap cost memory 0.11563873291015625
[2026-09-19T15:28:43.847] [INFO] debug-file - UP-TO-DATE :entry:default@ProcessRouterMap...  
[2026-09-19T15:28:43.847] [DEBUG] debug-file - Executing task :entry:default@ProcessShareConfig
[2026-09-19T15:28:43.848] [DEBUG] debug-file - Incremental task entry:default@ProcessShareConfig pre-execution cost: 1 ms .
[2026-09-19T15:28:43.848] [DEBUG] debug-file - entry : default@ProcessShareConfig cost memory 0.10033416748046875
[2026-09-19T15:28:43.848] [INFO] debug-file - UP-TO-DATE :entry:default@ProcessShareConfig...  
[2026-09-19T15:28:43.849] [DEBUG] debug-file - Executing task :entry:default@ProcessStartupConfig
[2026-09-19T15:28:43.849] [DEBUG] debug-file - Task 'entry:default@ProcessStartupConfig' cost while wrapping incremental declarations: 1 ms 
[2026-09-19T15:28:43.849] [DEBUG] debug-file - entry:default@ProcessStartupConfig is not up-to-date, since the output file 'E:\new-chat\entry\build\default\intermediates\startup\default\startup_config.json' does not exist.
[2026-09-19T15:28:43.849] [DEBUG] debug-file - Incremental task entry:default@ProcessStartupConfig pre-execution cost: 1 ms .
[2026-09-19T15:28:43.849] [DEBUG] debug-file - entry : default@ProcessStartupConfig cost memory 0.0930633544921875
[2026-09-19T15:28:43.849] [DEBUG] debug-file - runTaskFromQueue task cost before running: 104 ms 
[2026-09-19T15:28:43.850] [INFO] debug-file - Finished :entry:default@ProcessStartupConfig... after 1 ms 
[2026-09-19T15:28:43.850] [DEBUG] debug-file - Executing task :entry:default@BuildNativeWithNinja
[2026-09-19T15:28:43.850] [DEBUG] debug-file - entry : default@BuildNativeWithNinja cost memory 0.0221099853515625
[2026-09-19T15:28:43.850] [DEBUG] debug-file - runTaskFromQueue task cost before running: 105 ms 
[2026-09-19T15:28:43.851] [INFO] debug-file - Finished :entry:default@BuildNativeWithNinja... after 1 ms 
[2026-09-19T15:28:43.851] [DEBUG] debug-file - restool module names: entry; moduleName=entry, taskName=default@ProcessResource
[2026-09-19T15:28:43.852] [DEBUG] debug-file - Executing task :entry:default@ProcessResource
[2026-09-19T15:28:43.852] [DEBUG] debug-file - Task 'entry:default@ProcessResource' cost while wrapping incremental declarations: 1 ms 
[2026-09-19T15:28:43.853] [DEBUG] debug-file - Incremental task entry:default@ProcessResource pre-execution cost: 1 ms .
[2026-09-19T15:28:43.853] [DEBUG] debug-file - entry : default@ProcessResource cost memory -1.5208663940429688
[2026-09-19T15:28:43.853] [INFO] debug-file - UP-TO-DATE :entry:default@ProcessResource...  
[2026-09-19T15:28:43.854] [DEBUG] debug-file - Executing task :entry:default@GenerateLoaderJson
[2026-09-19T15:28:43.854] [DEBUG] debug-file - Task 'entry:default@GenerateLoaderJson' cost while wrapping incremental declarations: 1 ms 
[2026-09-19T15:28:43.857] [DEBUG] debug-file - Incremental task entry:default@GenerateLoaderJson pre-execution cost: 2 ms .
[2026-09-19T15:28:43.857] [DEBUG] debug-file - entry : default@GenerateLoaderJson cost memory 0.38016510009765625
[2026-09-19T15:28:43.858] [INFO] debug-file - UP-TO-DATE :entry:default@GenerateLoaderJson...  
[2026-09-19T15:28:43.858] [DEBUG] debug-file - Executing task :entry:default@ProcessLibs
[2026-09-19T15:28:43.859] [DEBUG] debug-file - Incremental task entry:default@ProcessLibs pre-execution cost: 1 ms .
[2026-09-19T15:28:43.859] [DEBUG] debug-file - entry : default@ProcessLibs cost memory 0.0940704345703125
[2026-09-19T15:28:43.859] [INFO] debug-file - UP-TO-DATE :entry:default@ProcessLibs...  
[2026-09-19T15:28:43.860] [DEBUG] debug-file - restool module names: entry; moduleName=entry, taskName=default@CompileResource
[2026-09-19T15:28:43.860] [DEBUG] debug-file - Executing task :entry:default@CompileResource
[2026-09-19T15:28:43.862] [DEBUG] debug-file - Incremental task entry:default@CompileResource pre-execution cost: 3 ms .
[2026-09-19T15:28:43.862] [DEBUG] debug-file - entry : default@CompileResource cost memory 0.4131317138671875
[2026-09-19T15:28:43.863] [INFO] debug-file - UP-TO-DATE :entry:default@CompileResource...  
[2026-09-19T15:28:43.863] [DEBUG] debug-file - Executing task :entry:default@DoNativeStrip
[2026-09-19T15:28:43.864] [DEBUG] debug-file - Task 'entry:default@DoNativeStrip' cost while wrapping incremental declarations: 1 ms 
[2026-09-19T15:28:43.864] [DEBUG] debug-file - Incremental task entry:default@DoNativeStrip pre-execution cost: 1 ms .
[2026-09-19T15:28:43.864] [DEBUG] debug-file - entry : default@DoNativeStrip cost memory 0.08168792724609375
[2026-09-19T15:28:43.865] [INFO] debug-file - UP-TO-DATE :entry:default@DoNativeStrip...  
[2026-09-19T15:28:43.866] [DEBUG] debug-file - Executing task :entry:default@CompileArkTS
[2026-09-19T15:28:43.866] [DEBUG] debug-file - obfuscationOptions: undefined
[2026-09-19T15:28:43.866] [DEBUG] debug-file - Task 'entry:default@CompileArkTS' cost while wrapping incremental declarations: 1 ms 
[2026-09-19T15:28:43.871] [DEBUG] debug-file - Incremental task entry:default@CompileArkTS pre-execution cost: 4 ms .
[2026-09-19T15:28:43.871] [DEBUG] debug-file - entry : default@CompileArkTS cost memory 0.5008010864257812
[2026-09-19T15:28:43.872] [INFO] debug-file - UP-TO-DATE :entry:default@CompileArkTS...  
[2026-09-19T15:28:43.873] [DEBUG] debug-file - Executing task :entry:default@BuildJS
[2026-09-19T15:28:43.874] [DEBUG] debug-file - Task 'entry:default@BuildJS' cost while wrapping incremental declarations: 1 ms 
[2026-09-19T15:28:43.875] [DEBUG] debug-file - entry : default@BuildJS cost memory 0.13458251953125
[2026-09-19T15:28:43.875] [DEBUG] debug-file - runTaskFromQueue task cost before running: 129 ms 
[2026-09-19T15:28:43.875] [INFO] debug-file - Finished :entry:default@BuildJS... after 2 ms 
[2026-09-19T15:28:43.876] [DEBUG] debug-file - Executing task :entry:default@CacheNativeLibs
[2026-09-19T15:28:43.876] [DEBUG] debug-file - Task 'entry:default@CacheNativeLibs' cost while wrapping incremental declarations: 1 ms 
[2026-09-19T15:28:43.877] [DEBUG] debug-file - Incremental task entry:default@CacheNativeLibs pre-execution cost: 1 ms .
[2026-09-19T15:28:43.877] [DEBUG] debug-file - entry : default@CacheNativeLibs cost memory 0.09535980224609375
[2026-09-19T15:28:43.877] [INFO] debug-file - UP-TO-DATE :entry:default@CacheNativeLibs...  
[2026-09-19T15:28:43.878] [DEBUG] debug-file - Executing task :entry:default@GeneratePkgModuleJson
[2026-09-19T15:28:43.878] [DEBUG] debug-file - File: 'E:\new-chat\entry\build\default\intermediates\preload\default\preload.json' from 'preloadSoJsonPath' is not exists, just ignore.
[2026-09-19T15:28:43.878] [DEBUG] debug-file - Error occurs while handling @Input 'shouldDeduplicateHar': The "data" argument must be of type string or an instance of Buffer, TypedArray, or DataView. Received undefined
[2026-09-19T15:28:43.878] [DEBUG] debug-file - Task 'entry:default@GeneratePkgModuleJson' cost while wrapping incremental declarations: 1 ms 
[2026-09-19T15:28:43.878] [DEBUG] debug-file - Incremental task entry:default@GeneratePkgModuleJson pre-execution cost: 1 ms .
[2026-09-19T15:28:43.878] [DEBUG] debug-file - entry : default@GeneratePkgModuleJson cost memory 0.1115875244140625
[2026-09-19T15:28:43.882] [INFO] debug-file - UP-TO-DATE :entry:default@GeneratePkgModuleJson...  
[2026-09-19T15:28:43.882] [DEBUG] debug-file - Executing task :entry:default@ProcessCompiledResources
[2026-09-19T15:28:43.883] [DEBUG] debug-file - File: 'E:\new-chat\entry\build\default\intermediates\preload\default\preload.json' from 'preloadSoJsonPath' is not exists, just ignore.
[2026-09-19T15:28:43.883] [DEBUG] debug-file - Task 'entry:default@ProcessCompiledResources' cost while wrapping incremental declarations: 1 ms 
[2026-09-19T15:28:43.883] [DEBUG] debug-file - entry : default@ProcessCompiledResources cost memory 0.06125640869140625
[2026-09-19T15:28:43.883] [DEBUG] debug-file - runTaskFromQueue task cost before running: 137 ms 
[2026-09-19T15:28:43.883] [INFO] debug-file - Finished :entry:default@ProcessCompiledResources... after 1 ms 
[2026-09-19T15:28:43.885] [DEBUG] debug-file - Executing task :entry:default@PackageHap
[2026-09-19T15:28:43.888] [DEBUG] debug-file - Incremental task entry:default@PackageHap pre-execution cost: 3 ms .
[2026-09-19T15:28:43.888] [DEBUG] debug-file - entry : default@PackageHap cost memory 0.36989593505859375
[2026-09-19T15:28:43.888] [INFO] debug-file - UP-TO-DATE :entry:default@PackageHap...  
[2026-09-19T15:28:43.889] [DEBUG] debug-file - Executing task :entry:default@PackingCheck
[2026-09-19T15:28:43.892] [DEBUG] debug-file - entry : default@PackingCheck cost memory 0.58477783203125
[2026-09-19T15:28:43.892] [DEBUG] debug-file - runTaskFromQueue task cost before running: 146 ms 
[2026-09-19T15:28:43.892] [INFO] debug-file - Finished :entry:default@PackingCheck... after 3 ms 
[2026-09-19T15:28:43.892] [DEBUG] debug-file - Executing task :entry:default@SignHap
[2026-09-19T15:28:43.892] [WARN] debug-file - Will skip sign 'hos_hap'. No signingConfigs profile is configured in current project.
             If needed, configure the signingConfigs in E:\new-chat\build-profile.json5.
[2026-09-19T15:28:43.893] [DEBUG] debug-file - entry:default@SignHap is not up-to-date, since the output file 'E:\new-chat\entry\build\default\outputs\default\entry-default-signed.hap' does not exist.
[2026-09-19T15:28:43.893] [DEBUG] debug-file - Incremental task entry:default@SignHap pre-execution cost: 1 ms .
[2026-09-19T15:28:43.893] [DEBUG] debug-file - entry : default@SignHap cost memory 0.09759521484375
[2026-09-19T15:28:43.893] [DEBUG] debug-file - runTaskFromQueue task cost before running: 147 ms 
[2026-09-19T15:28:43.893] [INFO] debug-file - Finished :entry:default@SignHap... after 1 ms 
[2026-09-19T15:28:43.894] [DEBUG] debug-file - Executing task :entry:default@CollectDebugSymbol
[2026-09-19T15:28:43.894] [DEBUG] debug-file - entry : default@CollectDebugSymbol cost memory 0.07840728759765625
[2026-09-19T15:28:43.894] [DEBUG] debug-file - runTaskFromQueue task cost before running: 148 ms 
[2026-09-19T15:28:43.894] [INFO] debug-file - Finished :entry:default@CollectDebugSymbol... after 1 ms 
[2026-09-19T15:28:43.894] [DEBUG] debug-file - Executing task :entry:assembleHap
[2026-09-19T15:28:43.894] [DEBUG] debug-file - entry : assembleHap cost memory 0.014404296875
[2026-09-19T15:28:43.894] [DEBUG] debug-file - runTaskFromQueue task cost before running: 149 ms 
[2026-09-19T15:28:43.895] [INFO] debug-file - Finished :entry:assembleHap... after 1 ms 
[2026-09-19T15:28:43.901] [INFO] debug-file - BUILD SUCCESSFUL in 155 ms 
[2026-09-19T15:28:43.901] [DEBUG] debug-file - There is no need to refresh cache, since the incremental task entry:default@PreBuild is up-to-date.
[2026-09-19T15:28:43.901] [DEBUG] debug-file - Update task entry:default@CreateModuleInfo output file:E:\new-chat\entry\build\default\generated\profile\default\ModuleInfo.ts cache.
[2026-09-19T15:28:43.901] [DEBUG] debug-file - Incremental task entry:default@CreateModuleInfo post-execution cost:1 ms .
[2026-09-19T15:28:43.901] [DEBUG] debug-file - There is no need to refresh cache, since the incremental task entry:default@GenerateMetadata is up-to-date.
[2026-09-19T15:28:43.901] [DEBUG] debug-file - There is no need to refresh cache, since the incremental task entry:default@MergeProfile is up-to-date.
[2026-09-19T15:28:43.901] [DEBUG] debug-file - There is no need to refresh cache, since the incremental task entry:default@CreateBuildProfile is up-to-date.
[2026-09-19T15:28:43.901] [DEBUG] debug-file - Update task entry:default@GeneratePkgContextInfo output file:E:\new-chat\entry\build\default\intermediates\loader\default\pkgContextInfo.json cache.
[2026-09-19T15:28:43.902] [DEBUG] debug-file - Incremental task entry:default@GeneratePkgContextInfo post-execution cost:1 ms .
[2026-09-19T15:28:43.902] [DEBUG] debug-file - Update task entry:default@ProcessIntegratedHsp output file:E:\new-chat\build\cache\default\integrated_hsp\integratedHspCache.json cache.
[2026-09-19T15:28:43.903] [DEBUG] debug-file - Incremental task entry:default@ProcessIntegratedHsp post-execution cost:2 ms .
[2026-09-19T15:28:43.903] [DEBUG] debug-file - There is no need to refresh cache, since the incremental task entry:default@MakePackInfo is up-to-date.
[2026-09-19T15:28:43.903] [DEBUG] debug-file - Update task entry:default@SyscapTransform input file:D:\DevEco Studio\sdk\default\openharmony\toolchains\syscap_tool.exe cache by regenerate.
[2026-09-19T15:28:43.903] [DEBUG] debug-file - Update task entry:default@SyscapTransform input file:D:\DevEco Studio\sdk\default\openharmony\ets\api\device-define cache by regenerate.
[2026-09-19T15:28:43.904] [DEBUG] debug-file - Update task entry:default@SyscapTransform output file:E:\new-chat\entry\build\default\intermediates\syscap\default\rpcid.sc cache.
[2026-09-19T15:28:43.904] [DEBUG] debug-file - Incremental task entry:default@SyscapTransform post-execution cost:1 ms .
[2026-09-19T15:28:43.904] [DEBUG] debug-file - There is no need to refresh cache, since the incremental task entry:default@ProcessProfile is up-to-date.
[2026-09-19T15:28:43.904] [DEBUG] debug-file - There is no need to refresh cache, since the incremental task entry:default@ProcessRouterMap is up-to-date.
[2026-09-19T15:28:43.904] [DEBUG] debug-file - There is no need to refresh cache, since the incremental task entry:default@ProcessShareConfig is up-to-date.
[2026-09-19T15:28:43.904] [DEBUG] debug-file - Update task entry:default@ProcessStartupConfig output file:E:\new-chat\entry\build\default\intermediates\startup\default\startup_config.json cache.
[2026-09-19T15:28:43.904] [DEBUG] debug-file - Incremental task entry:default@ProcessStartupConfig post-execution cost:1 ms .
[2026-09-19T15:28:43.904] [DEBUG] debug-file - There is no need to refresh cache, since the incremental task entry:default@ProcessResource is up-to-date.
[2026-09-19T15:28:43.904] [DEBUG] debug-file - There is no need to refresh cache, since the incremental task entry:default@GenerateLoaderJson is up-to-date.
[2026-09-19T15:28:43.904] [DEBUG] debug-file - There is no need to refresh cache, since the incremental task entry:default@ProcessLibs is up-to-date.
[2026-09-19T15:28:43.904] [DEBUG] debug-file - There is no need to refresh cache, since the incremental task entry:default@CompileResource is up-to-date.
[2026-09-19T15:28:43.904] [DEBUG] debug-file - There is no need to refresh cache, since the incremental task entry:default@DoNativeStrip is up-to-date.
[2026-09-19T15:28:43.904] [DEBUG] debug-file - There is no need to refresh cache, since the incremental task entry:default@CompileArkTS is up-to-date.
[2026-09-19T15:28:43.905] [DEBUG] debug-file - Update task entry:default@BuildJS input file:E:\new-chat\entry\build\default\intermediates\loader\default cache by regenerate.
[2026-09-19T15:28:43.905] [DEBUG] debug-file - Update task entry:default@BuildJS input file:E:\new-chat\entry\build\default\intermediates\res\default\ResourceTable.txt cache by regenerate.
[2026-09-19T15:28:43.905] [DEBUG] debug-file - Update task entry:default@BuildJS input file:E:\new-chat\entry\build\default\intermediates\res\default\ark_module.json cache by regenerate.
[2026-09-19T15:28:43.905] [DEBUG] debug-file - Update task entry:default@BuildJS input file:E:\new-chat\entry\build\default\intermediates\res\default\resources\base\profile cache by regenerate.
[2026-09-19T15:28:43.905] [DEBUG] debug-file - Update task entry:default@BuildJS output file:E:\new-chat\entry\build\default\intermediates\loader_out\default\js cache.
[2026-09-19T15:28:43.905] [DEBUG] debug-file - Incremental task entry:default@BuildJS post-execution cost:2 ms .
[2026-09-19T15:28:43.905] [DEBUG] debug-file - There is no need to refresh cache, since the incremental task entry:default@CacheNativeLibs is up-to-date.
[2026-09-19T15:28:43.905] [DEBUG] debug-file - There is no need to refresh cache, since the incremental task entry:default@GeneratePkgModuleJson is up-to-date.
[2026-09-19T15:28:43.905] [DEBUG] debug-file - Incremental task entry:default@ProcessCompiledResources post-execution cost:1 ms .
[2026-09-19T15:28:43.906] [DEBUG] debug-file - There is no need to refresh cache, since the incremental task entry:default@PackageHap is up-to-date.
[2026-09-19T15:28:43.906] [DEBUG] debug-file - Update task entry:default@SignHap input file:E:\new-chat\entry\build\default\outputs\default\entry-default-unsigned.hap cache by regenerate.
[2026-09-19T15:28:43.906] [DEBUG] debug-file - Update task entry:default@SignHap output file:E:\new-chat\entry\build\default\outputs\default\entry-default-signed.hap cache.
[2026-09-19T15:28:43.906] [DEBUG] debug-file - Incremental task entry:default@SignHap post-execution cost:1 ms .
[2026-09-19T15:28:43.906] [DEBUG] debug-file - Update task entry:default@CollectDebugSymbol input file:E:\new-chat\entry\build\default\intermediates\loader_out\default\ets\sourceMaps.map cache by regenerate.
[2026-09-19T15:28:43.907] [DEBUG] debug-file - Update task entry:default@CollectDebugSymbol input file:E:\new-chat\entry\build\default\intermediates\libs\default cache by regenerate.
[2026-09-19T15:28:43.907] [DEBUG] debug-file - Update task entry:default@CollectDebugSymbol output file:E:\new-chat\entry\build\default\outputs\default\symbol cache.
[2026-09-19T15:28:43.907] [DEBUG] debug-file - Incremental task entry:default@CollectDebugSymbol post-execution cost:1 ms .
[2026-09-19T15:28:43.919] [DEBUG] debug-file - hvigor build process will be closed.
[2026-09-19T15:28:43.924] [DEBUG] debug-file - session manager: send message to worker process.
[2026-09-19T15:28:43.925] [DEBUG] debug-file - session manager: send message to worker process.
[2026-09-19T15:28:43.925] [DEBUG] debug-file - watch worker: worker id should be larger than 0. Nothing will be sent to any worker thread.
[2026-09-19T15:28:43.925] [DEBUG] debug-file - watch worker: worker id should be larger than 0. Nothing will be sent to any worker thread.
[2026-09-19T15:29:43.123] [DEBUG] debug-file - session manager: set active socket. socketId=Yi1KC4zHCaFgYkanAAAN
[2026-09-19T15:29:43.140] [DEBUG] debug-file - watch worker: worker id should be larger than 0. Nothing will be sent to any worker thread.
[2026-09-19T15:29:43.144] [DEBUG] debug-file - Hvigor init with startParameters:{
  hvigorfileTypeCheck: false,
  parallelExecution: true,
  incrementalExecution: true,
  printStackTrace: false,
  daemon: true,
  analyze: 0,
  logLevel: Level { level: 20000, levelStr: 'INFO', colour: 'green' },
  optimizationStrategy: 'memory',
  hotCompile: undefined,
  hotReloadBuild: undefined
}
[2026-09-19T15:29:43.148] [DEBUG] debug-file - Cache service initialization finished in 3 ms 
[2026-09-19T15:29:43.149] [DEBUG] debug-file - hvigorfile, resolving E:\new-chat\hvigorfile.ts
[2026-09-19T15:29:43.154] [DEBUG] debug-file - hvigorfile, require result:  { default: { plugins: [] } }
[2026-09-19T15:29:43.154] [DEBUG] debug-file - hvigorfile, binding system plugins null
[2026-09-19T15:29:43.158] [DEBUG] debug-file - Start initialize project's product build option map with build mode debug.
[2026-09-19T15:29:43.158] [DEBUG] debug-file - Picking option from product 'default' with build mode 'debug'.
[2026-09-19T15:29:43.158] [DEBUG] debug-file - Product 'default' build option initialized
[2026-09-19T15:29:43.158] [DEBUG] debug-file - End initialize project's product build option map with build mode 'debug'.
[2026-09-19T15:29:43.159] [DEBUG] debug-file - Obtain build option for product 'default'in this build.
[2026-09-19T15:29:43.159] [DEBUG] debug-file - E:\new-chat\build\cache\default\remote_hsp\remoteHspCache.json not exists.
[2026-09-19T15:29:43.161] [DEBUG] debug-file - Start recording SDK configuration permission data.
[2026-09-19T15:29:43.182] [DEBUG] debug-file - Sdk init in 23 ms 
[2026-09-19T15:29:43.185] [DEBUG] debug-file - Project task initialization takes 2 ms 
[2026-09-19T15:29:43.185] [DEBUG] debug-file - hvigorfile, binding custom plugins []
[2026-09-19T15:29:43.185] [DEBUG] debug-file - hvigorfile, no custom plugins were found in E:\new-chat\hvigorfile.ts
[2026-09-19T15:29:43.185] [DEBUG] debug-file - hvigorfile, resolve finished E:\new-chat\hvigorfile.ts
[2026-09-19T15:29:43.185] [DEBUG] debug-file - hvigorfile, resolving E:\new-chat\entry\hvigorfile.ts
[2026-09-19T15:29:43.188] [DEBUG] debug-file - hvigorfile, require result:  { default: { plugins: [] } }
[2026-09-19T15:29:43.188] [DEBUG] debug-file - hvigorfile, binding system plugins null
[2026-09-19T15:29:43.188] [DEBUG] debug-file - failed to load cangjie to dynamically generate schemas: Error: Cannot find module '@ohos/cangjie-build-support/index'
Require stack:
- D:\DevEco Studio\tools\hvigor\hvigor-ohos-plugin\src\plugin\factory\plugin-factory.js
- D:\DevEco Studio\tools\hvigor\hvigor-ohos-plugin\index.js
- E:\new-chat\hvigorfile.ts
- D:\DevEco Studio\tools\hvigor\hvigor\src\base\internal\lifecycle\configuration.js
- D:\DevEco Studio\tools\hvigor\hvigor\src\base\boot\index.js
- D:\DevEco Studio\tools\hvigor\hvigor\src\base\daemon\cluster\worker-process-lifecycle.js
- D:\DevEco Studio\tools\hvigor\hvigor\src\base\daemon\process\daemon-process-boot-script.js
[2026-09-19T15:29:43.189] [DEBUG] debug-file - Start initialize module-target build option map, moduleName=entry, buildMode=debug
[2026-09-19T15:29:43.190] [DEBUG] debug-file - Target 'default' config initialized
[2026-09-19T15:29:43.190] [DEBUG] debug-file - Module 'entry' target 'default' build option initialized
[2026-09-19T15:29:43.190] [DEBUG] debug-file - End initialize module-target build option map, moduleName=entry
[2026-09-19T15:29:43.190] [DEBUG] debug-file - Start initialize module-target build option map, moduleName=entry, buildMode=release
[2026-09-19T15:29:43.190] [DEBUG] debug-file - Target 'default' config initialized
[2026-09-19T15:29:43.190] [DEBUG] debug-file - Module 'entry' target 'default' build option initialized
[2026-09-19T15:29:43.190] [DEBUG] debug-file - End initialize module-target build option map, moduleName=entry
[2026-09-19T15:29:43.190] [DEBUG] debug-file - Start initialize module-target build option map, moduleName=entry, buildMode=debug
[2026-09-19T15:29:43.190] [DEBUG] debug-file - Target 'default' config initialized
[2026-09-19T15:29:43.190] [DEBUG] debug-file - Module 'entry' target 'default' build option initialized
[2026-09-19T15:29:43.190] [DEBUG] debug-file - End initialize module-target build option map, moduleName=entry
[2026-09-19T15:29:43.190] [DEBUG] debug-file - Obtain build option for module 'entry' target 'default'in this build.
[2026-09-19T15:29:43.191] [DEBUG] debug-file - Module entry task initialization takes 1 ms 
[2026-09-19T15:29:43.191] [DEBUG] debug-file - hvigorfile, binding custom plugins []
[2026-09-19T15:29:43.191] [DEBUG] debug-file - hvigorfile, no custom plugins were found in E:\new-chat\entry\hvigorfile.ts
[2026-09-19T15:29:43.191] [DEBUG] debug-file - hvigorfile, resolve finished E:\new-chat\entry\hvigorfile.ts
[2026-09-19T15:29:43.204] [DEBUG] debug-file - hvigorfile, resolve hvigorfile dependencies in 13 ms 
[2026-09-19T15:29:43.204] [DEBUG] debug-file - project has submodules:entry
[2026-09-19T15:29:43.205] [DEBUG] debug-file - start to load updatedOhPackageInfo to the disk
[2026-09-19T15:29:43.207] [DEBUG] debug-file - load to the disk finished
[2026-09-19T15:29:43.207] [DEBUG] debug-file - Start to initialize dependency information.
[2026-09-19T15:29:43.208] [DEBUG] debug-file - Module new-chat Collected Dependency: 
[2026-09-19T15:29:43.208] [DEBUG] debug-file - Module new-chat's total dependency: 0
[2026-09-19T15:29:43.208] [DEBUG] debug-file - Start to initialize dependency information.
[2026-09-19T15:29:43.209] [DEBUG] debug-file - Module entry Collected Dependency: 
[2026-09-19T15:29:43.209] [DEBUG] debug-file - Module entry's total dependency: 0
[2026-09-19T15:29:43.210] [DEBUG] debug-file - Configuration phase cost:63 ms 
[2026-09-19T15:29:43.210] [DEBUG] debug-file - Configuration task cost before running: 69 ms 
[2026-09-19T15:29:43.211] [DEBUG] debug-file - Executing task :entry:init
[2026-09-19T15:29:43.211] [DEBUG] debug-file - entry : init cost memory 0.01560211181640625
[2026-09-19T15:29:43.211] [DEBUG] debug-file - runTaskFromQueue task cost before running: 69 ms 
[2026-09-19T15:29:43.211] [INFO] debug-file - Finished :entry:init... after 1 ms 
[2026-09-19T15:29:43.211] [DEBUG] debug-file - Executing task ::init
[2026-09-19T15:29:43.211] [DEBUG] debug-file - new-chat : init cost memory 0.01441192626953125
[2026-09-19T15:29:43.212] [DEBUG] debug-file - runTaskFromQueue task cost before running: 70 ms 
[2026-09-19T15:29:43.212] [INFO] debug-file - Finished ::init... after 1 ms 
[2026-09-19T15:29:43.220] [DEBUG] debug-file - Obtain build option for module 'entry' target 'default'in this build.
[2026-09-19T15:29:43.221] [DEBUG] debug-file - hvigor build process will be closed.
[2026-09-19T15:29:43.225] [DEBUG] debug-file - session manager: send message to worker process.
[2026-09-19T15:29:43.225] [DEBUG] debug-file - session manager: send message to worker process.
[2026-09-19T15:29:43.226] [DEBUG] debug-file - watch worker: worker id should be larger than 0. Nothing will be sent to any worker thread.
[2026-09-19T15:29:43.226] [DEBUG] debug-file - watch worker: worker id should be larger than 0. Nothing will be sent to any worker thread.
[2026-09-19T15:30:18.768] [DEBUG] debug-file - session manager: set active socket. socketId=4bPf4d0nRgcWr5C7AAAP
[2026-09-19T15:30:18.781] [DEBUG] debug-file - watch worker: worker id should be larger than 0. Nothing will be sent to any worker thread.
[2026-09-19T15:30:18.785] [DEBUG] debug-file - Hvigor init with startParameters:{
  hvigorfileTypeCheck: false,
  parallelExecution: true,
  incrementalExecution: true,
  printStackTrace: false,
  daemon: true,
  analyze: 0,
  logLevel: Level { level: 20000, levelStr: 'INFO', colour: 'green' },
  optimizationStrategy: 'memory',
  hotCompile: undefined,
  hotReloadBuild: undefined
}
[2026-09-19T15:30:18.787] [DEBUG] debug-file - Cache service initialization finished in 2 ms 
[2026-09-19T15:30:18.788] [DEBUG] debug-file - hvigorfile, resolving E:\new-chat\hvigorfile.ts
[2026-09-19T15:30:18.792] [DEBUG] debug-file - hvigorfile, require result:  { default: { plugins: [] } }
[2026-09-19T15:30:18.792] [DEBUG] debug-file - hvigorfile, binding system plugins null
[2026-09-19T15:30:18.796] [DEBUG] debug-file - Start initialize project's product build option map with build mode debug.
[2026-09-19T15:30:18.796] [DEBUG] debug-file - Picking option from product 'default' with build mode 'debug'.
[2026-09-19T15:30:18.796] [DEBUG] debug-file - Product 'default' build option initialized
[2026-09-19T15:30:18.796] [DEBUG] debug-file - End initialize project's product build option map with build mode 'debug'.
[2026-09-19T15:30:18.797] [DEBUG] debug-file - Obtain build option for product 'default'in this build.
[2026-09-19T15:30:18.798] [DEBUG] debug-file - E:\new-chat\build\cache\default\remote_hsp\remoteHspCache.json not exists.
[2026-09-19T15:30:18.800] [DEBUG] debug-file - Start recording SDK configuration permission data.
[2026-09-19T15:30:18.823] [DEBUG] debug-file - Sdk init in 25 ms 
[2026-09-19T15:30:18.825] [DEBUG] debug-file - Project task initialization takes 2 ms 
[2026-09-19T15:30:18.825] [DEBUG] debug-file - hvigorfile, binding custom plugins []
[2026-09-19T15:30:18.825] [DEBUG] debug-file - hvigorfile, no custom plugins were found in E:\new-chat\hvigorfile.ts
[2026-09-19T15:30:18.825] [DEBUG] debug-file - hvigorfile, resolve finished E:\new-chat\hvigorfile.ts
[2026-09-19T15:30:18.826] [DEBUG] debug-file - hvigorfile, resolving E:\new-chat\entry\hvigorfile.ts
[2026-09-19T15:30:18.831] [DEBUG] debug-file - hvigorfile, require result:  { default: { plugins: [] } }
[2026-09-19T15:30:18.831] [DEBUG] debug-file - hvigorfile, binding system plugins null
[2026-09-19T15:30:18.832] [DEBUG] debug-file - failed to load cangjie to dynamically generate schemas: Error: Cannot find module '@ohos/cangjie-build-support/index'
Require stack:
- D:\DevEco Studio\tools\hvigor\hvigor-ohos-plugin\src\plugin\factory\plugin-factory.js
- D:\DevEco Studio\tools\hvigor\hvigor-ohos-plugin\index.js
- E:\new-chat\hvigorfile.ts
- D:\DevEco Studio\tools\hvigor\hvigor\src\base\internal\lifecycle\configuration.js
- D:\DevEco Studio\tools\hvigor\hvigor\src\base\boot\index.js
- D:\DevEco Studio\tools\hvigor\hvigor\src\base\daemon\cluster\worker-process-lifecycle.js
- D:\DevEco Studio\tools\hvigor\hvigor\src\base\daemon\process\daemon-process-boot-script.js
[2026-09-19T15:30:18.833] [DEBUG] debug-file - Start initialize module-target build option map, moduleName=entry, buildMode=debug
[2026-09-19T15:30:18.833] [DEBUG] debug-file - Target 'default' config initialized
[2026-09-19T15:30:18.833] [DEBUG] debug-file - Module 'entry' target 'default' build option initialized
[2026-09-19T15:30:18.834] [DEBUG] debug-file - End initialize module-target build option map, moduleName=entry
[2026-09-19T15:30:18.834] [DEBUG] debug-file - Start initialize module-target build option map, moduleName=entry, buildMode=release
[2026-09-19T15:30:18.834] [DEBUG] debug-file - Target 'default' config initialized
[2026-09-19T15:30:18.834] [DEBUG] debug-file - Module 'entry' target 'default' build option initialized
[2026-09-19T15:30:18.834] [DEBUG] debug-file - End initialize module-target build option map, moduleName=entry
[2026-09-19T15:30:18.834] [DEBUG] debug-file - Start initialize module-target build option map, moduleName=entry, buildMode=debug
[2026-09-19T15:30:18.834] [DEBUG] debug-file - Target 'default' config initialized
[2026-09-19T15:30:18.834] [DEBUG] debug-file - Module 'entry' target 'default' build option initialized
[2026-09-19T15:30:18.834] [DEBUG] debug-file - End initialize module-target build option map, moduleName=entry
[2026-09-19T15:30:18.834] [DEBUG] debug-file - Obtain build option for module 'entry' target 'default'in this build.
[2026-09-19T15:30:18.835] [DEBUG] debug-file - Module entry task initialization takes 1 ms 
[2026-09-19T15:30:18.835] [DEBUG] debug-file - hvigorfile, binding custom plugins []
[2026-09-19T15:30:18.835] [DEBUG] debug-file - hvigorfile, no custom plugins were found in E:\new-chat\entry\hvigorfile.ts
[2026-09-19T15:30:18.835] [DEBUG] debug-file - hvigorfile, resolve finished E:\new-chat\entry\hvigorfile.ts
[2026-09-19T15:30:18.850] [DEBUG] debug-file - hvigorfile, resolve hvigorfile dependencies in 15 ms 
[2026-09-19T15:30:18.851] [DEBUG] debug-file - project has submodules:entry
[2026-09-19T15:30:18.851] [DEBUG] debug-file - start to load updatedOhPackageInfo to the disk
[2026-09-19T15:30:18.853] [DEBUG] debug-file - load to the disk finished
[2026-09-19T15:30:18.854] [DEBUG] debug-file - Start to initialize dependency information.
[2026-09-19T15:30:18.854] [DEBUG] debug-file - Module new-chat Collected Dependency: 
[2026-09-19T15:30:18.854] [DEBUG] debug-file - Module new-chat's total dependency: 0
[2026-09-19T15:30:18.855] [DEBUG] debug-file - Start to initialize dependency information.
[2026-09-19T15:30:18.855] [DEBUG] debug-file - Module entry Collected Dependency: 
[2026-09-19T15:30:18.855] [DEBUG] debug-file - Module entry's total dependency: 0
[2026-09-19T15:30:18.856] [DEBUG] debug-file - Configuration phase cost:69 ms 
[2026-09-19T15:30:18.857] [DEBUG] debug-file - Configuration task cost before running: 74 ms 
[2026-09-19T15:30:18.858] [DEBUG] debug-file - Executing task :entry:default@PreBuild
[2026-09-19T15:30:18.859] [DEBUG] debug-file - Task 'entry:default@PreBuild' cost while wrapping incremental declarations: 1 ms 
[2026-09-19T15:30:18.861] [DEBUG] debug-file - entry:default@PreBuild is not up-to-date, since the input file 'E:\new-chat\build-profile.json5' has been changed.
[2026-09-19T15:30:18.861] [DEBUG] debug-file - Incremental task entry:default@PreBuild pre-execution cost: 2 ms .
[2026-09-19T15:30:18.873] [DEBUG] debug-file - current product is not Atomic service.
[2026-09-19T15:30:18.873] [DEBUG] debug-file - Use tool [win32: JAVA_HOME, CLASSPATH]
 [ { JAVA_HOME: 'D:\\DevEco Studio\\jbr' }, { CLASSPATH: undefined } ]
[2026-09-19T15:30:18.873] [DEBUG] debug-file - Use tool [win32: NODE_HOME]
 [ { NODE_HOME: 'D:\\DevEco Studio\\tools\\node' } ]
[2026-09-19T15:30:18.873] [DEBUG] debug-file - entry : default@PreBuild cost memory 0.8626861572265625
[2026-09-19T15:30:18.873] [DEBUG] debug-file - runTaskFromQueue task cost before running: 90 ms 
[2026-09-19T15:30:18.874] [INFO] debug-file - Finished :entry:default@PreBuild... after 15 ms 
[2026-09-19T15:30:18.874] [DEBUG] debug-file - Executing task :entry:default@CreateModuleInfo
[2026-09-19T15:30:18.874] [DEBUG] debug-file - Task 'entry:default@CreateModuleInfo' cost while wrapping incremental declarations: 1 ms 
[2026-09-19T15:30:18.875] [DEBUG] debug-file - entry : default@CreateModuleInfo cost memory 0.041229248046875
[2026-09-19T15:30:18.875] [DEBUG] debug-file - runTaskFromQueue task cost before running: 92 ms 
[2026-09-19T15:30:18.875] [INFO] debug-file - Finished :entry:default@CreateModuleInfo... after 1 ms 
[2026-09-19T15:30:18.876] [DEBUG] debug-file - Executing task :entry:default@GenerateMetadata
[2026-09-19T15:30:18.876] [DEBUG] debug-file - Task 'entry:default@GenerateMetadata' cost while wrapping incremental declarations: 1 ms 
[2026-09-19T15:30:18.876] [DEBUG] debug-file - entry:default@GenerateMetadata is not up-to-date, since the task snapshots are different.
[2026-09-19T15:30:18.877] [DEBUG] debug-file - Incremental task entry:default@GenerateMetadata pre-execution cost: 1 ms .
[2026-09-19T15:30:18.877] [DEBUG] debug-file - entry : default@GenerateMetadata cost memory 0.11631011962890625
[2026-09-19T15:30:18.877] [DEBUG] debug-file - runTaskFromQueue task cost before running: 94 ms 
[2026-09-19T15:30:18.877] [INFO] debug-file - Finished :entry:default@GenerateMetadata... after 2 ms 
[2026-09-19T15:30:18.878] [DEBUG] debug-file - Executing task :entry:default@ConfigureCmake
[2026-09-19T15:30:18.878] [DEBUG] debug-file - entry : default@ConfigureCmake cost memory 0.01617431640625
[2026-09-19T15:30:18.878] [DEBUG] debug-file - runTaskFromQueue task cost before running: 95 ms 
[2026-09-19T15:30:18.878] [INFO] debug-file - Finished :entry:default@ConfigureCmake... after 1 ms 
[2026-09-19T15:30:18.878] [DEBUG] debug-file - Executing task :entry:default@MergeProfile
[2026-09-19T15:30:18.878] [DEBUG] debug-file - Task 'entry:default@MergeProfile' cost while wrapping incremental declarations: 1 ms 
[2026-09-19T15:30:18.879] [DEBUG] debug-file - entry:default@MergeProfile is not up-to-date, since the input file 'E:\new-chat\build-profile.json5' has been changed.
[2026-09-19T15:30:18.879] [DEBUG] debug-file - Incremental task entry:default@MergeProfile pre-execution cost: 1 ms .
[2026-09-19T15:30:18.879] [DEBUG] debug-file - Change app api release type with 'Release'
[2026-09-19T15:30:18.879] [DEBUG] debug-file - Change app compile API version with '6.0.1.112'
[2026-09-19T15:30:18.879] [DEBUG] debug-file - Change app target API version with '50000012'
[2026-09-19T15:30:18.879] [DEBUG] debug-file - Change app minimum API version with '50000012'
[2026-09-19T15:30:18.879] [DEBUG] debug-file - Use cli appEnvironment
[2026-09-19T15:30:18.880] [DEBUG] debug-file - entry : default@MergeProfile cost memory -1.4714202880859375
[2026-09-19T15:30:18.880] [DEBUG] debug-file - runTaskFromQueue task cost before running: 97 ms 
[2026-09-19T15:30:18.880] [INFO] debug-file - Finished :entry:default@MergeProfile... after 2 ms 
[2026-09-19T15:30:18.881] [DEBUG] debug-file - Executing task :entry:default@CreateBuildProfile
[2026-09-19T15:30:18.881] [DEBUG] debug-file - Task 'entry:default@CreateBuildProfile' cost while wrapping incremental declarations: 1 ms 
[2026-09-19T15:30:18.881] [DEBUG] debug-file - entry:default@CreateBuildProfile is not up-to-date, since the input file 'E:\new-chat\build-profile.json5' has been changed.
[2026-09-19T15:30:18.881] [DEBUG] debug-file - Incremental task entry:default@CreateBuildProfile pre-execution cost: 1 ms .
[2026-09-19T15:30:18.882] [DEBUG] debug-file - entry : default@CreateBuildProfile cost memory 0.098419189453125
[2026-09-19T15:30:18.882] [DEBUG] debug-file - runTaskFromQueue task cost before running: 99 ms 
[2026-09-19T15:30:18.882] [INFO] debug-file - Finished :entry:default@CreateBuildProfile... after 1 ms 
[2026-09-19T15:30:18.882] [DEBUG] debug-file - Executing task :entry:default@PreCheckSyscap
[2026-09-19T15:30:18.883] [DEBUG] debug-file - entry : default@PreCheckSyscap cost memory 0.01639556884765625
[2026-09-19T15:30:18.883] [DEBUG] debug-file - runTaskFromQueue task cost before running: 100 ms 
[2026-09-19T15:30:18.883] [INFO] debug-file - Finished :entry:default@PreCheckSyscap... after 1 ms 
[2026-09-19T15:30:18.883] [DEBUG] debug-file - Executing task :entry:default@GeneratePkgContextInfo
[2026-09-19T15:30:18.885] [DEBUG] debug-file - Task 'entry:default@GeneratePkgContextInfo' cost while wrapping incremental declarations: 1 ms 
[2026-09-19T15:30:18.885] [DEBUG] debug-file - entry : default@GeneratePkgContextInfo cost memory 0.20916748046875
[2026-09-19T15:30:18.885] [DEBUG] debug-file - runTaskFromQueue task cost before running: 102 ms 
[2026-09-19T15:30:18.885] [INFO] debug-file - Finished :entry:default@GeneratePkgContextInfo... after 2 ms 
[2026-09-19T15:30:18.886] [DEBUG] debug-file - Executing task :entry:default@ProcessIntegratedHsp
[2026-09-19T15:30:18.887] [DEBUG] debug-file - entry:default@ProcessIntegratedHsp is not up-to-date, since the output file 'E:\new-chat\build\cache\default\integrated_hsp\integratedHspCache.json' does not exist.
[2026-09-19T15:30:18.887] [DEBUG] debug-file - Incremental task entry:default@ProcessIntegratedHsp pre-execution cost: 1 ms .
[2026-09-19T15:30:18.887] [DEBUG] debug-file - entry : default@ProcessIntegratedHsp cost memory 0.05902862548828125
[2026-09-19T15:30:18.887] [DEBUG] debug-file - runTaskFromQueue task cost before running: 104 ms 
[2026-09-19T15:30:18.887] [INFO] debug-file - Finished :entry:default@ProcessIntegratedHsp... after 1 ms 
[2026-09-19T15:30:18.887] [DEBUG] debug-file - Executing task :entry:default@BuildNativeWithCmake
[2026-09-19T15:30:18.887] [DEBUG] debug-file - entry : default@BuildNativeWithCmake cost memory 0.01721954345703125
[2026-09-19T15:30:18.887] [DEBUG] debug-file - runTaskFromQueue task cost before running: 104 ms 
[2026-09-19T15:30:18.888] [INFO] debug-file - Finished :entry:default@BuildNativeWithCmake... after 1 ms 
[2026-09-19T15:30:18.888] [DEBUG] debug-file - Executing task :entry:default@MakePackInfo
[2026-09-19T15:30:18.888] [DEBUG] debug-file - entry:default@MakePackInfo is not up-to-date, since the input file 'E:\new-chat\build-profile.json5' has been changed.
[2026-09-19T15:30:18.888] [DEBUG] debug-file - Incremental task entry:default@MakePackInfo pre-execution cost: 1 ms .
[2026-09-19T15:30:18.889] [DEBUG] debug-file - Module Pack Info:  {
  summary: {
    app: { bundleName: 'c***u', bundleType: 'app', version: [Object] },
    modules: [ [Object] ]
  },
  packages: [
    {
      deviceType: [Array],
      moduleType: 'entry',
      deliveryWithInstall: true,
      name: 'entry-default'
    }
  ]
}
[2026-09-19T15:30:18.889] [DEBUG] debug-file - entry : default@MakePackInfo cost memory 0.13597869873046875
[2026-09-19T15:30:18.889] [DEBUG] debug-file - runTaskFromQueue task cost before running: 106 ms 
[2026-09-19T15:30:18.889] [INFO] debug-file - Finished :entry:default@MakePackInfo... after 2 ms 
[2026-09-19T15:30:18.890] [DEBUG] debug-file - Executing task :entry:default@SyscapTransform
[2026-09-19T15:30:18.890] [DEBUG] debug-file - File: 'E:\new-chat\entry\src\main\syscap.json' from 'sysCapJsonPath' is not exists, just ignore.
[2026-09-19T15:30:18.890] [DEBUG] debug-file - Task 'entry:default@SyscapTransform' cost while wrapping incremental declarations: 1 ms 
[2026-09-19T15:30:18.891] [DEBUG] debug-file - entry:default@SyscapTransform is not up-to-date, since the output file 'E:\new-chat\entry\build\default\intermediates\syscap\default\rpcid.sc' does not exist.
[2026-09-19T15:30:18.891] [DEBUG] debug-file - Incremental task entry:default@SyscapTransform pre-execution cost: 1 ms .
[2026-09-19T15:30:18.891] [DEBUG] debug-file - entry : default@SyscapTransform cost memory 0.146270751953125
[2026-09-19T15:30:18.891] [DEBUG] debug-file - runTaskFromQueue task cost before running: 108 ms 
[2026-09-19T15:30:18.891] [INFO] debug-file - Finished :entry:default@SyscapTransform... after 2 ms 
[2026-09-19T15:30:18.892] [DEBUG] debug-file - Executing task :entry:default@ProcessProfile
[2026-09-19T15:30:18.892] [DEBUG] debug-file - Task 'entry:default@ProcessProfile' cost while wrapping incremental declarations: 1 ms 
[2026-09-19T15:30:18.893] [DEBUG] debug-file - entry:default@ProcessProfile is not up-to-date, since the input file 'E:\new-chat\entry\build\default\intermediates\merge_profile\default\module.json' has been changed.
[2026-09-19T15:30:18.893] [DEBUG] debug-file - Incremental task entry:default@ProcessProfile pre-execution cost: 1 ms .
[2026-09-19T15:30:18.893] [DEBUG] debug-file - [
  'D:\\DevEco Studio\\tools\\node\\node.exe',
  'D:\\DevEco Studio\\sdk\\default\\openharmony\\ets\\build-tools\\ets-loader\\bin\\ark\\ts2abc.js',
  '--target-api-version',
  '12',
  '--target-api-sub-version',
  'beta1'
]
[2026-09-19T15:30:18.958] [DEBUG] debug-file - 12.0.2.0
[2026-09-19T15:30:18.958] [DEBUG] debug-file - No need to add fake ui ability because of not in preview process.
[2026-09-19T15:30:18.959] [DEBUG] debug-file - entry : default@ProcessProfile cost memory 0.31987762451171875
[2026-09-19T15:30:18.959] [DEBUG] debug-file - runTaskFromQueue task cost before running: 176 ms 
[2026-09-19T15:30:18.959] [INFO] debug-file - Finished :entry:default@ProcessProfile... after 67 ms 
[2026-09-19T15:30:18.960] [DEBUG] debug-file - Executing task :entry:default@ProcessRouterMap
[2026-09-19T15:30:18.961] [DEBUG] debug-file - Incremental task entry:default@ProcessRouterMap pre-execution cost: 1 ms .
[2026-09-19T15:30:18.961] [DEBUG] debug-file - entry : default@ProcessRouterMap cost memory 0.11566162109375
[2026-09-19T15:30:18.961] [INFO] debug-file - UP-TO-DATE :entry:default@ProcessRouterMap...  
[2026-09-19T15:30:18.961] [DEBUG] debug-file - Executing task :entry:default@ProcessShareConfig
[2026-09-19T15:30:18.962] [DEBUG] debug-file - Incremental task entry:default@ProcessShareConfig pre-execution cost: 1 ms .
[2026-09-19T15:30:18.962] [DEBUG] debug-file - entry : default@ProcessShareConfig cost memory 0.100677490234375
[2026-09-19T15:30:18.962] [INFO] debug-file - UP-TO-DATE :entry:default@ProcessShareConfig...  
[2026-09-19T15:30:18.963] [DEBUG] debug-file - Executing task :entry:default@ProcessStartupConfig
[2026-09-19T15:30:18.963] [DEBUG] debug-file - Task 'entry:default@ProcessStartupConfig' cost while wrapping incremental declarations: 1 ms 
[2026-09-19T15:30:18.963] [DEBUG] debug-file - entry:default@ProcessStartupConfig is not up-to-date, since the output file 'E:\new-chat\entry\build\default\intermediates\startup\default\startup_config.json' does not exist.
[2026-09-19T15:30:18.963] [DEBUG] debug-file - Incremental task entry:default@ProcessStartupConfig pre-execution cost: 1 ms .
[2026-09-19T15:30:18.963] [DEBUG] debug-file - entry : default@ProcessStartupConfig cost memory 0.09307861328125
[2026-09-19T15:30:18.963] [DEBUG] debug-file - runTaskFromQueue task cost before running: 180 ms 
[2026-09-19T15:30:18.963] [INFO] debug-file - Finished :entry:default@ProcessStartupConfig... after 1 ms 
[2026-09-19T15:30:18.964] [DEBUG] debug-file - Executing task :entry:default@BuildNativeWithNinja
[2026-09-19T15:30:18.964] [DEBUG] debug-file - entry : default@BuildNativeWithNinja cost memory 0.0221099853515625
[2026-09-19T15:30:18.964] [DEBUG] debug-file - runTaskFromQueue task cost before running: 181 ms 
[2026-09-19T15:30:18.964] [INFO] debug-file - Finished :entry:default@BuildNativeWithNinja... after 1 ms 
[2026-09-19T15:30:18.965] [DEBUG] debug-file - restool module names: entry; moduleName=entry, taskName=default@ProcessResource
[2026-09-19T15:30:18.965] [DEBUG] debug-file - Executing task :entry:default@ProcessResource
[2026-09-19T15:30:18.966] [DEBUG] debug-file - Task 'entry:default@ProcessResource' cost while wrapping incremental declarations: 1 ms 
[2026-09-19T15:30:18.966] [DEBUG] debug-file - Incremental task entry:default@ProcessResource pre-execution cost: 1 ms .
[2026-09-19T15:30:18.966] [DEBUG] debug-file - entry : default@ProcessResource cost memory 0.1286773681640625
[2026-09-19T15:30:18.967] [INFO] debug-file - UP-TO-DATE :entry:default@ProcessResource...  
[2026-09-19T15:30:18.967] [DEBUG] debug-file - Executing task :entry:default@GenerateLoaderJson
[2026-09-19T15:30:18.967] [DEBUG] debug-file - Task 'entry:default@GenerateLoaderJson' cost while wrapping incremental declarations: 1 ms 
[2026-09-19T15:30:18.970] [DEBUG] debug-file - Incremental task entry:default@GenerateLoaderJson pre-execution cost: 2 ms .
[2026-09-19T15:30:18.970] [DEBUG] debug-file - entry : default@GenerateLoaderJson cost memory -1.2462234497070312
[2026-09-19T15:30:18.972] [INFO] debug-file - UP-TO-DATE :entry:default@GenerateLoaderJson...  
[2026-09-19T15:30:18.972] [DEBUG] debug-file - Executing task :entry:default@ProcessLibs
[2026-09-19T15:30:18.973] [DEBUG] debug-file - entry:default@ProcessLibs is not up-to-date, since the input file 'E:\new-chat\build-profile.json5' has been changed.
[2026-09-19T15:30:18.973] [DEBUG] debug-file - Incremental task entry:default@ProcessLibs pre-execution cost: 1 ms .
[2026-09-19T15:30:18.974] [DEBUG] debug-file - Worker dispatch failed, running processLibs on main thread.
[2026-09-19T15:30:18.974] [DEBUG] debug-file - entry : default@ProcessLibs cost memory 0.27906036376953125
[2026-09-19T15:30:18.974] [DEBUG] debug-file - runTaskFromQueue task cost before running: 191 ms 
[2026-09-19T15:30:18.975] [INFO] debug-file - Finished :entry:default@ProcessLibs... after 3 ms 
[2026-09-19T15:30:18.975] [DEBUG] debug-file - restool module names: entry; moduleName=entry, taskName=default@CompileResource
[2026-09-19T15:30:18.975] [DEBUG] debug-file - Executing task :entry:default@CompileResource
[2026-09-19T15:30:18.977] [DEBUG] debug-file - entry:default@CompileResource is not up-to-date, since the input file 'E:\new-chat\entry\build\default\intermediates\process_profile\default\module.json' has been changed.
[2026-09-19T15:30:18.977] [DEBUG] debug-file - Incremental task entry:default@CompileResource pre-execution cost: 2 ms .
[2026-09-19T15:30:18.978] [DEBUG] debug-file - Use tool [D:\DevEco Studio\sdk\default\openharmony\toolchains\restool.exe]
 [
  'D:\\DevEco Studio\\sdk\\default\\openharmony\\toolchains\\restool.exe',
  '-l',
  'E:\\new-chat\\entry\\build\\default\\intermediates\\res\\default\\resConfig.json'
]
[2026-09-19T15:30:18.978] [DEBUG] debug-file - current process  memoryUsage: {
  rss: 479174656,
  heapTotal: 121376768,
  heapUsed: 114918696,
  external: 3152955,
  arrayBuffers: 125234
} os memoryUsage :11.758453369140625
[2026-09-19T15:30:19.001] [DEBUG] debug-file - Info: Pack: normal pack mode

[2026-09-19T15:30:19.043] [DEBUG] debug-file - Info: hardware concurrency count is : 16
Info: thread count is : 16

[2026-09-19T15:30:19.043] [DEBUG] debug-file - Info: thread pool is started

[2026-09-19T15:30:19.043] [DEBUG] debug-file - Info: GenericCompiler::CompileFiles

[2026-09-19T15:30:19.045] [DEBUG] debug-file - Info: GenericCompiler::CompileFiles

[2026-09-19T15:30:19.046] [DEBUG] debug-file - 09-19 15:30:19.047 22756 17304 E C01400/ImageTranscoderUtils: DecodeToRGBA IN
09-19 15:30:19.047 22756 17304 E C01400/ImageTranscoderUtils: ImageFilter IN E:\new-chat\entry\src\main\resources\base\media\app_icon.svg

[2026-09-19T15:30:19.047] [DEBUG] debug-file - 09-19 15:30:19.047 22756 17304 E C01400/ImageTranscoder: TranscodeSLR DecodeToRGBA failed
Warning: ScaleImage failed, error message: IMAGE_ERROR, file path = E:\new-chat\entry\src\main\resources\base\media\app_icon.svg

[2026-09-19T15:30:19.047] [DEBUG] debug-file - Warning: E:\new-chat\entry\src\main\resources\base\media\app_icon.svg is not png format

[2026-09-19T15:30:19.047] [DEBUG] debug-file - Warning: E:\new-chat\entry\src\main\resources\base\media\app_icon.svg is not png format

[2026-09-19T15:30:19.047] [DEBUG] debug-file - Info: restool resources compile success.

[2026-09-19T15:30:19.047] [DEBUG] debug-file - Info: thread pool is stopped

[2026-09-19T15:30:19.110] [DEBUG] debug-file - entry : default@CompileResource cost memory 0.5692214965820312
[2026-09-19T15:30:19.111] [DEBUG] debug-file - runTaskFromQueue task cost before running: 328 ms 
[2026-09-19T15:30:19.111] [INFO] debug-file - Finished :entry:default@CompileResource... after 136 ms 
[2026-09-19T15:30:19.112] [DEBUG] debug-file - Executing task :entry:default@DoNativeStrip
[2026-09-19T15:30:19.112] [DEBUG] debug-file - Task 'entry:default@DoNativeStrip' cost while wrapping incremental declarations: 1 ms 
[2026-09-19T15:30:19.112] [DEBUG] debug-file - Incremental task entry:default@DoNativeStrip pre-execution cost: 1 ms .
[2026-09-19T15:30:19.112] [DEBUG] debug-file - entry : default@DoNativeStrip cost memory 0.07920074462890625
[2026-09-19T15:30:19.112] [INFO] debug-file - UP-TO-DATE :entry:default@DoNativeStrip...  
[2026-09-19T15:30:19.114] [DEBUG] debug-file - Executing task :entry:default@CompileArkTS
[2026-09-19T15:30:19.114] [DEBUG] debug-file - obfuscationOptions: undefined
[2026-09-19T15:30:19.114] [DEBUG] debug-file - Task 'entry:default@CompileArkTS' cost while wrapping incremental declarations: 1 ms 
[2026-09-19T15:30:19.115] [DEBUG] debug-file - entry:default@CompileArkTS is not up-to-date, since the input file 'E:\new-chat\entry\build\default\intermediates\res\default\ResourceTable.txt' has been changed.
[2026-09-19T15:30:19.115] [DEBUG] debug-file - Incremental task entry:default@CompileArkTS pre-execution cost: 1 ms .
[2026-09-19T15:30:19.119] [DEBUG] debug-file - build config:
[2026-09-19T15:30:19.119] [DEBUG] debug-file - {
  moduleType: 'entry',
  perf: 0,
  targetName: '.default',
  packageManagerType: 'ohpm',
  localPropertiesPath: 'E:\\new-chat\\local.properties',
  isPreview: false,
  isOhosTest: false,
  isLocalTest: false,
  buildMode: 'Debug',
  hotReloadBuild: undefined,
  watchMode: 'false',
  aceProfilePath: 'E:\\new-chat\\entry\\build\\default\\intermediates\\res\\default\\resources\\base\\profile',
  etsLoaderPath: 'D:\\DevEco Studio\\sdk\\default\\openharmony\\ets\\build-tools\\ets-loader',
  modulePath: 'E:\\new-chat\\entry',
  testFrameworkPar: {
    testMode: undefined,
    coveragePathFilter: undefined,
    coverageMode: undefined
  },
  needCoverageInsert: false,
  debugLine: false,
  projectTopDir: 'E:\\new-chat',
  compileSdkVersion: 21,
  compatibleSdkVersion: 12,
  originCompatibleSdkVersion: '5.0.0(12)',
  compatibleSdkVersionStage: 'beta1',
  bundleName: 'c***u',
  etsLoaderVersion: '6.0.1.112',
  etsLoaderReleaseType: 'Release',
  aotCompileMode: 'type',
  apPath: 'E:\\new-chat\\entry\\modules.ap',
  entryModuleName: 'entry',
  entryModuleVersion: '1.0.0',
  entryPackageName: 'entry',
  allModuleNameHash: '5f6cff6a45031f958388948153fa1a61639a5749ee168dac9c2a7121553a9561',
  externalApiPaths: [ 'D:\\DevEco Studio\\sdk\\default\\hms\\ets' ],
  compilerTypes: [],
  isCrossplatform: false,
  hvigorPluginFile: undefined,
  compilePluginPath: undefined,
  buildGeneratedProfilePath: 'E:\\new-chat\\entry\\build\\default\\generated\\profile\\default',
  bundleType: 'app',
  arkTSVersion: undefined,
  apiVersion: 21,
  needCompleteSourcesMap: false,
  isFaMode: false,
  buildDir: 'E:\\new-chat\\entry\\build',
  deviceTypes: [ 'phone', 'tablet' ],
  pkgContextInfo: undefined,
  ohPackagePathMap: {},
  dependencyAliasMap: {},
  permission: { requestPermissions: undefined, definePermissions: undefined },
  integratedHsp: false,
  projectArkOption: undefined,
  sourceMapDir: undefined,
  branchElimination: false,
  transformLib: undefined,
  tsImportSendable: false,
  resolveConflictMode: true,
  depName2RootPath: {},
  depName2DepInfo: {},
  rootPathSet: [ 'E:\\new-chat' ],
  useNativeResolver: true,
  shouldEmitJs: true,
  useTscResolve: false,
  singleFileEmit: false,
  userProjectConfig: {
    autoLazyImport: false,
    allowEmptyBundleName: false,
    reExportCheckMode: 'noCheck',
    executionMode: 'memory',
    usePathPlaceholder: false,
    writeRollupCache: true,
    isExpandImportEnabled: false,
    expandImportExclude: '',
    lazyImportExclude: '',
    lazyImportInclude: '',
    ignoreCrossplatformCheck: false,
    isHarDeduplicateEnabled: false,
    enableStrictCheckOHModule: false,
    useDeclarationFileSignature: false,
    isPreloadSoEnabled: false
  },
  skipOhModulesLint: false,
  executionMode: 'memory',
  arkCompileCachePath: 'E:\\new-chat\\entry\\build\\default\\cache\\default\\default@CompileArkTS\\esmodule',
  autoLazyFilter: undefined,
  isHarDeduplicateEnabled: false,
  intermediateHarDuplicateDirPath: 'E:\\new-chat\\entry\\build\\default\\intermediates\\har_duplicate\\default',
  autoLazyImport: false,
  allowEmptyBundleName: false,
  reExportCheckMode: 'noCheck',
  usePathPlaceholder: false,
  writeRollupCache: true,
  isExpandImportEnabled: false,
  expandImportExclude: '',
  lazyImportExclude: '',
  lazyImportInclude: '',
  ignoreCrossplatformCheck: false,
  enableStrictCheckOHModule: false,
  useDeclarationFileSignature: false,
  isPreloadSoEnabled: false,
  strictMode: undefined,
  useNormalizedOHMUrl: false,
  caseSensitiveCheck: false,
  aceModuleJsonPath: 'E:\\new-chat\\entry\\build\\default\\intermediates\\res\\default\\ark_module.json',
  appResource: 'E:\\new-chat\\entry\\build\\default\\intermediates\\res\\default\\ResourceTable.txt',
  rawFileResource: 'E:\\new-chat\\entry\\build\\default\\intermediates\\res\\default\\resources\\rawfile',
  resourceTableHash: '15a61ac8d9e6adf561b61d3e27a374d205464ba7d77ce5a6c1be29eb60539798',
  runtimeOS: 'HarmonyOS',
  sdkInfo: 'false:21:6.0.1.112:Release',
  aceModuleRoot: 'E:\\new-chat\\entry\\src\\main\\ets',
  compileMode: 'esmodule',
  aceSuperVisualPath: 'E:\\new-chat\\entry\\src\\main\\supervisual',
  aceBuildJson: 'E:\\new-chat\\entry\\build\\default\\intermediates\\loader\\default\\loader.json',
  cachePath: 'E:\\new-chat\\entry\\build\\default\\cache\\default\\default@CompileArkTS\\esmodule\\debug',
  aceModuleBuild: 'E:\\new-chat\\entry\\build\\default\\intermediates\\loader_out\\default\\ets',
  supportChunks: true,
  declaredFilesPath: undefined,
  shouldCollectDirectImportees: false,
  isByteCodeHarOptimize: false,
  expandImportPath: undefined,
  pkgNameToPkgBriefInfo: {
    entry: {
      pkgRoot: 'E:\\new-chat\\entry',
      originalSourceRoots: undefined,
      sourceRoots: [Array],
      pkgName: 'entry'
    }
  },
  projectModel: {
    'E:\\new-chat\\entry\\src\\main': {
      moduleName: 'entry',
      modulePkgPath: 'E:\\new-chat\\entry',
      belongProjectPath: 'E:\\new-chat'
    },
    'E:\\new-chat\\entry': {
      moduleName: 'entry',
      modulePkgPath: 'E:\\new-chat\\entry',
      belongProjectPath: 'E:\\new-chat'
    },
    'E:\\new-chat': {
      moduleName: 'new-chat',
      modulePkgPath: 'E:\\new-chat',
      belongProjectPath: 'E:\\new-chat'
    }
  },
  pkgJsonFileHash: 'b4b74d97ab6a3456193a040d87f4a6d26a7a865e3ae2f70750f1752a6647ebd8',
  allModulePaths: [ 'E:\\new-chat\\entry' ],
  routerMap: {},
  obfuscationOptions: undefined,
  byteCodeHarToDependencyKeys: undefined,
  compileBlockPkg: [],
  mockParams: {
    decorator: '@MockSetup',
    packageName: '@ohos/hamock',
    etsSourceRootPath: 'src/main/ets',
    mockConfigPath: undefined,
    mockConfigKey2ModuleInfo: {},
    source2ModuleIdMap: {}
  },
  copyCodeResourceEnable: true,
  copyCodeResourceExcludes: [],
  copyCodeResourceIncludes: undefined,
  uiTransformOptimization: false,
  sdkPath: 'D:/DevEco Studio/sdk',
  needPreloadSoFileSet: {},
  preloadSoFilePath: 'E:\\new-chat\\entry\\build\\default\\intermediates\\preload\\default\\preload.json',
  useSourceHash: false,
  localModuleParamMap: {},
  otherPaths: {
    'entry/*': [
      '..\\*',
      '..\\..\\..\\build\\default\\generated\\profile\\default\\*'
    ]
  },
  collectImportersConfig: undefined
}
[2026-09-19T15:30:19.119] [DEBUG] debug-file - Compile arkts with external api path: D:\DevEco Studio\sdk\default\hms\ets
[2026-09-19T15:30:19.119] [DEBUG] debug-file - default@CompileArkTS work[7] is submitted.
[2026-09-19T15:30:19.119] [DEBUG] debug-file - default@CompileArkTS work[7] is pushed to ready queue.
[2026-09-19T15:30:19.119] [DEBUG] debug-file - A work dispatched to worker[15] failed because unable to get work from ready queue.
[2026-09-19T15:30:19.119] [DEBUG] debug-file - A work dispatched to worker[14] failed because unable to get work from ready queue.
[2026-09-19T15:30:19.119] [DEBUG] debug-file - A work dispatched to worker[13] failed because unable to get work from ready queue.
[2026-09-19T15:30:19.119] [DEBUG] debug-file - A work dispatched to worker[12] failed because unable to get work from ready queue.
[2026-09-19T15:30:19.119] [DEBUG] debug-file - A work dispatched to worker[11] failed because unable to get work from ready queue.
[2026-09-19T15:30:19.119] [DEBUG] debug-file - A work dispatched to worker[10] failed because unable to get work from ready queue.
[2026-09-19T15:30:19.119] [DEBUG] debug-file - A work dispatched to worker[9] failed because unable to get work from ready queue.
[2026-09-19T15:30:19.120] [DEBUG] debug-file - A work dispatched to worker[8] failed because unable to get work from ready queue.
[2026-09-19T15:30:19.120] [DEBUG] debug-file - A work dispatched to worker[7] failed because unable to get work from ready queue.
[2026-09-19T15:30:19.120] [DEBUG] debug-file - A work dispatched to worker[6] failed because unable to get work from ready queue.
[2026-09-19T15:30:19.120] [DEBUG] debug-file - A work dispatched to worker[5] failed because unable to get work from ready queue.
[2026-09-19T15:30:19.120] [DEBUG] debug-file - default@CompileArkTS work[7] has been dispatched to worker[4].
[2026-09-19T15:30:19.120] [DEBUG] debug-file - default@CompileArkTS work[7] is dispatched.
[2026-09-19T15:30:19.120] [DEBUG] debug-file - CopyResources startTime: 734850928010200
[2026-09-19T15:30:19.120] [DEBUG] debug-file - default@CompileArkTS work[8] is submitted.
[2026-09-19T15:30:19.120] [DEBUG] debug-file - default@CompileArkTS work[8] is pushed to ready queue.
[2026-09-19T15:30:19.120] [DEBUG] debug-file - A work dispatched to worker[15] failed because unable to get work from ready queue.
[2026-09-19T15:30:19.120] [DEBUG] debug-file - Create  resident worker with id: 14.
[2026-09-19T15:30:19.121] [DEBUG] debug-file - default@CompileArkTS work[8] has been dispatched to worker[14].
[2026-09-19T15:30:19.121] [DEBUG] debug-file - default@CompileArkTS work[8] is dispatched.
[2026-09-19T15:30:19.121] [DEBUG] debug-file - entry : default@CompileArkTS cost memory 1.1577606201171875
[2026-09-19T15:30:19.122] [DEBUG] debug-file - Executing task :entry:default@BuildJS
[2026-09-19T15:30:19.122] [DEBUG] debug-file - Task 'entry:default@BuildJS' cost while wrapping incremental declarations: 1 ms 
[2026-09-19T15:30:19.123] [DEBUG] debug-file - entry : default@BuildJS cost memory 0.133575439453125
[2026-09-19T15:30:19.123] [DEBUG] debug-file - runTaskFromQueue task cost before running: 340 ms 
[2026-09-19T15:30:19.123] [INFO] debug-file - Finished :entry:default@BuildJS... after 2 ms 
[2026-09-19T15:30:19.123] [DEBUG] debug-file - Executing task :entry:default@CacheNativeLibs
[2026-09-19T15:30:19.123] [DEBUG] debug-file - Task 'entry:default@CacheNativeLibs' cost while wrapping incremental declarations: 1 ms 
[2026-09-19T15:30:19.124] [DEBUG] debug-file - Incremental task entry:default@CacheNativeLibs pre-execution cost: 1 ms .
[2026-09-19T15:30:19.124] [DEBUG] debug-file - entry : default@CacheNativeLibs cost memory 0.0919647216796875
[2026-09-19T15:30:19.124] [INFO] debug-file - UP-TO-DATE :entry:default@CacheNativeLibs...  
[2026-09-19T15:30:19.341] [WARN] debug-file - [33mWARN: [33m[33mArkTS:WARN File: E:/new-chat/entry/src/main/ets/data/VideoRepository.ets:17:24
 Function may throw exceptions. Special handling is required.
[39m[39m
[33mWARN: [33m[33mArkTS:WARN File: E:/new-chat/entry/src/main/ets/data/VideoRepository.ets:18:23
 Function may throw exceptions. Special handling is required.
[39m[39m
[33mWARN: [33m[33mArkTS:WARN File: E:/new-chat/entry/src/main/ets/data/VideoRepository.ets:29:26
 Function may throw exceptions. Special handling is required.
[39m[39m
[33mWARN: [33m[33mArkTS:WARN File: E:/new-chat/entry/src/main/ets/data/VideoRepository.ets:31:11
 Function may throw exceptions. Special handling is required.
[39m[39m
[33mWARN: [33m[33mArkTS:WARN File: E:/new-chat/entry/src/main/ets/data/VideoRepository.ets:32:11
 Function may throw exceptions. Special handling is required.
[39m[39m

[2026-09-19T15:30:19.341] [DEBUG] debug-file - Ark compile task finished.finished time is 734851149339300
[2026-09-19T15:30:19.342] [DEBUG] debug-file - worker[4] has one work done.
[2026-09-19T15:30:19.343] [DEBUG] debug-file - default@CompileArkTS work[7] done.
[2026-09-19T15:30:19.344] [DEBUG] debug-file - A work dispatched to worker[4] failed because unable to get work from ready queue.
[2026-09-19T15:30:19.676] [DEBUG] debug-file - worker[14] has one work done.
[2026-09-19T15:30:19.677] [DEBUG] debug-file - CopyResources is end, endTime: 734851484654100
[2026-09-19T15:30:19.677] [DEBUG] debug-file - default@CompileArkTS work[8] done.
[2026-09-19T15:30:19.677] [DEBUG] debug-file - A work dispatched to worker[14] failed because unable to get work from ready queue.
[2026-09-19T15:30:19.678] [INFO] debug-file - Finished :entry:default@CompileArkTS... after 238 ms 
[2026-09-19T15:30:19.678] [DEBUG] debug-file - Executing task :entry:default@GeneratePkgModuleJson
[2026-09-19T15:30:19.679] [DEBUG] debug-file - File: 'E:\new-chat\entry\build\default\intermediates\preload\default\preload.json' from 'preloadSoJsonPath' is not exists, just ignore.
[2026-09-19T15:30:19.679] [DEBUG] debug-file - Error occurs while handling @Input 'shouldDeduplicateHar': The "data" argument must be of type string or an instance of Buffer, TypedArray, or DataView. Received undefined
[2026-09-19T15:30:19.679] [DEBUG] debug-file - Task 'entry:default@GeneratePkgModuleJson' cost while wrapping incremental declarations: 1 ms 
[2026-09-19T15:30:19.680] [DEBUG] debug-file - entry:default@GeneratePkgModuleJson is not up-to-date, since the input file 'E:\new-chat\entry\build\default\intermediates\res\default\module.json' has been changed.
[2026-09-19T15:30:19.680] [DEBUG] debug-file - Incremental task entry:default@GeneratePkgModuleJson pre-execution cost: 1 ms .
[2026-09-19T15:30:19.680] [DEBUG] debug-file - entry : default@GeneratePkgModuleJson cost memory 0.1772918701171875
[2026-09-19T15:30:19.680] [DEBUG] debug-file - runTaskFromQueue task cost before running: 897 ms 
[2026-09-19T15:30:19.681] [INFO] debug-file - Finished :entry:default@GeneratePkgModuleJson... after 2 ms 
[2026-09-19T15:30:19.681] [DEBUG] debug-file - Executing task :entry:default@ProcessCompiledResources
[2026-09-19T15:30:19.681] [DEBUG] debug-file - File: 'E:\new-chat\entry\build\default\intermediates\preload\default\preload.json' from 'preloadSoJsonPath' is not exists, just ignore.
[2026-09-19T15:30:19.681] [DEBUG] debug-file - Task 'entry:default@ProcessCompiledResources' cost while wrapping incremental declarations: 1 ms 
[2026-09-19T15:30:19.681] [DEBUG] debug-file - entry : default@ProcessCompiledResources cost memory 0.06092071533203125
[2026-09-19T15:30:19.681] [DEBUG] debug-file - runTaskFromQueue task cost before running: 898 ms 
[2026-09-19T15:30:19.681] [INFO] debug-file - Finished :entry:default@ProcessCompiledResources... after 1 ms 
[2026-09-19T15:30:19.682] [DEBUG] debug-file - Executing task :entry:default@PackageHap
[2026-09-19T15:30:19.683] [DEBUG] debug-file - entry:default@PackageHap is not up-to-date, since the input file 'E:\new-chat\entry\build\default\intermediates\res\default\module.json' has been changed.
[2026-09-19T15:30:19.684] [DEBUG] debug-file - Incremental task entry:default@PackageHap pre-execution cost: 1 ms .
[2026-09-19T15:30:19.684] [DEBUG] debug-file - Use tool [D:\DevEco Studio\sdk\default\openharmony\toolchains\lib\app_packing_tool.jar]
 [
  'java',
  '-Dfile.encoding=GBK',
  '-jar',
  'D:\\DevEco Studio\\sdk\\default\\openharmony\\toolchains\\lib\\app_packing_tool.jar',
  '--mode',
  'hap',
  '--force',
  'true',
  '--lib-path',
  'E:\\new-chat\\entry\\build\\default\\intermediates\\stripped_native_libs\\default',
  '--json-path',
  'E:\\new-chat\\entry\\build\\default\\intermediates\\package\\default\\module.json',
  '--resources-path',
  'E:\\new-chat\\entry\\build\\default\\intermediates\\res\\default\\resources',
  '--index-path',
  'E:\\new-chat\\entry\\build\\default\\intermediates\\res\\default\\resources.index',
  '--pack-info-path',
  'E:\\new-chat\\entry\\build\\default\\outputs\\default\\pack.info',
  '--out-path',
  'E:\\new-chat\\entry\\build\\default\\outputs\\default\\entry-default-unsigned.hap',
  '--ets-path',
  'E:\\new-chat\\entry\\build\\default\\intermediates\\loader_out\\default\\ets'
]
[2026-09-19T15:30:19.721] [DEBUG] debug-file - java daemon socket received message:{"code":0,"message":"pack success"}
[2026-09-19T15:30:19.722] [DEBUG] debug-file - entry : default@PackageHap cost memory 0.40041351318359375
[2026-09-19T15:30:19.723] [DEBUG] debug-file - runTaskFromQueue task cost before running: 940 ms 
[2026-09-19T15:30:19.723] [INFO] debug-file - Finished :entry:default@PackageHap... after 41 ms 
[2026-09-19T15:30:19.724] [DEBUG] debug-file - Executing task :entry:default@PackingCheck
[2026-09-19T15:30:19.726] [DEBUG] debug-file - entry : default@PackingCheck cost memory 0.3493804931640625
[2026-09-19T15:30:19.726] [DEBUG] debug-file - runTaskFromQueue task cost before running: 943 ms 
[2026-09-19T15:30:19.726] [INFO] debug-file - Finished :entry:default@PackingCheck... after 3 ms 
[2026-09-19T15:30:19.727] [DEBUG] debug-file - Executing task :entry:default@SignHap
[2026-09-19T15:30:19.728] [DEBUG] debug-file - entry:default@SignHap is not up-to-date, since the input file 'C:\Users\Admin\.ohos\config\default_new-chat_ZRzIViYJsKR1uvIVHidkGTJjCd79EUxByiySNdODe-M=.cer' has been changed.
[2026-09-19T15:30:19.728] [DEBUG] debug-file - Incremental task entry:default@SignHap pre-execution cost: 1 ms .
[2026-09-19T15:30:19.742] [DEBUG] debug-file - java daemon socket close code:1000 reason:close by user
[2026-09-19T15:30:20.205] [DEBUG] debug-file - java daemon socket received message:{"code":0,"message":"verify profile success"}
[2026-09-19T15:30:20.213] [DEBUG] debug-file - java daemon socket close code:1000 reason:close by user
[2026-09-19T15:30:20.424] [DEBUG] debug-file - java daemon socket received message:{"code":0,"message":"sign app success"}
[2026-09-19T15:30:20.424] [DEBUG] debug-file - entry : default@SignHap cost memory -1.0293045043945312
[2026-09-19T15:30:20.424] [DEBUG] debug-file - runTaskFromQueue task cost before running: 1 s 642 ms 
[2026-09-19T15:30:20.425] [INFO] debug-file - Finished :entry:default@SignHap... after 698 ms 
[2026-09-19T15:30:20.426] [DEBUG] debug-file - Executing task :entry:default@CollectDebugSymbol
[2026-09-19T15:30:20.426] [DEBUG] debug-file - entry : default@CollectDebugSymbol cost memory 0.07840728759765625
[2026-09-19T15:30:20.426] [DEBUG] debug-file - runTaskFromQueue task cost before running: 1 s 643 ms 
[2026-09-19T15:30:20.427] [INFO] debug-file - Finished :entry:default@CollectDebugSymbol... after 1 ms 
[2026-09-19T15:30:20.427] [DEBUG] debug-file - Executing task :entry:assembleHap
[2026-09-19T15:30:20.427] [DEBUG] debug-file - entry : assembleHap cost memory 0.01428985595703125
[2026-09-19T15:30:20.427] [DEBUG] debug-file - runTaskFromQueue task cost before running: 1 s 644 ms 
[2026-09-19T15:30:20.427] [INFO] debug-file - Finished :entry:assembleHap... after 1 ms 
[2026-09-19T15:30:20.434] [INFO] debug-file - BUILD SUCCESSFUL in 1 s 651 ms 
[2026-09-19T15:30:20.435] [DEBUG] debug-file - Update task entry:default@PreBuild input file:E:\new-chat\AppScope\app.json5 cache by regenerate.
[2026-09-19T15:30:20.435] [DEBUG] debug-file - Update task entry:default@PreBuild input file:E:\new-chat\entry\src\main\module.json5 cache by regenerate.
[2026-09-19T15:30:20.435] [DEBUG] debug-file - Update task entry:default@PreBuild input file:E:\new-chat\build-profile.json5 cache from map.
[2026-09-19T15:30:20.436] [DEBUG] debug-file - Update task entry:default@PreBuild input file:E:\new-chat\entry\build-profile.json5 cache by regenerate.
[2026-09-19T15:30:20.436] [DEBUG] debug-file - Update task entry:default@PreBuild input file:E:\new-chat\entry\src\main\resources\base\profile\main_pages.json cache by regenerate.
[2026-09-19T15:30:20.436] [DEBUG] debug-file - Update task entry:default@PreBuild input file:E:\new-chat\hvigor\hvigor-config.json5 cache by regenerate.
[2026-09-19T15:30:20.436] [DEBUG] debug-file - Update task entry:default@PreBuild input file:E:\new-chat\entry\oh-package.json5 cache by regenerate.
[2026-09-19T15:30:20.436] [DEBUG] debug-file - Update task entry:default@PreBuild input file:E:\new-chat\oh-package.json5 cache by regenerate.
[2026-09-19T15:30:20.436] [DEBUG] debug-file - Incremental task entry:default@PreBuild post-execution cost:2 ms .
[2026-09-19T15:30:20.436] [DEBUG] debug-file - Update task entry:default@CreateModuleInfo output file:E:\new-chat\entry\build\default\generated\profile\default\ModuleInfo.ts cache.
[2026-09-19T15:30:20.436] [DEBUG] debug-file - Incremental task entry:default@CreateModuleInfo post-execution cost:1 ms .
[2026-09-19T15:30:20.437] [DEBUG] debug-file - Update task entry:default@GenerateMetadata input file:E:\new-chat\entry\src\main\module.json5 cache by regenerate.
[2026-09-19T15:30:20.437] [DEBUG] debug-file - Update task entry:default@GenerateMetadata output file:E:\new-chat\entry\build\default\intermediates\hap_metadata\default\output_metadata.json cache.
[2026-09-19T15:30:20.437] [DEBUG] debug-file - Incremental task entry:default@GenerateMetadata post-execution cost:1 ms .
[2026-09-19T15:30:20.437] [DEBUG] debug-file - Update task entry:default@MergeProfile input file:E:\new-chat\AppScope\app.json5 cache by regenerate.
[2026-09-19T15:30:20.437] [DEBUG] debug-file - Update task entry:default@MergeProfile input file:E:\new-chat\build-profile.json5 cache from map.
[2026-09-19T15:30:20.437] [DEBUG] debug-file - Update task entry:default@MergeProfile input file:E:\new-chat\entry\src\main\module.json5 cache by regenerate.
[2026-09-19T15:30:20.437] [DEBUG] debug-file - Update task entry:default@MergeProfile output file:E:\new-chat\entry\build\default\intermediates\merge_profile\default\module.json cache.
[2026-09-19T15:30:20.437] [DEBUG] debug-file - Incremental task entry:default@MergeProfile post-execution cost:1 ms .
[2026-09-19T15:30:20.437] [DEBUG] debug-file - Update task entry:default@CreateBuildProfile input file:E:\new-chat\AppScope\app.json5 cache by regenerate.
[2026-09-19T15:30:20.437] [DEBUG] debug-file - Update task entry:default@CreateBuildProfile input file:E:\new-chat\build-profile.json5 cache from map.
[2026-09-19T15:30:20.437] [DEBUG] debug-file - Update task entry:default@CreateBuildProfile output file:E:\new-chat\entry\build\default\generated\profile\default\BuildProfile.ets cache.
[2026-09-19T15:30:20.438] [DEBUG] debug-file - Incremental task entry:default@CreateBuildProfile post-execution cost:1 ms .
[2026-09-19T15:30:20.438] [DEBUG] debug-file - Update task entry:default@GeneratePkgContextInfo output file:E:\new-chat\entry\build\default\intermediates\loader\default\pkgContextInfo.json cache.
[2026-09-19T15:30:20.438] [DEBUG] debug-file - Incremental task entry:default@GeneratePkgContextInfo post-execution cost:1 ms .
[2026-09-19T15:30:20.438] [DEBUG] debug-file - Update task entry:default@ProcessIntegratedHsp output file:E:\new-chat\build\cache\default\integrated_hsp\integratedHspCache.json cache.
[2026-09-19T15:30:20.438] [DEBUG] debug-file - Incremental task entry:default@ProcessIntegratedHsp post-execution cost:1 ms .
[2026-09-19T15:30:20.438] [DEBUG] debug-file - Update task entry:default@MakePackInfo input file:E:\new-chat\AppScope\app.json5 cache by regenerate.
[2026-09-19T15:30:20.438] [DEBUG] debug-file - Update task entry:default@MakePackInfo input file:E:\new-chat\entry\src\main\module.json5 cache by regenerate.
[2026-09-19T15:30:20.438] [DEBUG] debug-file - Update task entry:default@MakePackInfo input file:E:\new-chat\build-profile.json5 cache from map.
[2026-09-19T15:30:20.438] [DEBUG] debug-file - Update task entry:default@MakePackInfo output file:E:\new-chat\entry\build\default\outputs\default\pack.info cache.
[2026-09-19T15:30:20.438] [DEBUG] debug-file - Incremental task entry:default@MakePackInfo post-execution cost:1 ms .
[2026-09-19T15:30:20.438] [DEBUG] debug-file - Update task entry:default@SyscapTransform input file:D:\DevEco Studio\sdk\default\openharmony\toolchains\syscap_tool.exe cache by regenerate.
[2026-09-19T15:30:20.438] [DEBUG] debug-file - Update task entry:default@SyscapTransform input file:D:\DevEco Studio\sdk\default\openharmony\ets\api\device-define cache by regenerate.
[2026-09-19T15:30:20.439] [DEBUG] debug-file - Update task entry:default@SyscapTransform output file:E:\new-chat\entry\build\default\intermediates\syscap\default\rpcid.sc cache.
[2026-09-19T15:30:20.439] [DEBUG] debug-file - Incremental task entry:default@SyscapTransform post-execution cost:1 ms .
[2026-09-19T15:30:20.439] [DEBUG] debug-file - Update task entry:default@ProcessProfile input file:E:\new-chat\entry\build\default\intermediates\merge_profile\default\module.json cache from map.
[2026-09-19T15:30:20.439] [DEBUG] debug-file - Update task entry:default@ProcessProfile output file:E:\new-chat\entry\build\default\intermediates\process_profile\default\module.json cache.
[2026-09-19T15:30:20.439] [DEBUG] debug-file - Incremental task entry:default@ProcessProfile post-execution cost:1 ms .
[2026-09-19T15:30:20.439] [DEBUG] debug-file - There is no need to refresh cache, since the incremental task entry:default@ProcessRouterMap is up-to-date.
[2026-09-19T15:30:20.439] [DEBUG] debug-file - There is no need to refresh cache, since the incremental task entry:default@ProcessShareConfig is up-to-date.
[2026-09-19T15:30:20.439] [DEBUG] debug-file - Update task entry:default@ProcessStartupConfig output file:E:\new-chat\entry\build\default\intermediates\startup\default\startup_config.json cache.
[2026-09-19T15:30:20.439] [DEBUG] debug-file - Incremental task entry:default@ProcessStartupConfig post-execution cost:1 ms .
[2026-09-19T15:30:20.439] [DEBUG] debug-file - There is no need to refresh cache, since the incremental task entry:default@ProcessResource is up-to-date.
[2026-09-19T15:30:20.439] [DEBUG] debug-file - There is no need to refresh cache, since the incremental task entry:default@GenerateLoaderJson is up-to-date.
[2026-09-19T15:30:20.440] [DEBUG] debug-file - Update task entry:default@ProcessLibs input file:E:\new-chat\build-profile.json5 cache from map.
[2026-09-19T15:30:20.440] [DEBUG] debug-file - Update task entry:default@ProcessLibs input file:E:\new-chat\entry\build-profile.json5 cache by regenerate.
[2026-09-19T15:30:20.440] [DEBUG] debug-file - Update task entry:default@ProcessLibs output file:E:\new-chat\entry\build\default\intermediates\libs\default cache.
[2026-09-19T15:30:20.440] [DEBUG] debug-file - Incremental task entry:default@ProcessLibs post-execution cost:1 ms .
[2026-09-19T15:30:20.440] [DEBUG] debug-file - Update task entry:default@CompileResource input file:E:\new-chat\entry\src\main\resources cache by regenerate.
[2026-09-19T15:30:20.441] [DEBUG] debug-file - Update task entry:default@CompileResource input file:E:\new-chat\entry\build\default\intermediates\process_profile\default\module.json cache from map.
[2026-09-19T15:30:20.441] [DEBUG] debug-file - Update task entry:default@CompileResource input file:E:\new-chat\entry\build\default\intermediates\res\default\resConfig.json cache by regenerate.
[2026-09-19T15:30:20.441] [DEBUG] debug-file - Update task entry:default@CompileResource output file:E:\new-chat\entry\build\default\intermediates\res\default cache.
[2026-09-19T15:30:20.442] [DEBUG] debug-file - Update task entry:default@CompileResource output file:E:\new-chat\entry\build\default\generated\r\default\ResourceTable.h cache.
[2026-09-19T15:30:20.442] [DEBUG] debug-file - Update task entry:default@CompileResource output file:E:\new-chat\entry\build\default\generated\r\default cache.
[2026-09-19T15:30:20.442] [DEBUG] debug-file - Incremental task entry:default@CompileResource post-execution cost:3 ms .
[2026-09-19T15:30:20.442] [DEBUG] debug-file - There is no need to refresh cache, since the incremental task entry:default@DoNativeStrip is up-to-date.
[2026-09-19T15:30:20.443] [DEBUG] debug-file - Update task entry:default@CompileArkTS input file:E:\new-chat\entry\build\default\intermediates\loader\default cache by regenerate.
[2026-09-19T15:30:20.443] [DEBUG] debug-file - Update task entry:default@CompileArkTS input file:E:\new-chat\entry\build\default\intermediates\res\default\ResourceTable.txt cache from map.
[2026-09-19T15:30:20.443] [DEBUG] debug-file - Update task entry:default@CompileArkTS input file:E:\new-chat\entry\build\default\intermediates\res\default\ark_module.json cache by regenerate.
[2026-09-19T15:30:20.443] [DEBUG] debug-file - Update task entry:default@CompileArkTS input file:E:\new-chat\entry\build\default\intermediates\res\default\resources\base\profile cache by regenerate.
[2026-09-19T15:30:20.443] [DEBUG] debug-file - Update task entry:default@CompileArkTS input file:E:\new-chat\entry\src\main\ets cache by regenerate.
[2026-09-19T15:30:20.444] [DEBUG] debug-file - Update task entry:default@CompileArkTS input file:E:\new-chat\entry\build\default\generated\profile\default\BuildProfile.ets cache by regenerate.
[2026-09-19T15:30:20.444] [DEBUG] debug-file - Update task entry:default@CompileArkTS output file:E:\new-chat\entry\build\default\intermediates\loader_out\default\ets cache.
[2026-09-19T15:30:20.445] [DEBUG] debug-file - Incremental task entry:default@CompileArkTS post-execution cost:3 ms .
[2026-09-19T15:30:20.445] [DEBUG] debug-file - Update task entry:default@BuildJS input file:E:\new-chat\entry\build\default\intermediates\loader\default cache by regenerate.
[2026-09-19T15:30:20.445] [DEBUG] debug-file - Update task entry:default@BuildJS input file:E:\new-chat\entry\build\default\intermediates\res\default\ResourceTable.txt cache by regenerate.
[2026-09-19T15:30:20.445] [DEBUG] debug-file - Update task entry:default@BuildJS input file:E:\new-chat\entry\build\default\intermediates\res\default\ark_module.json cache by regenerate.
[2026-09-19T15:30:20.445] [DEBUG] debug-file - Update task entry:default@BuildJS input file:E:\new-chat\entry\build\default\intermediates\res\default\resources\base\profile cache by regenerate.
[2026-09-19T15:30:20.445] [DEBUG] debug-file - Update task entry:default@BuildJS output file:E:\new-chat\entry\build\default\intermediates\loader_out\default\js cache.
[2026-09-19T15:30:20.446] [DEBUG] debug-file - Incremental task entry:default@BuildJS post-execution cost:1 ms .
[2026-09-19T15:30:20.446] [DEBUG] debug-file - There is no need to refresh cache, since the incremental task entry:default@CacheNativeLibs is up-to-date.
[2026-09-19T15:30:20.446] [DEBUG] debug-file - Update task entry:default@GeneratePkgModuleJson input file:E:\new-chat\entry\build\default\intermediates\res\default\module.json cache from map.
[2026-09-19T15:30:20.446] [DEBUG] debug-file - Update task entry:default@GeneratePkgModuleJson output file:E:\new-chat\entry\build\default\intermediates\package\default\module.json cache.
[2026-09-19T15:30:20.446] [DEBUG] debug-file - Incremental task entry:default@GeneratePkgModuleJson post-execution cost:1 ms .
[2026-09-19T15:30:20.446] [DEBUG] debug-file - Incremental task entry:default@ProcessCompiledResources post-execution cost:1 ms .
[2026-09-19T15:30:20.446] [DEBUG] debug-file - Update task entry:default@PackageHap input file:E:\new-chat\entry\build\default\intermediates\stripped_native_libs\default cache by regenerate.
[2026-09-19T15:30:20.446] [DEBUG] debug-file - Update task entry:default@PackageHap input file:E:\new-chat\entry\build\default\intermediates\res\default\module.json cache from map.
[2026-09-19T15:30:20.446] [DEBUG] debug-file - Update task entry:default@PackageHap input file:E:\new-chat\entry\build\default\intermediates\res\default\resources cache by regenerate.
[2026-09-19T15:30:20.447] [DEBUG] debug-file - Update task entry:default@PackageHap input file:E:\new-chat\entry\build\default\intermediates\res\default\resources.index cache by regenerate.
[2026-09-19T15:30:20.447] [DEBUG] debug-file - Update task entry:default@PackageHap input file:E:\new-chat\entry\build\default\outputs\default\pack.info cache by regenerate.
[2026-09-19T15:30:20.447] [DEBUG] debug-file - Update task entry:default@PackageHap input file:E:\new-chat\entry\build\default\intermediates\loader_out\default\ets cache by regenerate.
[2026-09-19T15:30:20.447] [DEBUG] debug-file - Update task entry:default@PackageHap input file:E:\new-chat\entry\build\default\intermediates\loader_out\default\ets\sourceMaps.map cache by regenerate.
[2026-09-19T15:30:20.447] [DEBUG] debug-file - Update task entry:default@PackageHap input file:E:\new-chat\entry\build\default\generated\profile\default\BuildProfile.ets cache by regenerate.
[2026-09-19T15:30:20.447] [DEBUG] debug-file - Update task entry:default@PackageHap output file:E:\new-chat\entry\build\default\outputs\default\entry-default-unsigned.hap cache.
[2026-09-19T15:30:20.447] [DEBUG] debug-file - Update task entry:default@PackageHap output file:E:\new-chat\entry\build\default\intermediates\source_map\default\sourceMaps.map cache.
[2026-09-19T15:30:20.447] [DEBUG] debug-file - Update task entry:default@PackageHap output file:E:\new-chat\entry\build\default\outputs\default\mapping\sourceMaps.map cache.
[2026-09-19T15:30:20.448] [DEBUG] debug-file - Incremental task entry:default@PackageHap post-execution cost:2 ms .
[2026-09-19T15:30:20.448] [DEBUG] debug-file - Update task entry:default@SignHap input file:C:\Users\Admin\.ohos\config\default_new-chat_ZRzIViYJsKR1uvIVHidkGTJjCd79EUxByiySNdODe-M=.cer cache from map.
[2026-09-19T15:30:20.448] [DEBUG] debug-file - Update task entry:default@SignHap input file:C:\Users\Admin\.ohos\config\default_new-chat_ZRzIViYJsKR1uvIVHidkGTJjCd79EUxByiySNdODe-M=.p7b cache by regenerate.
[2026-09-19T15:30:20.448] [DEBUG] debug-file - Update task entry:default@SignHap input file:C:\Users\Admin\.ohos\config\default_new-chat_ZRzIViYJsKR1uvIVHidkGTJjCd79EUxByiySNdODe-M=.p12 cache by regenerate.
[2026-09-19T15:30:20.448] [DEBUG] debug-file - Update task entry:default@SignHap input file:E:\new-chat\entry\build\default\outputs\default\entry-default-unsigned.hap cache by regenerate.
[2026-09-19T15:30:20.448] [DEBUG] debug-file - Update task entry:default@SignHap output file:E:\new-chat\entry\build\default\outputs\default\entry-default-signed.hap cache.
[2026-09-19T15:30:20.448] [DEBUG] debug-file - Incremental task entry:default@SignHap post-execution cost:1 ms .
[2026-09-19T15:30:20.448] [DEBUG] debug-file - Update task entry:default@CollectDebugSymbol input file:E:\new-chat\entry\build\default\intermediates\loader_out\default\ets\sourceMaps.map cache by regenerate.
[2026-09-19T15:30:20.448] [DEBUG] debug-file - Update task entry:default@CollectDebugSymbol input file:E:\new-chat\entry\build\default\intermediates\libs\default cache by regenerate.
[2026-09-19T15:30:20.448] [DEBUG] debug-file - Update task entry:default@CollectDebugSymbol output file:E:\new-chat\entry\build\default\outputs\default\symbol cache.
[2026-09-19T15:30:20.449] [DEBUG] debug-file - Incremental task entry:default@CollectDebugSymbol post-execution cost:1 ms .
[2026-09-19T15:30:20.464] [DEBUG] debug-file - Cleanup worker 14.
[2026-09-19T15:30:20.464] [DEBUG] debug-file - Worker 14 has been cleaned up.
[2026-09-19T15:30:20.464] [DEBUG] debug-file - Current idle worker size: 1.
[2026-09-19T15:30:20.464] [DEBUG] debug-file - Current resident worker size: 2.
[2026-09-19T15:30:20.465] [DEBUG] debug-file - hvigor build process will be closed.
[2026-09-19T15:30:20.465] [DEBUG] debug-file - java daemon socket close code:1000 reason:close by user
[2026-09-19T15:30:20.472] [DEBUG] debug-file - session manager: send message to worker process.
[2026-09-19T15:30:20.473] [DEBUG] debug-file - session manager: send message to worker process.
[2026-09-19T15:30:20.473] [DEBUG] debug-file - watch worker: worker id should be larger than 0. Nothing will be sent to any worker thread.
[2026-09-19T15:30:20.474] [DEBUG] debug-file - watch worker: worker id should be larger than 0. Nothing will be sent to any worker thread.
[2026-09-19T15:30:20.483] [DEBUG] debug-file - worker[14] exits with exit code 1.
[2026-09-19T15:41:54.883] [DEBUG] debug-file - session manager: set active socket. socketId=blgrjCuNgBoYQzgfAAAR
[2026-09-19T15:41:54.896] [DEBUG] debug-file - watch worker: worker id should be larger than 0. Nothing will be sent to any worker thread.
[2026-09-19T15:41:54.900] [DEBUG] debug-file - Hvigor init with startParameters:{
  hvigorfileTypeCheck: false,
  parallelExecution: true,
  incrementalExecution: true,
  printStackTrace: false,
  daemon: true,
  analyze: 0,
  logLevel: Level { level: 20000, levelStr: 'INFO', colour: 'green' },
  optimizationStrategy: 'memory',
  hotCompile: undefined,
  hotReloadBuild: undefined
}
[2026-09-19T15:41:54.903] [DEBUG] debug-file - Cache service initialization finished in 3 ms 
[2026-09-19T15:41:54.904] [DEBUG] debug-file - hvigorfile, resolving E:\new-chat\hvigorfile.ts
[2026-09-19T15:41:54.908] [DEBUG] debug-file - hvigorfile, require result:  { default: { plugins: [] } }
[2026-09-19T15:41:54.908] [DEBUG] debug-file - hvigorfile, binding system plugins null
[2026-09-19T15:41:54.912] [DEBUG] debug-file - Start initialize project's product build option map with build mode debug.
[2026-09-19T15:41:54.912] [DEBUG] debug-file - Picking option from product 'default' with build mode 'debug'.
[2026-09-19T15:41:54.912] [DEBUG] debug-file - Product 'default' build option initialized
[2026-09-19T15:41:54.912] [DEBUG] debug-file - End initialize project's product build option map with build mode 'debug'.
[2026-09-19T15:41:54.913] [DEBUG] debug-file - Obtain build option for product 'default'in this build.
[2026-09-19T15:41:54.913] [DEBUG] debug-file - E:\new-chat\build\cache\default\remote_hsp\remoteHspCache.json not exists.
[2026-09-19T15:41:54.918] [DEBUG] debug-file - Start recording SDK configuration permission data.
[2026-09-19T15:41:54.941] [DEBUG] debug-file - Sdk init in 28 ms 
[2026-09-19T15:41:54.944] [DEBUG] debug-file - Project task initialization takes 2 ms 
[2026-09-19T15:41:54.944] [DEBUG] debug-file - hvigorfile, binding custom plugins []
[2026-09-19T15:41:54.944] [DEBUG] debug-file - hvigorfile, no custom plugins were found in E:\new-chat\hvigorfile.ts
[2026-09-19T15:41:54.944] [DEBUG] debug-file - hvigorfile, resolve finished E:\new-chat\hvigorfile.ts
[2026-09-19T15:41:54.944] [DEBUG] debug-file - hvigorfile, resolving E:\new-chat\entry\hvigorfile.ts
[2026-09-19T15:41:54.948] [DEBUG] debug-file - hvigorfile, require result:  { default: { plugins: [] } }
[2026-09-19T15:41:54.948] [DEBUG] debug-file - hvigorfile, binding system plugins null
[2026-09-19T15:41:54.949] [DEBUG] debug-file - failed to load cangjie to dynamically generate schemas: Error: Cannot find module '@ohos/cangjie-build-support/index'
Require stack:
- D:\DevEco Studio\tools\hvigor\hvigor-ohos-plugin\src\plugin\factory\plugin-factory.js
- D:\DevEco Studio\tools\hvigor\hvigor-ohos-plugin\index.js
- E:\new-chat\hvigorfile.ts
- D:\DevEco Studio\tools\hvigor\hvigor\src\base\internal\lifecycle\configuration.js
- D:\DevEco Studio\tools\hvigor\hvigor\src\base\boot\index.js
- D:\DevEco Studio\tools\hvigor\hvigor\src\base\daemon\cluster\worker-process-lifecycle.js
- D:\DevEco Studio\tools\hvigor\hvigor\src\base\daemon\process\daemon-process-boot-script.js
[2026-09-19T15:41:54.950] [DEBUG] debug-file - Start initialize module-target build option map, moduleName=entry, buildMode=debug
[2026-09-19T15:41:54.951] [DEBUG] debug-file - Target 'default' config initialized
[2026-09-19T15:41:54.951] [DEBUG] debug-file - Module 'entry' target 'default' build option initialized
[2026-09-19T15:41:54.951] [DEBUG] debug-file - End initialize module-target build option map, moduleName=entry
[2026-09-19T15:41:54.951] [DEBUG] debug-file - Start initialize module-target build option map, moduleName=entry, buildMode=release
[2026-09-19T15:41:54.951] [DEBUG] debug-file - Target 'default' config initialized
[2026-09-19T15:41:54.951] [DEBUG] debug-file - Module 'entry' target 'default' build option initialized
[2026-09-19T15:41:54.951] [DEBUG] debug-file - End initialize module-target build option map, moduleName=entry
[2026-09-19T15:41:54.951] [DEBUG] debug-file - Start initialize module-target build option map, moduleName=entry, buildMode=debug
[2026-09-19T15:41:54.951] [DEBUG] debug-file - Target 'default' config initialized
[2026-09-19T15:41:54.951] [DEBUG] debug-file - Module 'entry' target 'default' build option initialized
[2026-09-19T15:41:54.951] [DEBUG] debug-file - End initialize module-target build option map, moduleName=entry
[2026-09-19T15:41:54.951] [DEBUG] debug-file - Obtain build option for module 'entry' target 'default'in this build.
[2026-09-19T15:41:54.955] [DEBUG] debug-file - Module entry task initialization takes 3 ms 
[2026-09-19T15:41:54.955] [DEBUG] debug-file - hvigorfile, binding custom plugins []
[2026-09-19T15:41:54.955] [DEBUG] debug-file - hvigorfile, no custom plugins were found in E:\new-chat\entry\hvigorfile.ts
[2026-09-19T15:41:54.955] [DEBUG] debug-file - hvigorfile, resolve finished E:\new-chat\entry\hvigorfile.ts
[2026-09-19T15:41:54.970] [DEBUG] debug-file - hvigorfile, resolve hvigorfile dependencies in 14 ms 
[2026-09-19T15:41:54.970] [DEBUG] debug-file - project has submodules:entry
[2026-09-19T15:41:54.971] [DEBUG] debug-file - Start to initialize dependency information.
[2026-09-19T15:41:54.971] [DEBUG] debug-file - Module new-chat Collected Dependency: 
[2026-09-19T15:41:54.971] [DEBUG] debug-file - Module new-chat's total dependency: 0
[2026-09-19T15:41:54.972] [DEBUG] debug-file - Start to initialize dependency information.
[2026-09-19T15:41:54.972] [DEBUG] debug-file - Module entry Collected Dependency: 
[2026-09-19T15:41:54.972] [DEBUG] debug-file - Module entry's total dependency: 0
[2026-09-19T15:41:54.974] [DEBUG] debug-file - Configuration phase cost:71 ms 
[2026-09-19T15:41:54.975] [DEBUG] debug-file - Configuration task cost before running: 78 ms 
[2026-09-19T15:41:54.975] [DEBUG] debug-file - Executing task :entry:clean
[2026-09-19T15:41:54.975] [DEBUG] debug-file - clean: Start terminating worker pool.
[2026-09-19T15:41:54.975] [DEBUG] debug-file - Current worker pool is stopped or closed.
[2026-09-19T15:41:54.975] [DEBUG] debug-file - Clear worker 4.
[2026-09-19T15:41:54.975] [DEBUG] debug-file - Worker 4 has been cleared.
[2026-09-19T15:41:54.976] [DEBUG] debug-file - Current idle worker size: 0.
[2026-09-19T15:41:54.976] [DEBUG] debug-file - Current busy worker size: 0.
[2026-09-19T15:41:54.980] [DEBUG] debug-file - Current worker pool is terminated.
[2026-09-19T15:41:54.980] [DEBUG] debug-file - clean: Terminating worker pool finished.
[2026-09-19T15:41:55.003] [DEBUG] debug-file - entry : clean cost memory -0.39846038818359375
[2026-09-19T15:41:55.004] [DEBUG] debug-file - runTaskFromQueue task cost before running: 106 ms 
[2026-09-19T15:41:55.004] [INFO] debug-file - Finished :entry:clean... after 29 ms 
[2026-09-19T15:41:55.004] [DEBUG] debug-file - Executing task ::clean
[2026-09-19T15:41:55.004] [DEBUG] debug-file - clean: Worker pool is inactive.
[2026-09-19T15:41:55.004] [DEBUG] debug-file - new-chat : clean cost memory 0.0263824462890625
[2026-09-19T15:41:55.004] [DEBUG] debug-file - runTaskFromQueue task cost before running: 107 ms 
[2026-09-19T15:41:55.004] [INFO] debug-file - Finished ::clean... after 1 ms 
[2026-09-19T15:41:55.015] [INFO] debug-file - BUILD SUCCESSFUL in 118 ms 
[2026-09-19T15:41:55.026] [DEBUG] debug-file - worker[4] exits with exit code 1.
[2026-09-19T15:41:55.026] [DEBUG] debug-file - Since there is no instance or instance is terminated, create a new worker pool.
[2026-09-19T15:41:55.027] [DEBUG] debug-file - Worker pool is initialized with config:  {
  minPoolNum: 2,
  maxPoolNum: undefined,
  maxCoreSize: undefined,
  cacheCapacity: undefined,
  cacheTtl: undefined
}
[2026-09-19T15:41:55.028] [DEBUG] debug-file - Create  resident worker with id: 0.
[2026-09-19T15:41:55.030] [DEBUG] debug-file - Create  resident worker with id: 1.
[2026-09-19T15:41:55.031] [DEBUG] debug-file - Cleanup worker 0.
[2026-09-19T15:41:55.031] [DEBUG] debug-file - Worker 0 has been cleaned up.
[2026-09-19T15:41:55.031] [DEBUG] debug-file - Current idle worker size: 1.
[2026-09-19T15:41:55.031] [DEBUG] debug-file - Current resident worker size: 2.
[2026-09-19T15:41:55.031] [DEBUG] debug-file - Cleanup worker 1.
[2026-09-19T15:41:55.031] [DEBUG] debug-file - Worker 1 has been cleaned up.
[2026-09-19T15:41:55.031] [DEBUG] debug-file - Current idle worker size: 0.
[2026-09-19T15:41:55.031] [DEBUG] debug-file - Current resident worker size: 2.
[2026-09-19T15:41:55.032] [DEBUG] debug-file - hvigor build process will be closed.
[2026-09-19T15:41:55.037] [DEBUG] debug-file - session manager: send message to worker process.
[2026-09-19T15:41:55.038] [DEBUG] debug-file - session manager: send message to worker process.
[2026-09-19T15:41:55.038] [DEBUG] debug-file - worker[0] exits with exit code 0.
[2026-09-19T15:41:55.038] [DEBUG] debug-file - worker[1] exits with exit code 0.
[2026-09-19T15:41:55.039] [DEBUG] debug-file - watch worker: worker id should be larger than 0. Nothing will be sent to any worker thread.
[2026-09-19T15:41:55.039] [DEBUG] debug-file - watch worker: worker id should be larger than 0. Nothing will be sent to any worker thread.
[2026-09-19T15:42:07.387] [DEBUG] debug-file - session manager: set active socket. socketId=ofx1fpDFPqiTBAw2AAAT
[2026-09-19T15:42:07.399] [DEBUG] debug-file - watch worker: worker id should be larger than 0. Nothing will be sent to any worker thread.
[2026-09-19T15:42:07.403] [DEBUG] debug-file - Hvigor init with startParameters:{
  hvigorfileTypeCheck: false,
  parallelExecution: true,
  incrementalExecution: true,
  printStackTrace: false,
  daemon: true,
  analyze: 0,
  logLevel: Level { level: 20000, levelStr: 'INFO', colour: 'green' },
  optimizationStrategy: 'memory',
  hotCompile: undefined,
  hotReloadBuild: undefined
}
[2026-09-19T15:42:07.405] [DEBUG] debug-file - Cache service initialization finished in 3 ms 
[2026-09-19T15:42:07.407] [DEBUG] debug-file - hvigorfile, resolving E:\new-chat\hvigorfile.ts
[2026-09-19T15:42:07.410] [DEBUG] debug-file - hvigorfile, require result:  { default: { plugins: [] } }
[2026-09-19T15:42:07.410] [DEBUG] debug-file - hvigorfile, binding system plugins null
[2026-09-19T15:42:07.555] [DEBUG] debug-file - Start initialize project's product build option map with build mode debug.
[2026-09-19T15:42:07.555] [DEBUG] debug-file - Picking option from product 'default' with build mode 'debug'.
[2026-09-19T15:42:07.555] [DEBUG] debug-file - Product 'default' build option initialized
[2026-09-19T15:42:07.555] [DEBUG] debug-file - End initialize project's product build option map with build mode 'debug'.
[2026-09-19T15:42:07.555] [DEBUG] debug-file - Obtain build option for product 'default'in this build.
[2026-09-19T15:42:07.556] [DEBUG] debug-file - E:\new-chat\build\cache\default\remote_hsp\remoteHspCache.json not exists.
[2026-09-19T15:42:07.557] [DEBUG] debug-file - Start recording SDK configuration permission data.
[2026-09-19T15:42:07.574] [DEBUG] debug-file - Sdk init in 19 ms 
[2026-09-19T15:42:07.577] [DEBUG] debug-file - Project task initialization takes 2 ms 
[2026-09-19T15:42:07.577] [DEBUG] debug-file - hvigorfile, binding custom plugins []
[2026-09-19T15:42:07.577] [DEBUG] debug-file - hvigorfile, no custom plugins were found in E:\new-chat\hvigorfile.ts
[2026-09-19T15:42:07.577] [DEBUG] debug-file - hvigorfile, resolve finished E:\new-chat\hvigorfile.ts
[2026-09-19T15:42:07.577] [DEBUG] debug-file - hvigorfile, resolving E:\new-chat\entry\hvigorfile.ts
[2026-09-19T15:42:07.581] [DEBUG] debug-file - hvigorfile, require result:  { default: { plugins: [] } }
[2026-09-19T15:42:07.581] [DEBUG] debug-file - hvigorfile, binding system plugins null
[2026-09-19T15:42:07.582] [DEBUG] debug-file - failed to load cangjie to dynamically generate schemas: Error: Cannot find module '@ohos/cangjie-build-support/index'
Require stack:
- D:\DevEco Studio\tools\hvigor\hvigor-ohos-plugin\src\plugin\factory\plugin-factory.js
- D:\DevEco Studio\tools\hvigor\hvigor-ohos-plugin\index.js
- E:\new-chat\hvigorfile.ts
- D:\DevEco Studio\tools\hvigor\hvigor\src\base\internal\lifecycle\configuration.js
- D:\DevEco Studio\tools\hvigor\hvigor\src\base\boot\index.js
- D:\DevEco Studio\tools\hvigor\hvigor\src\base\daemon\cluster\worker-process-lifecycle.js
- D:\DevEco Studio\tools\hvigor\hvigor\src\base\daemon\process\daemon-process-boot-script.js
[2026-09-19T15:42:07.586] [DEBUG] debug-file - Start initialize module-target build option map, moduleName=entry, buildMode=debug
[2026-09-19T15:42:07.586] [DEBUG] debug-file - Target 'default' config initialized
[2026-09-19T15:42:07.586] [DEBUG] debug-file - Module 'entry' target 'default' build option initialized
[2026-09-19T15:42:07.586] [DEBUG] debug-file - End initialize module-target build option map, moduleName=entry
[2026-09-19T15:42:07.586] [DEBUG] debug-file - Start initialize module-target build option map, moduleName=entry, buildMode=release
[2026-09-19T15:42:07.586] [DEBUG] debug-file - Target 'default' config initialized
[2026-09-19T15:42:07.586] [DEBUG] debug-file - Module 'entry' target 'default' build option initialized
[2026-09-19T15:42:07.586] [DEBUG] debug-file - End initialize module-target build option map, moduleName=entry
[2026-09-19T15:42:07.586] [DEBUG] debug-file - Start initialize module-target build option map, moduleName=entry, buildMode=debug
[2026-09-19T15:42:07.586] [DEBUG] debug-file - Target 'default' config initialized
[2026-09-19T15:42:07.586] [DEBUG] debug-file - Module 'entry' target 'default' build option initialized
[2026-09-19T15:42:07.586] [DEBUG] debug-file - End initialize module-target build option map, moduleName=entry
[2026-09-19T15:42:07.586] [DEBUG] debug-file - Obtain build option for module 'entry' target 'default'in this build.
[2026-09-19T15:42:07.588] [DEBUG] debug-file - Module entry task initialization takes 2 ms 
[2026-09-19T15:42:07.588] [DEBUG] debug-file - hvigorfile, binding custom plugins []
[2026-09-19T15:42:07.588] [DEBUG] debug-file - hvigorfile, no custom plugins were found in E:\new-chat\entry\hvigorfile.ts
[2026-09-19T15:42:07.588] [DEBUG] debug-file - hvigorfile, resolve finished E:\new-chat\entry\hvigorfile.ts
[2026-09-19T15:42:07.603] [DEBUG] debug-file - hvigorfile, resolve hvigorfile dependencies in 15 ms 
[2026-09-19T15:42:07.603] [DEBUG] debug-file - project has submodules:entry
[2026-09-19T15:42:07.603] [DEBUG] debug-file - start to load updatedOhPackageInfo to the disk
[2026-09-19T15:42:07.606] [DEBUG] debug-file - load to the disk finished
[2026-09-19T15:42:07.607] [DEBUG] debug-file - Start to initialize dependency information.
[2026-09-19T15:42:07.607] [DEBUG] debug-file - Module new-chat Collected Dependency: 
[2026-09-19T15:42:07.607] [DEBUG] debug-file - Module new-chat's total dependency: 0
[2026-09-19T15:42:07.608] [DEBUG] debug-file - Start to initialize dependency information.
[2026-09-19T15:42:07.609] [DEBUG] debug-file - Module entry Collected Dependency: 
[2026-09-19T15:42:07.609] [DEBUG] debug-file - Module entry's total dependency: 0
[2026-09-19T15:42:07.610] [DEBUG] debug-file - Configuration phase cost:204 ms 
[2026-09-19T15:42:07.610] [DEBUG] debug-file - Configuration task cost before running: 210 ms 
[2026-09-19T15:42:07.610] [DEBUG] debug-file - Executing task :entry:init
[2026-09-19T15:42:07.611] [DEBUG] debug-file - entry : init cost memory 0.0154266357421875
[2026-09-19T15:42:07.611] [DEBUG] debug-file - runTaskFromQueue task cost before running: 210 ms 
[2026-09-19T15:42:07.611] [INFO] debug-file - Finished :entry:init... after 1 ms 
[2026-09-19T15:42:07.611] [DEBUG] debug-file - Executing task ::init
[2026-09-19T15:42:07.611] [DEBUG] debug-file - new-chat : init cost memory 0.01398468017578125
[2026-09-19T15:42:07.611] [DEBUG] debug-file - runTaskFromQueue task cost before running: 211 ms 
[2026-09-19T15:42:07.611] [INFO] debug-file - Finished ::init... after 1 ms 
[2026-09-19T15:42:07.617] [DEBUG] debug-file - Obtain build option for module 'entry' target 'default'in this build.
[2026-09-19T15:42:07.618] [DEBUG] debug-file - There's no busy workers and idle workers need cleanup.
[2026-09-19T15:42:07.619] [DEBUG] debug-file - hvigor build process will be closed.
[2026-09-19T15:42:07.624] [DEBUG] debug-file - session manager: send message to worker process.
[2026-09-19T15:42:07.624] [DEBUG] debug-file - session manager: send message to worker process.
[2026-09-19T15:42:07.625] [DEBUG] debug-file - watch worker: worker id should be larger than 0. Nothing will be sent to any worker thread.
[2026-09-19T15:42:07.625] [DEBUG] debug-file - watch worker: worker id should be larger than 0. Nothing will be sent to any worker thread.
[2026-09-19T18:08:13.726] [DEBUG] debug-file - session manager: set active socket. socketId=mQqxXxeRIhEHLQCgAAAV
[2026-09-19T18:08:13.753] [DEBUG] debug-file - watch worker: worker id should be larger than 0. Nothing will be sent to any worker thread.
[2026-09-19T18:08:13.779] [DEBUG] debug-file - Hvigor init with startParameters:{
  hvigorfileTypeCheck: false,
  parallelExecution: true,
  incrementalExecution: true,
  printStackTrace: false,
  daemon: true,
  analyze: 0,
  logLevel: Level { level: 20000, levelStr: 'INFO', colour: 'green' },
  optimizationStrategy: 'memory',
  hotCompile: undefined,
  hotReloadBuild: undefined
}
[2026-09-19T18:08:13.786] [DEBUG] debug-file - Cache service initialization finished in 7 ms 
[2026-09-19T18:08:13.788] [DEBUG] debug-file - hvigorfile, resolving E:\new-chat\hvigorfile.ts
[2026-09-19T18:08:13.804] [DEBUG] debug-file - hvigorfile, require result:  { default: { plugins: [] } }
[2026-09-19T18:08:13.804] [DEBUG] debug-file - hvigorfile, binding system plugins null
[2026-09-19T18:08:13.815] [DEBUG] debug-file - Start initialize project's product build option map with build mode debug.
[2026-09-19T18:08:13.815] [DEBUG] debug-file - Picking option from product 'default' with build mode 'debug'.
[2026-09-19T18:08:13.815] [DEBUG] debug-file - Product 'default' build option initialized
[2026-09-19T18:08:13.815] [DEBUG] debug-file - End initialize project's product build option map with build mode 'debug'.
[2026-09-19T18:08:13.816] [DEBUG] debug-file - Obtain build option for product 'default'in this build.
[2026-09-19T18:08:13.816] [DEBUG] debug-file - E:\new-chat\build\cache\default\remote_hsp\remoteHspCache.json not exists.
[2026-09-19T18:08:13.819] [DEBUG] debug-file - Start recording SDK configuration permission data.
[2026-09-19T18:08:13.847] [DEBUG] debug-file - Sdk init in 30 ms 
[2026-09-19T18:08:13.850] [DEBUG] debug-file - Project task initialization takes 3 ms 
[2026-09-19T18:08:13.850] [DEBUG] debug-file - hvigorfile, binding custom plugins []
[2026-09-19T18:08:13.850] [DEBUG] debug-file - hvigorfile, no custom plugins were found in E:\new-chat\hvigorfile.ts
[2026-09-19T18:08:13.850] [DEBUG] debug-file - hvigorfile, resolve finished E:\new-chat\hvigorfile.ts
[2026-09-19T18:08:13.850] [DEBUG] debug-file - hvigorfile, resolving E:\new-chat\entry\hvigorfile.ts
[2026-09-19T18:08:13.854] [DEBUG] debug-file - hvigorfile, require result:  { default: { plugins: [] } }
[2026-09-19T18:08:13.854] [DEBUG] debug-file - hvigorfile, binding system plugins null
[2026-09-19T18:08:13.855] [DEBUG] debug-file - failed to load cangjie to dynamically generate schemas: Error: Cannot find module '@ohos/cangjie-build-support/index'
Require stack:
- D:\DevEco Studio\tools\hvigor\hvigor-ohos-plugin\src\plugin\factory\plugin-factory.js
- D:\DevEco Studio\tools\hvigor\hvigor-ohos-plugin\index.js
- E:\new-chat\hvigorfile.ts
- D:\DevEco Studio\tools\hvigor\hvigor\src\base\internal\lifecycle\configuration.js
- D:\DevEco Studio\tools\hvigor\hvigor\src\base\boot\index.js
- D:\DevEco Studio\tools\hvigor\hvigor\src\base\daemon\cluster\worker-process-lifecycle.js
- D:\DevEco Studio\tools\hvigor\hvigor\src\base\daemon\process\daemon-process-boot-script.js
[2026-09-19T18:08:13.860] [DEBUG] debug-file - Start initialize module-target build option map, moduleName=entry, buildMode=debug
[2026-09-19T18:08:13.860] [DEBUG] debug-file - Target 'default' config initialized
[2026-09-19T18:08:13.860] [DEBUG] debug-file - Module 'entry' target 'default' build option initialized
[2026-09-19T18:08:13.860] [DEBUG] debug-file - End initialize module-target build option map, moduleName=entry
[2026-09-19T18:08:13.860] [DEBUG] debug-file - Start initialize module-target build option map, moduleName=entry, buildMode=release
[2026-09-19T18:08:13.860] [DEBUG] debug-file - Target 'default' config initialized
[2026-09-19T18:08:13.860] [DEBUG] debug-file - Module 'entry' target 'default' build option initialized
[2026-09-19T18:08:13.860] [DEBUG] debug-file - End initialize module-target build option map, moduleName=entry
[2026-09-19T18:08:13.860] [DEBUG] debug-file - Start initialize module-target build option map, moduleName=entry, buildMode=debug
[2026-09-19T18:08:13.860] [DEBUG] debug-file - Target 'default' config initialized
[2026-09-19T18:08:13.860] [DEBUG] debug-file - Module 'entry' target 'default' build option initialized
[2026-09-19T18:08:13.861] [DEBUG] debug-file - End initialize module-target build option map, moduleName=entry
[2026-09-19T18:08:13.861] [DEBUG] debug-file - Obtain build option for module 'entry' target 'default'in this build.
[2026-09-19T18:08:13.863] [DEBUG] debug-file - Module entry task initialization takes 2 ms 
[2026-09-19T18:08:13.863] [DEBUG] debug-file - hvigorfile, binding custom plugins []
[2026-09-19T18:08:13.864] [DEBUG] debug-file - hvigorfile, no custom plugins were found in E:\new-chat\entry\hvigorfile.ts
[2026-09-19T18:08:13.865] [DEBUG] debug-file - hvigorfile, resolve finished E:\new-chat\entry\hvigorfile.ts
[2026-09-19T18:08:13.883] [DEBUG] debug-file - hvigorfile, resolve hvigorfile dependencies in 19 ms 
[2026-09-19T18:08:13.884] [DEBUG] debug-file - project has submodules:entry
[2026-09-19T18:08:13.884] [DEBUG] debug-file - start to load updatedOhPackageInfo to the disk
[2026-09-19T18:08:13.887] [DEBUG] debug-file - load to the disk finished
[2026-09-19T18:08:13.888] [DEBUG] debug-file - Start to initialize dependency information.
[2026-09-19T18:08:13.889] [DEBUG] debug-file - Module new-chat Collected Dependency: 
[2026-09-19T18:08:13.889] [DEBUG] debug-file - Module new-chat's total dependency: 0
[2026-09-19T18:08:13.891] [DEBUG] debug-file - Start to initialize dependency information.
[2026-09-19T18:08:13.893] [DEBUG] debug-file - Module entry Collected Dependency: 
[2026-09-19T18:08:13.893] [DEBUG] debug-file - Module entry's total dependency: 0
[2026-09-19T18:08:13.896] [DEBUG] debug-file - Configuration phase cost:110 ms 
[2026-09-19T18:08:13.897] [DEBUG] debug-file - Configuration task cost before running: 126 ms 
[2026-09-19T18:08:13.897] [DEBUG] debug-file - Executing task :entry:init
[2026-09-19T18:08:13.898] [DEBUG] debug-file - entry : init cost memory 0.01517486572265625
[2026-09-19T18:08:13.898] [DEBUG] debug-file - runTaskFromQueue task cost before running: 126 ms 
[2026-09-19T18:08:13.898] [INFO] debug-file - Finished :entry:init... after 1 ms 
[2026-09-19T18:08:13.898] [DEBUG] debug-file - Executing task ::init
[2026-09-19T18:08:13.898] [DEBUG] debug-file - new-chat : init cost memory 0.01398468017578125
[2026-09-19T18:08:13.898] [DEBUG] debug-file - runTaskFromQueue task cost before running: 127 ms 
[2026-09-19T18:08:13.899] [INFO] debug-file - Finished ::init... after 1 ms 
[2026-09-19T18:08:13.910] [DEBUG] debug-file - Obtain build option for module 'entry' target 'default'in this build.
[2026-09-19T18:08:13.912] [DEBUG] debug-file - There's no busy workers and idle workers need cleanup.
[2026-09-19T18:08:13.913] [DEBUG] debug-file - hvigor build process will be closed.
[2026-09-19T18:08:13.918] [DEBUG] debug-file - session manager: send message to worker process.
[2026-09-19T18:08:13.919] [DEBUG] debug-file - session manager: send message to worker process.
[2026-09-19T18:08:13.919] [DEBUG] debug-file - watch worker: worker id should be larger than 0. Nothing will be sent to any worker thread.
[2026-09-19T18:08:13.919] [DEBUG] debug-file - watch worker: worker id should be larger than 0. Nothing will be sent to any worker thread.
[2026-09-19T20:02:25.142] [DEBUG] debug-file - session manager: set active socket. socketId=nFfihh7qSS4CmaROAAAX
[2026-09-19T20:02:25.155] [DEBUG] debug-file - watch worker: worker id should be larger than 0. Nothing will be sent to any worker thread.
[2026-09-19T20:02:25.159] [DEBUG] debug-file - Hvigor init with startParameters:{
  hvigorfileTypeCheck: false,
  parallelExecution: true,
  incrementalExecution: true,
  printStackTrace: false,
  daemon: true,
  analyze: 0,
  logLevel: Level { level: 20000, levelStr: 'INFO', colour: 'green' },
  optimizationStrategy: 'memory',
  hotCompile: undefined,
  hotReloadBuild: undefined
}
[2026-09-19T20:02:25.162] [DEBUG] debug-file - Cache service initialization finished in 3 ms 
[2026-09-19T20:02:25.162] [DEBUG] debug-file - hvigorfile, resolving E:\new-chat\hvigorfile.ts
[2026-09-19T20:02:25.168] [DEBUG] debug-file - hvigorfile, require result:  { default: { plugins: [] } }
[2026-09-19T20:02:25.168] [DEBUG] debug-file - hvigorfile, binding system plugins null
[2026-09-19T20:02:25.171] [DEBUG] debug-file - Start initialize project's product build option map with build mode debug.
[2026-09-19T20:02:25.171] [DEBUG] debug-file - Picking option from product 'default' with build mode 'debug'.
[2026-09-19T20:02:25.171] [DEBUG] debug-file - Product 'default' build option initialized
[2026-09-19T20:02:25.172] [DEBUG] debug-file - End initialize project's product build option map with build mode 'debug'.
[2026-09-19T20:02:25.172] [DEBUG] debug-file - Obtain build option for product 'default'in this build.
[2026-09-19T20:02:25.173] [DEBUG] debug-file - E:\new-chat\build\cache\default\remote_hsp\remoteHspCache.json not exists.
[2026-09-19T20:02:25.175] [DEBUG] debug-file - Start recording SDK configuration permission data.
[2026-09-19T20:02:25.195] [DEBUG] debug-file - Sdk init in 22 ms 
[2026-09-19T20:02:25.197] [DEBUG] debug-file - Project task initialization takes 2 ms 
[2026-09-19T20:02:25.197] [DEBUG] debug-file - hvigorfile, binding custom plugins []
[2026-09-19T20:02:25.197] [DEBUG] debug-file - hvigorfile, no custom plugins were found in E:\new-chat\hvigorfile.ts
[2026-09-19T20:02:25.197] [DEBUG] debug-file - hvigorfile, resolve finished E:\new-chat\hvigorfile.ts
[2026-09-19T20:02:25.198] [DEBUG] debug-file - hvigorfile, resolving E:\new-chat\entry\hvigorfile.ts
[2026-09-19T20:02:25.200] [DEBUG] debug-file - hvigorfile, require result:  { default: { plugins: [] } }
[2026-09-19T20:02:25.200] [DEBUG] debug-file - hvigorfile, binding system plugins null
[2026-09-19T20:02:25.201] [DEBUG] debug-file - failed to load cangjie to dynamically generate schemas: Error: Cannot find module '@ohos/cangjie-build-support/index'
Require stack:
- D:\DevEco Studio\tools\hvigor\hvigor-ohos-plugin\src\plugin\factory\plugin-factory.js
- D:\DevEco Studio\tools\hvigor\hvigor-ohos-plugin\index.js
- E:\new-chat\hvigorfile.ts
- D:\DevEco Studio\tools\hvigor\hvigor\src\base\internal\lifecycle\configuration.js
- D:\DevEco Studio\tools\hvigor\hvigor\src\base\boot\index.js
- D:\DevEco Studio\tools\hvigor\hvigor\src\base\daemon\cluster\worker-process-lifecycle.js
- D:\DevEco Studio\tools\hvigor\hvigor\src\base\daemon\process\daemon-process-boot-script.js
[2026-09-19T20:02:25.202] [DEBUG] debug-file - Start initialize module-target build option map, moduleName=entry, buildMode=debug
[2026-09-19T20:02:25.202] [DEBUG] debug-file - Target 'default' config initialized
[2026-09-19T20:02:25.202] [DEBUG] debug-file - Module 'entry' target 'default' build option initialized
[2026-09-19T20:02:25.202] [DEBUG] debug-file - End initialize module-target build option map, moduleName=entry
[2026-09-19T20:02:25.202] [DEBUG] debug-file - Start initialize module-target build option map, moduleName=entry, buildMode=release
[2026-09-19T20:02:25.202] [DEBUG] debug-file - Target 'default' config initialized
[2026-09-19T20:02:25.202] [DEBUG] debug-file - Module 'entry' target 'default' build option initialized
[2026-09-19T20:02:25.202] [DEBUG] debug-file - End initialize module-target build option map, moduleName=entry
[2026-09-19T20:02:25.202] [DEBUG] debug-file - Start initialize module-target build option map, moduleName=entry, buildMode=debug
[2026-09-19T20:02:25.202] [DEBUG] debug-file - Target 'default' config initialized
[2026-09-19T20:02:25.202] [DEBUG] debug-file - Module 'entry' target 'default' build option initialized
[2026-09-19T20:02:25.202] [DEBUG] debug-file - End initialize module-target build option map, moduleName=entry
[2026-09-19T20:02:25.202] [DEBUG] debug-file - Obtain build option for module 'entry' target 'default'in this build.
[2026-09-19T20:02:25.204] [DEBUG] debug-file - Module entry task initialization takes 1 ms 
[2026-09-19T20:02:25.204] [DEBUG] debug-file - hvigorfile, binding custom plugins []
[2026-09-19T20:02:25.204] [DEBUG] debug-file - hvigorfile, no custom plugins were found in E:\new-chat\entry\hvigorfile.ts
[2026-09-19T20:02:25.204] [DEBUG] debug-file - hvigorfile, resolve finished E:\new-chat\entry\hvigorfile.ts
[2026-09-19T20:02:25.217] [DEBUG] debug-file - hvigorfile, resolve hvigorfile dependencies in 13 ms 
[2026-09-19T20:02:25.217] [DEBUG] debug-file - project has submodules:entry
[2026-09-19T20:02:25.218] [DEBUG] debug-file - start to load updatedOhPackageInfo to the disk
[2026-09-19T20:02:25.220] [DEBUG] debug-file - load to the disk finished
[2026-09-19T20:02:25.221] [DEBUG] debug-file - Start to initialize dependency information.
[2026-09-19T20:02:25.221] [DEBUG] debug-file - Module new-chat Collected Dependency: 
[2026-09-19T20:02:25.221] [DEBUG] debug-file - Module new-chat's total dependency: 0
[2026-09-19T20:02:25.222] [DEBUG] debug-file - Start to initialize dependency information.
[2026-09-19T20:02:25.222] [DEBUG] debug-file - Module entry Collected Dependency: 
[2026-09-19T20:02:25.222] [DEBUG] debug-file - Module entry's total dependency: 0
[2026-09-19T20:02:25.223] [DEBUG] debug-file - Configuration phase cost:62 ms 
[2026-09-19T20:02:25.224] [DEBUG] debug-file - Configuration task cost before running: 67 ms 
[2026-09-19T20:02:25.228] [DEBUG] debug-file - Executing task :entry:default@PreBuild
[2026-09-19T20:02:25.229] [DEBUG] debug-file - Task 'entry:default@PreBuild' cost while wrapping incremental declarations: 1 ms 
[2026-09-19T20:02:25.231] [DEBUG] debug-file - entry:default@PreBuild is not up-to-date, since the input file 'E:\new-chat\entry\src\main\module.json5' has been changed.
[2026-09-19T20:02:25.232] [DEBUG] debug-file - Incremental task entry:default@PreBuild pre-execution cost: 2 ms .
[2026-09-19T20:02:25.387] [DEBUG] debug-file - current product is not Atomic service.
[2026-09-19T20:02:25.387] [DEBUG] debug-file - Use tool [win32: JAVA_HOME, CLASSPATH]
 [ { JAVA_HOME: 'D:\\DevEco Studio\\jbr' }, { CLASSPATH: undefined } ]
[2026-09-19T20:02:25.387] [DEBUG] debug-file - Use tool [win32: NODE_HOME]
 [ { NODE_HOME: 'D:\\DevEco Studio\\tools\\node' } ]
[2026-09-19T20:02:25.388] [DEBUG] debug-file - entry : default@PreBuild cost memory 3.824066162109375
[2026-09-19T20:02:25.388] [DEBUG] debug-file - runTaskFromQueue task cost before running: 231 ms 
[2026-09-19T20:02:25.389] [INFO] debug-file - Finished :entry:default@PreBuild... after 160 ms 
[2026-09-19T20:02:25.390] [DEBUG] debug-file - Executing task :entry:default@CreateModuleInfo
[2026-09-19T20:02:25.390] [DEBUG] debug-file - Task 'entry:default@CreateModuleInfo' cost while wrapping incremental declarations: 1 ms 
[2026-09-19T20:02:25.390] [DEBUG] debug-file - entry : default@CreateModuleInfo cost memory 0.0503387451171875
[2026-09-19T20:02:25.390] [DEBUG] debug-file - runTaskFromQueue task cost before running: 233 ms 
[2026-09-19T20:02:25.390] [INFO] debug-file - Finished :entry:default@CreateModuleInfo... after 1 ms 
[2026-09-19T20:02:25.392] [DEBUG] debug-file - Executing task :entry:default@GenerateMetadata
[2026-09-19T20:02:25.392] [DEBUG] debug-file - Task 'entry:default@GenerateMetadata' cost while wrapping incremental declarations: 1 ms 
[2026-09-19T20:02:25.393] [DEBUG] debug-file - entry:default@GenerateMetadata is not up-to-date, since the input file 'E:\new-chat\entry\src\main\module.json5' has been changed.
[2026-09-19T20:02:25.393] [DEBUG] debug-file - Incremental task entry:default@GenerateMetadata pre-execution cost: 1 ms .
[2026-09-19T20:02:25.394] [DEBUG] debug-file - entry : default@GenerateMetadata cost memory 0.11297607421875
[2026-09-19T20:02:25.394] [DEBUG] debug-file - runTaskFromQueue task cost before running: 237 ms 
[2026-09-19T20:02:25.394] [INFO] debug-file - Finished :entry:default@GenerateMetadata... after 3 ms 
[2026-09-19T20:02:25.395] [DEBUG] debug-file - Executing task :entry:default@ConfigureCmake
[2026-09-19T20:02:25.395] [DEBUG] debug-file - entry : default@ConfigureCmake cost memory 0.0157470703125
[2026-09-19T20:02:25.395] [DEBUG] debug-file - runTaskFromQueue task cost before running: 238 ms 
[2026-09-19T20:02:25.395] [INFO] debug-file - Finished :entry:default@ConfigureCmake... after 1 ms 
[2026-09-19T20:02:25.396] [DEBUG] debug-file - Executing task :entry:default@MergeProfile
[2026-09-19T20:02:25.397] [DEBUG] debug-file - Task 'entry:default@MergeProfile' cost while wrapping incremental declarations: 1 ms 
[2026-09-19T20:02:25.397] [DEBUG] debug-file - entry:default@MergeProfile is not up-to-date, since the input file 'E:\new-chat\entry\src\main\module.json5' has been changed.
[2026-09-19T20:02:25.397] [DEBUG] debug-file - Incremental task entry:default@MergeProfile pre-execution cost: 1 ms .
[2026-09-19T20:02:25.398] [DEBUG] debug-file - Change app api release type with 'Release'
[2026-09-19T20:02:25.398] [DEBUG] debug-file - Change app compile API version with '6.0.1.112'
[2026-09-19T20:02:25.398] [DEBUG] debug-file - Change app target API version with '50000012'
[2026-09-19T20:02:25.398] [DEBUG] debug-file - Change app minimum API version with '50000012'
[2026-09-19T20:02:25.398] [DEBUG] debug-file - Use cli appEnvironment
[2026-09-19T20:02:25.399] [DEBUG] debug-file - entry : default@MergeProfile cost memory 0.2277679443359375
[2026-09-19T20:02:25.399] [DEBUG] debug-file - runTaskFromQueue task cost before running: 242 ms 
[2026-09-19T20:02:25.400] [INFO] debug-file - Finished :entry:default@MergeProfile... after 3 ms 
[2026-09-19T20:02:25.401] [DEBUG] debug-file - Executing task :entry:default@CreateBuildProfile
[2026-09-19T20:02:25.402] [DEBUG] debug-file - Task 'entry:default@CreateBuildProfile' cost while wrapping incremental declarations: 1 ms 
[2026-09-19T20:02:25.402] [DEBUG] debug-file - entry:default@CreateBuildProfile is not up-to-date, since the output file 'E:\new-chat\entry\build\default\generated\profile\default\BuildProfile.ets' does not exist.
[2026-09-19T20:02:25.402] [DEBUG] debug-file - Incremental task entry:default@CreateBuildProfile pre-execution cost: 1 ms .
[2026-09-19T20:02:25.403] [DEBUG] debug-file - entry : default@CreateBuildProfile cost memory 0.10636138916015625
[2026-09-19T20:02:25.403] [DEBUG] debug-file - runTaskFromQueue task cost before running: 246 ms 
[2026-09-19T20:02:25.403] [INFO] debug-file - Finished :entry:default@CreateBuildProfile... after 3 ms 
[2026-09-19T20:02:25.404] [DEBUG] debug-file - Executing task :entry:default@PreCheckSyscap
[2026-09-19T20:02:25.404] [DEBUG] debug-file - entry : default@PreCheckSyscap cost memory 0.01596832275390625
[2026-09-19T20:02:25.405] [DEBUG] debug-file - runTaskFromQueue task cost before running: 248 ms 
[2026-09-19T20:02:25.405] [INFO] debug-file - Finished :entry:default@PreCheckSyscap... after 1 ms 
[2026-09-19T20:02:25.406] [DEBUG] debug-file - Executing task :entry:default@GeneratePkgContextInfo
[2026-09-19T20:02:25.409] [DEBUG] debug-file - Task 'entry:default@GeneratePkgContextInfo' cost while wrapping incremental declarations: 1 ms 
[2026-09-19T20:02:25.409] [DEBUG] debug-file - entry : default@GeneratePkgContextInfo cost memory 0.222625732421875
[2026-09-19T20:02:25.409] [DEBUG] debug-file - runTaskFromQueue task cost before running: 252 ms 
[2026-09-19T20:02:25.409] [INFO] debug-file - Finished :entry:default@GeneratePkgContextInfo... after 4 ms 
[2026-09-19T20:02:25.411] [DEBUG] debug-file - Executing task :entry:default@ProcessIntegratedHsp
[2026-09-19T20:02:25.411] [DEBUG] debug-file - entry:default@ProcessIntegratedHsp is not up-to-date, since the output file 'E:\new-chat\build\cache\default\integrated_hsp\integratedHspCache.json' does not exist.
[2026-09-19T20:02:25.411] [DEBUG] debug-file - Incremental task entry:default@ProcessIntegratedHsp pre-execution cost: 1 ms .
[2026-09-19T20:02:25.411] [DEBUG] debug-file - entry : default@ProcessIntegratedHsp cost memory 0.05803680419921875
[2026-09-19T20:02:25.411] [DEBUG] debug-file - runTaskFromQueue task cost before running: 254 ms 
[2026-09-19T20:02:25.411] [INFO] debug-file - Finished :entry:default@ProcessIntegratedHsp... after 1 ms 
[2026-09-19T20:02:25.412] [DEBUG] debug-file - Executing task :entry:default@BuildNativeWithCmake
[2026-09-19T20:02:25.412] [DEBUG] debug-file - entry : default@BuildNativeWithCmake cost memory 0.01705169677734375
[2026-09-19T20:02:25.412] [DEBUG] debug-file - runTaskFromQueue task cost before running: 255 ms 
[2026-09-19T20:02:25.412] [INFO] debug-file - Finished :entry:default@BuildNativeWithCmake... after 1 ms 
[2026-09-19T20:02:25.413] [DEBUG] debug-file - Executing task :entry:default@MakePackInfo
[2026-09-19T20:02:25.414] [DEBUG] debug-file - entry:default@MakePackInfo is not up-to-date, since the input file 'E:\new-chat\entry\src\main\module.json5' has been changed.
[2026-09-19T20:02:25.414] [DEBUG] debug-file - Incremental task entry:default@MakePackInfo pre-execution cost: 1 ms .
[2026-09-19T20:02:25.415] [DEBUG] debug-file - Module Pack Info:  {
  summary: {
    app: { bundleName: 'c***u', bundleType: 'app', version: [Object] },
    modules: [ [Object] ]
  },
  packages: [
    {
      deviceType: [Array],
      moduleType: 'entry',
      deliveryWithInstall: true,
      name: 'entry-default'
    }
  ]
}
[2026-09-19T20:02:25.416] [DEBUG] debug-file - entry : default@MakePackInfo cost memory 0.1866455078125
[2026-09-19T20:02:25.416] [DEBUG] debug-file - runTaskFromQueue task cost before running: 259 ms 
[2026-09-19T20:02:25.416] [INFO] debug-file - Finished :entry:default@MakePackInfo... after 4 ms 
[2026-09-19T20:02:25.417] [DEBUG] debug-file - Executing task :entry:default@SyscapTransform
[2026-09-19T20:02:25.417] [DEBUG] debug-file - File: 'E:\new-chat\entry\src\main\syscap.json' from 'sysCapJsonPath' is not exists, just ignore.
[2026-09-19T20:02:25.418] [DEBUG] debug-file - Task 'entry:default@SyscapTransform' cost while wrapping incremental declarations: 1 ms 
[2026-09-19T20:02:25.419] [DEBUG] debug-file - entry:default@SyscapTransform is not up-to-date, since the output file 'E:\new-chat\entry\build\default\intermediates\syscap\default\rpcid.sc' does not exist.
[2026-09-19T20:02:25.419] [DEBUG] debug-file - Incremental task entry:default@SyscapTransform pre-execution cost: 1 ms .
[2026-09-19T20:02:25.419] [DEBUG] debug-file - entry : default@SyscapTransform cost memory 0.143341064453125
[2026-09-19T20:02:25.419] [DEBUG] debug-file - runTaskFromQueue task cost before running: 262 ms 
[2026-09-19T20:02:25.419] [INFO] debug-file - Finished :entry:default@SyscapTransform... after 2 ms 
[2026-09-19T20:02:25.420] [DEBUG] debug-file - Executing task :entry:default@ProcessProfile
[2026-09-19T20:02:25.421] [DEBUG] debug-file - Task 'entry:default@ProcessProfile' cost while wrapping incremental declarations: 1 ms 
[2026-09-19T20:02:25.421] [DEBUG] debug-file - entry:default@ProcessProfile is not up-to-date, since the input file 'E:\new-chat\entry\build\default\intermediates\merge_profile\default\module.json' has been changed.
[2026-09-19T20:02:25.421] [DEBUG] debug-file - Incremental task entry:default@ProcessProfile pre-execution cost: 1 ms .
[2026-09-19T20:02:25.422] [DEBUG] debug-file - [
  'D:\\DevEco Studio\\tools\\node\\node.exe',
  'D:\\DevEco Studio\\sdk\\default\\openharmony\\ets\\build-tools\\ets-loader\\bin\\ark\\ts2abc.js',
  '--target-api-version',
  '12',
  '--target-api-sub-version',
  'beta1'
]
[2026-09-19T20:02:25.712] [DEBUG] debug-file - 12.0.2.0
[2026-09-19T20:02:25.714] [DEBUG] debug-file - No need to add fake ui ability because of not in preview process.
[2026-09-19T20:02:25.714] [DEBUG] debug-file - entry : default@ProcessProfile cost memory -5.843902587890625
[2026-09-19T20:02:25.714] [DEBUG] debug-file - runTaskFromQueue task cost before running: 557 ms 
[2026-09-19T20:02:25.714] [INFO] debug-file - Finished :entry:default@ProcessProfile... after 295 ms 
[2026-09-19T20:02:25.716] [DEBUG] debug-file - Executing task :entry:default@ProcessRouterMap
[2026-09-19T20:02:25.718] [DEBUG] debug-file - entry:default@ProcessRouterMap is not up-to-date, since the input file 'E:\new-chat\entry\src\main\module.json5' has been changed.
[2026-09-19T20:02:25.718] [DEBUG] debug-file - Incremental task entry:default@ProcessRouterMap pre-execution cost: 1 ms .
[2026-09-19T20:02:25.719] [DEBUG] debug-file - entry : default@ProcessRouterMap cost memory 0.129425048828125
[2026-09-19T20:02:25.720] [DEBUG] debug-file - runTaskFromQueue task cost before running: 563 ms 
[2026-09-19T20:02:25.720] [INFO] debug-file - Finished :entry:default@ProcessRouterMap... after 4 ms 
[2026-09-19T20:02:25.721] [DEBUG] debug-file - Executing task :entry:default@ProcessShareConfig
[2026-09-19T20:02:25.722] [DEBUG] debug-file - entry:default@ProcessShareConfig is not up-to-date, since the input file 'E:\new-chat\entry\src\main\module.json5' has been changed.
[2026-09-19T20:02:25.722] [DEBUG] debug-file - Incremental task entry:default@ProcessShareConfig pre-execution cost: 1 ms .
[2026-09-19T20:02:25.723] [DEBUG] debug-file - entry : default@ProcessShareConfig cost memory 0.11487579345703125
[2026-09-19T20:02:25.723] [DEBUG] debug-file - runTaskFromQueue task cost before running: 566 ms 
[2026-09-19T20:02:25.724] [INFO] debug-file - Finished :entry:default@ProcessShareConfig... after 3 ms 
[2026-09-19T20:02:25.725] [DEBUG] debug-file - Executing task :entry:default@ProcessStartupConfig
[2026-09-19T20:02:25.725] [DEBUG] debug-file - Task 'entry:default@ProcessStartupConfig' cost while wrapping incremental declarations: 1 ms 
[2026-09-19T20:02:25.726] [DEBUG] debug-file - entry:default@ProcessStartupConfig is not up-to-date, since the output file 'E:\new-chat\entry\build\default\intermediates\startup\default\startup_config.json' does not exist.
[2026-09-19T20:02:25.726] [DEBUG] debug-file - Incremental task entry:default@ProcessStartupConfig pre-execution cost: 1 ms .
[2026-09-19T20:02:25.726] [DEBUG] debug-file - entry : default@ProcessStartupConfig cost memory 0.102508544921875
[2026-09-19T20:02:25.727] [DEBUG] debug-file - runTaskFromQueue task cost before running: 570 ms 
[2026-09-19T20:02:25.727] [INFO] debug-file - Finished :entry:default@ProcessStartupConfig... after 2 ms 
[2026-09-19T20:02:25.728] [DEBUG] debug-file - Executing task :entry:default@BuildNativeWithNinja
[2026-09-19T20:02:25.729] [DEBUG] debug-file - entry : default@BuildNativeWithNinja cost memory 0.0314788818359375
[2026-09-19T20:02:25.729] [DEBUG] debug-file - runTaskFromQueue task cost before running: 572 ms 
[2026-09-19T20:02:25.729] [INFO] debug-file - Finished :entry:default@BuildNativeWithNinja... after 2 ms 
[2026-09-19T20:02:25.731] [DEBUG] debug-file - restool module names: entry; moduleName=entry, taskName=default@ProcessResource
[2026-09-19T20:02:25.733] [DEBUG] debug-file - Executing task :entry:default@ProcessResource
[2026-09-19T20:02:25.733] [DEBUG] debug-file - Task 'entry:default@ProcessResource' cost while wrapping incremental declarations: 1 ms 
[2026-09-19T20:02:25.734] [DEBUG] debug-file - entry:default@ProcessResource is not up-to-date, since the output file 'E:\new-chat\entry\build\default\intermediates\res\default\resConfig.json' does not exist.
[2026-09-19T20:02:25.734] [DEBUG] debug-file - Incremental task entry:default@ProcessResource pre-execution cost: 1 ms .
[2026-09-19T20:02:25.735] [DEBUG] debug-file - entry : default@ProcessResource cost memory 0.136566162109375
[2026-09-19T20:02:25.735] [DEBUG] debug-file - runTaskFromQueue task cost before running: 578 ms 
[2026-09-19T20:02:25.736] [INFO] debug-file - Finished :entry:default@ProcessResource... after 3 ms 
[2026-09-19T20:02:25.738] [DEBUG] debug-file - Executing task :entry:default@GenerateLoaderJson
[2026-09-19T20:02:25.738] [DEBUG] debug-file - Task 'entry:default@GenerateLoaderJson' cost while wrapping incremental declarations: 1 ms 
[2026-09-19T20:02:25.741] [DEBUG] debug-file - entry:default@GenerateLoaderJson is not up-to-date, since the input file 'E:\new-chat\entry\build\default\intermediates\router_map\default\temp-router-map.json' has been changed.
[2026-09-19T20:02:25.741] [DEBUG] debug-file - Incremental task entry:default@GenerateLoaderJson pre-execution cost: 2 ms .
[2026-09-19T20:02:25.743] [DEBUG] debug-file - entry : default@GenerateLoaderJson cost memory 0.491363525390625
[2026-09-19T20:02:25.743] [DEBUG] debug-file - runTaskFromQueue task cost before running: 586 ms 
[2026-09-19T20:02:25.744] [INFO] debug-file - Finished :entry:default@GenerateLoaderJson... after 6 ms 
[2026-09-19T20:02:25.745] [DEBUG] debug-file - Executing task :entry:default@ProcessLibs
[2026-09-19T20:02:25.746] [DEBUG] debug-file - entry:default@ProcessLibs is not up-to-date, since the output file 'E:\new-chat\entry\build\default\intermediates\libs\default' does not exist.
[2026-09-19T20:02:25.746] [DEBUG] debug-file - Incremental task entry:default@ProcessLibs pre-execution cost: 1 ms .
[2026-09-19T20:02:25.748] [DEBUG] debug-file - Worker dispatch failed, running processLibs on main thread.
[2026-09-19T20:02:25.749] [DEBUG] debug-file - entry : default@ProcessLibs cost memory 0.29097747802734375
[2026-09-19T20:02:25.749] [DEBUG] debug-file - runTaskFromQueue task cost before running: 592 ms 
[2026-09-19T20:02:25.750] [INFO] debug-file - Finished :entry:default@ProcessLibs... after 4 ms 
[2026-09-19T20:02:25.750] [DEBUG] debug-file - restool module names: entry; moduleName=entry, taskName=default@CompileResource
[2026-09-19T20:02:25.751] [DEBUG] debug-file - Executing task :entry:default@CompileResource
[2026-09-19T20:02:25.752] [DEBUG] debug-file - entry:default@CompileResource is not up-to-date, since the input file 'E:\new-chat\entry\src\main\resources' has been changed.
[2026-09-19T20:02:25.752] [DEBUG] debug-file - Incremental task entry:default@CompileResource pre-execution cost: 2 ms .
[2026-09-19T20:02:25.754] [DEBUG] debug-file - Use tool [D:\DevEco Studio\sdk\default\openharmony\toolchains\restool.exe]
 [
  'D:\\DevEco Studio\\sdk\\default\\openharmony\\toolchains\\restool.exe',
  '-l',
  'E:\\new-chat\\entry\\build\\default\\intermediates\\res\\default\\resConfig.json'
]
[2026-09-19T20:02:25.755] [DEBUG] debug-file - current process  memoryUsage: {
  rss: 123330560,
  heapTotal: 139702272,
  heapUsed: 116459920,
  external: 3128073,
  arrayBuffers: 177739
} os memoryUsage :9.528480529785156
[2026-09-19T20:02:25.852] [DEBUG] debug-file - Info: Pack: normal pack mode

[2026-09-19T20:02:25.894] [DEBUG] debug-file - Info: hardware concurrency count is : 16
Info: thread count is : 16

[2026-09-19T20:02:25.894] [DEBUG] debug-file - Info: thread pool is started

[2026-09-19T20:02:25.894] [DEBUG] debug-file - Info: GenericCompiler::CompileFiles

[2026-09-19T20:02:25.896] [DEBUG] debug-file - Info: GenericCompiler::CompileFiles

[2026-09-19T20:02:25.899] [DEBUG] debug-file - 09-19 20:02:25.899 27348 30504 E C01400/ImageTranscoderUtils: DecodeToRGBA IN
09-19 20:02:25.899 27348 30504 E C01400/ImageTranscoderUtils: ImageFilter IN E:\new-chat\entry\src\main\resources\base\media\app_icon.svg

[2026-09-19T20:02:25.899] [DEBUG] debug-file - 09-19 20:02:25.899 27348 30504 E C01400/ImageTranscoder: TranscodeSLR DecodeToRGBA failed
Warning: ScaleImage failed, error message: IMAGE_ERROR, file path = E:\new-chat\entry\src\main\resources\base\media\app_icon.svg

[2026-09-19T20:02:25.899] [DEBUG] debug-file - Warning: E:\new-chat\entry\src\main\resources\base\media\app_icon.svg is not png format
Warning: E:\new-chat\entry\src\main\resources\base\media\app_icon.svg is not png format

[2026-09-19T20:02:25.900] [DEBUG] debug-file - Info: restool resources compile success.

[2026-09-19T20:02:25.900] [DEBUG] debug-file - Info: thread pool is stopped

[2026-09-19T20:02:25.972] [DEBUG] debug-file - entry : default@CompileResource cost memory 0.6036148071289062
[2026-09-19T20:02:25.972] [DEBUG] debug-file - runTaskFromQueue task cost before running: 815 ms 
[2026-09-19T20:02:25.973] [INFO] debug-file - Finished :entry:default@CompileResource... after 222 ms 
[2026-09-19T20:02:25.974] [DEBUG] debug-file - Executing task :entry:default@DoNativeStrip
[2026-09-19T20:02:25.974] [DEBUG] debug-file - Task 'entry:default@DoNativeStrip' cost while wrapping incremental declarations: 1 ms 
[2026-09-19T20:02:25.975] [DEBUG] debug-file - entry:default@DoNativeStrip is not up-to-date, since the output file 'E:\new-chat\entry\build\default\intermediates\stripped_native_libs\default' does not exist.
[2026-09-19T20:02:25.975] [DEBUG] debug-file - Incremental task entry:default@DoNativeStrip pre-execution cost: 1 ms .
[2026-09-19T20:02:25.976] [DEBUG] debug-file - entry : default@DoNativeStrip cost memory 0.09619140625
[2026-09-19T20:02:25.976] [DEBUG] debug-file - runTaskFromQueue task cost before running: 819 ms 
[2026-09-19T20:02:25.976] [INFO] debug-file - Finished :entry:default@DoNativeStrip... after 3 ms 
[2026-09-19T20:02:25.978] [DEBUG] debug-file - Executing task :entry:default@CompileArkTS
[2026-09-19T20:02:25.978] [DEBUG] debug-file - obfuscationOptions: undefined
[2026-09-19T20:02:25.979] [DEBUG] debug-file - Task 'entry:default@CompileArkTS' cost while wrapping incremental declarations: 1 ms 
[2026-09-19T20:02:25.982] [DEBUG] debug-file - entry:default@CompileArkTS is not up-to-date, since the input file 'E:\new-chat\entry\build\default\intermediates\loader\default' has been changed.
[2026-09-19T20:02:25.982] [DEBUG] debug-file - Incremental task entry:default@CompileArkTS pre-execution cost: 2 ms .
[2026-09-19T20:02:25.989] [DEBUG] debug-file - build config:
[2026-09-19T20:02:25.989] [DEBUG] debug-file - {
  moduleType: 'entry',
  perf: 0,
  targetName: '.default',
  packageManagerType: 'ohpm',
  localPropertiesPath: 'E:\\new-chat\\local.properties',
  isPreview: false,
  isOhosTest: false,
  isLocalTest: false,
  buildMode: 'Debug',
  hotReloadBuild: undefined,
  watchMode: 'false',
  aceProfilePath: 'E:\\new-chat\\entry\\build\\default\\intermediates\\res\\default\\resources\\base\\profile',
  etsLoaderPath: 'D:\\DevEco Studio\\sdk\\default\\openharmony\\ets\\build-tools\\ets-loader',
  modulePath: 'E:\\new-chat\\entry',
  testFrameworkPar: {
    testMode: undefined,
    coveragePathFilter: undefined,
    coverageMode: undefined
  },
  needCoverageInsert: false,
  debugLine: false,
  projectTopDir: 'E:\\new-chat',
  compileSdkVersion: 21,
  compatibleSdkVersion: 12,
  originCompatibleSdkVersion: '5.0.0(12)',
  compatibleSdkVersionStage: 'beta1',
  bundleName: 'c***u',
  etsLoaderVersion: '6.0.1.112',
  etsLoaderReleaseType: 'Release',
  aotCompileMode: 'type',
  apPath: 'E:\\new-chat\\entry\\modules.ap',
  entryModuleName: 'entry',
  entryModuleVersion: '1.0.0',
  entryPackageName: 'entry',
  allModuleNameHash: '5f6cff6a45031f958388948153fa1a61639a5749ee168dac9c2a7121553a9561',
  externalApiPaths: [ 'D:\\DevEco Studio\\sdk\\default\\hms\\ets' ],
  compilerTypes: [],
  isCrossplatform: false,
  hvigorPluginFile: undefined,
  compilePluginPath: undefined,
  buildGeneratedProfilePath: 'E:\\new-chat\\entry\\build\\default\\generated\\profile\\default',
  bundleType: 'app',
  arkTSVersion: undefined,
  apiVersion: 21,
  needCompleteSourcesMap: false,
  isFaMode: false,
  buildDir: 'E:\\new-chat\\entry\\build',
  deviceTypes: [ 'phone', 'tablet' ],
  pkgContextInfo: undefined,
  ohPackagePathMap: {},
  dependencyAliasMap: {},
  permission: { requestPermissions: [ [Object] ], definePermissions: undefined },
  integratedHsp: false,
  projectArkOption: undefined,
  sourceMapDir: undefined,
  branchElimination: false,
  transformLib: undefined,
  tsImportSendable: false,
  resolveConflictMode: true,
  depName2RootPath: {},
  depName2DepInfo: {},
  rootPathSet: [ 'E:\\new-chat' ],
  useNativeResolver: true,
  shouldEmitJs: true,
  useTscResolve: false,
  singleFileEmit: false,
  userProjectConfig: {
    autoLazyImport: false,
    allowEmptyBundleName: false,
    reExportCheckMode: 'noCheck',
    executionMode: 'memory',
    usePathPlaceholder: false,
    writeRollupCache: true,
    isExpandImportEnabled: false,
    expandImportExclude: '',
    lazyImportExclude: '',
    lazyImportInclude: '',
    ignoreCrossplatformCheck: false,
    isHarDeduplicateEnabled: false,
    enableStrictCheckOHModule: false,
    useDeclarationFileSignature: false,
    isPreloadSoEnabled: false
  },
  skipOhModulesLint: false,
  executionMode: 'memory',
  arkCompileCachePath: 'E:\\new-chat\\entry\\build\\default\\cache\\default\\default@CompileArkTS\\esmodule',
  autoLazyFilter: undefined,
  isHarDeduplicateEnabled: false,
  intermediateHarDuplicateDirPath: 'E:\\new-chat\\entry\\build\\default\\intermediates\\har_duplicate\\default',
  autoLazyImport: false,
  allowEmptyBundleName: false,
  reExportCheckMode: 'noCheck',
  usePathPlaceholder: false,
  writeRollupCache: true,
  isExpandImportEnabled: false,
  expandImportExclude: '',
  lazyImportExclude: '',
  lazyImportInclude: '',
  ignoreCrossplatformCheck: false,
  enableStrictCheckOHModule: false,
  useDeclarationFileSignature: false,
  isPreloadSoEnabled: false,
  strictMode: undefined,
  useNormalizedOHMUrl: false,
  caseSensitiveCheck: false,
  aceModuleJsonPath: 'E:\\new-chat\\entry\\build\\default\\intermediates\\res\\default\\ark_module.json',
  appResource: 'E:\\new-chat\\entry\\build\\default\\intermediates\\res\\default\\ResourceTable.txt',
  rawFileResource: 'E:\\new-chat\\entry\\build\\default\\intermediates\\res\\default\\resources\\rawfile',
  resourceTableHash: '636a8a9b1f47b61f28643381b6e736857a6ee092b0782afe3df3f2969eb6659a',
  runtimeOS: 'HarmonyOS',
  sdkInfo: 'false:21:6.0.1.112:Release',
  aceModuleRoot: 'E:\\new-chat\\entry\\src\\main\\ets',
  compileMode: 'esmodule',
  aceSuperVisualPath: 'E:\\new-chat\\entry\\src\\main\\supervisual',
  aceBuildJson: 'E:\\new-chat\\entry\\build\\default\\intermediates\\loader\\default\\loader.json',
  cachePath: 'E:\\new-chat\\entry\\build\\default\\cache\\default\\default@CompileArkTS\\esmodule\\debug',
  aceModuleBuild: 'E:\\new-chat\\entry\\build\\default\\intermediates\\loader_out\\default\\ets',
  supportChunks: true,
  declaredFilesPath: undefined,
  shouldCollectDirectImportees: false,
  isByteCodeHarOptimize: false,
  expandImportPath: undefined,
  pkgNameToPkgBriefInfo: {
    entry: {
      pkgRoot: 'E:\\new-chat\\entry',
      originalSourceRoots: undefined,
      sourceRoots: [Array],
      pkgName: 'entry'
    }
  },
  projectModel: {
    'E:\\new-chat\\entry\\src\\main': {
      moduleName: 'entry',
      modulePkgPath: 'E:\\new-chat\\entry',
      belongProjectPath: 'E:\\new-chat'
    },
    'E:\\new-chat\\entry': {
      moduleName: 'entry',
      modulePkgPath: 'E:\\new-chat\\entry',
      belongProjectPath: 'E:\\new-chat'
    },
    'E:\\new-chat': {
      moduleName: 'new-chat',
      modulePkgPath: 'E:\\new-chat',
      belongProjectPath: 'E:\\new-chat'
    }
  },
  pkgJsonFileHash: 'b4b74d97ab6a3456193a040d87f4a6d26a7a865e3ae2f70750f1752a6647ebd8',
  allModulePaths: [ 'E:\\new-chat\\entry' ],
  routerMap: {},
  obfuscationOptions: undefined,
  byteCodeHarToDependencyKeys: undefined,
  compileBlockPkg: [],
  mockParams: {
    decorator: '@MockSetup',
    packageName: '@ohos/hamock',
    etsSourceRootPath: 'src/main/ets',
    mockConfigPath: undefined,
    mockConfigKey2ModuleInfo: {},
    source2ModuleIdMap: {}
  },
  copyCodeResourceEnable: true,
  copyCodeResourceExcludes: [],
  copyCodeResourceIncludes: undefined,
  uiTransformOptimization: false,
  sdkPath: 'D:/DevEco Studio/sdk',
  needPreloadSoFileSet: {},
  preloadSoFilePath: 'E:\\new-chat\\entry\\build\\default\\intermediates\\preload\\default\\preload.json',
  useSourceHash: false,
  localModuleParamMap: {},
  otherPaths: {
    'entry/*': [
      '..\\*',
      '..\\..\\..\\build\\default\\generated\\profile\\default\\*'
    ]
  },
  collectImportersConfig: undefined
}
[2026-09-19T20:02:25.989] [DEBUG] debug-file - Compile arkts with external api path: D:\DevEco Studio\sdk\default\hms\ets
[2026-09-19T20:02:25.990] [DEBUG] debug-file - default@CompileArkTS work[9] is submitted.
[2026-09-19T20:02:25.990] [DEBUG] debug-file - default@CompileArkTS work[9] is pushed to ready queue.
[2026-09-19T20:02:25.990] [DEBUG] debug-file - A work dispatched to worker[15] failed because unable to get work from ready queue.
[2026-09-19T20:02:25.991] [DEBUG] debug-file - A work dispatched to worker[14] failed because unable to get work from ready queue.
[2026-09-19T20:02:25.991] [DEBUG] debug-file - A work dispatched to worker[13] failed because unable to get work from ready queue.
[2026-09-19T20:02:25.991] [DEBUG] debug-file - A work dispatched to worker[12] failed because unable to get work from ready queue.
[2026-09-19T20:02:25.991] [DEBUG] debug-file - A work dispatched to worker[11] failed because unable to get work from ready queue.
[2026-09-19T20:02:25.991] [DEBUG] debug-file - A work dispatched to worker[10] failed because unable to get work from ready queue.
[2026-09-19T20:02:25.991] [DEBUG] debug-file - A work dispatched to worker[9] failed because unable to get work from ready queue.
[2026-09-19T20:02:25.991] [DEBUG] debug-file - A work dispatched to worker[8] failed because unable to get work from ready queue.
[2026-09-19T20:02:25.991] [DEBUG] debug-file - A work dispatched to worker[7] failed because unable to get work from ready queue.
[2026-09-19T20:02:25.991] [DEBUG] debug-file - A work dispatched to worker[6] failed because unable to get work from ready queue.
[2026-09-19T20:02:25.991] [DEBUG] debug-file - A work dispatched to worker[5] failed because unable to get work from ready queue.
[2026-09-19T20:02:25.991] [DEBUG] debug-file - Create  resident worker with id: 4.
[2026-09-19T20:02:25.993] [DEBUG] debug-file - default@CompileArkTS work[9] has been dispatched to worker[4].
[2026-09-19T20:02:25.993] [DEBUG] debug-file - default@CompileArkTS work[9] is dispatched.
[2026-09-19T20:02:25.993] [DEBUG] debug-file - CopyResources startTime: 751180002299000
[2026-09-19T20:02:25.993] [DEBUG] debug-file - default@CompileArkTS work[10] is submitted.
[2026-09-19T20:02:25.993] [DEBUG] debug-file - default@CompileArkTS work[10] is pushed to ready queue.
[2026-09-19T20:02:25.993] [DEBUG] debug-file - A work dispatched to worker[15] failed because unable to get work from ready queue.
[2026-09-19T20:02:25.993] [DEBUG] debug-file - Create  resident worker with id: 14.
[2026-09-19T20:02:25.993] [DEBUG] debug-file - default@CompileArkTS work[10] has been dispatched to worker[14].
[2026-09-19T20:02:25.994] [DEBUG] debug-file - default@CompileArkTS work[10] is dispatched.
[2026-09-19T20:02:25.998] [DEBUG] debug-file - default@CompileArkTS work[11] is submitted.
[2026-09-19T20:02:25.999] [DEBUG] debug-file - default@CompileArkTS work[11] is pushed to ready queue.
[2026-09-19T20:02:25.999] [DEBUG] debug-file - A work dispatched to worker[15] failed because unable to get work from ready queue.
[2026-09-19T20:02:25.999] [DEBUG] debug-file - A work dispatched to worker[14] failed because of worker busy.
[2026-09-19T20:02:25.999] [DEBUG] debug-file - A work dispatched to worker[13] failed because unable to get work from ready queue.
[2026-09-19T20:02:25.999] [DEBUG] debug-file - A work dispatched to worker[12] failed because unable to get work from ready queue.
[2026-09-19T20:02:25.999] [DEBUG] debug-file - A work dispatched to worker[11] failed because unable to get work from ready queue.
[2026-09-19T20:02:25.999] [DEBUG] debug-file - A work dispatched to worker[10] failed because unable to get work from ready queue.
[2026-09-19T20:02:25.999] [DEBUG] debug-file - A work dispatched to worker[9] failed because unable to get work from ready queue.
[2026-09-19T20:02:25.999] [DEBUG] debug-file - A work dispatched to worker[8] failed because unable to get work from ready queue.
[2026-09-19T20:02:25.999] [DEBUG] debug-file - A work dispatched to worker[7] failed because unable to get work from ready queue.
[2026-09-19T20:02:25.999] [DEBUG] debug-file - A work dispatched to worker[6] failed because unable to get work from ready queue.
[2026-09-19T20:02:25.999] [DEBUG] debug-file - A work dispatched to worker[5] failed because unable to get work from ready queue.
[2026-09-19T20:02:25.999] [DEBUG] debug-file - A work dispatched to worker[4] failed because of worker busy.
[2026-09-19T20:02:25.999] [DEBUG] debug-file - Create  resident worker with id: 3.
[2026-09-19T20:02:26.001] [DEBUG] debug-file - default@CompileArkTS work[11] has been dispatched to worker[3].
[2026-09-19T20:02:26.001] [DEBUG] debug-file - default@CompileArkTS work[11] is dispatched.
[2026-09-19T20:02:26.001] [DEBUG] debug-file - entry : default@CompileArkTS cost memory 1.9062271118164062
[2026-09-19T20:02:26.003] [DEBUG] debug-file - Executing task :entry:default@BuildJS
[2026-09-19T20:02:26.003] [DEBUG] debug-file - Task 'entry:default@BuildJS' cost while wrapping incremental declarations: 1 ms 
[2026-09-19T20:02:26.004] [DEBUG] debug-file - entry : default@BuildJS cost memory 0.13120269775390625
[2026-09-19T20:02:26.004] [DEBUG] debug-file - runTaskFromQueue task cost before running: 847 ms 
[2026-09-19T20:02:26.005] [INFO] debug-file - Finished :entry:default@BuildJS... after 2 ms 
[2026-09-19T20:02:26.006] [DEBUG] debug-file - Executing task :entry:default@CacheNativeLibs
[2026-09-19T20:02:26.006] [DEBUG] debug-file - Task 'entry:default@CacheNativeLibs' cost while wrapping incremental declarations: 1 ms 
[2026-09-19T20:02:26.007] [DEBUG] debug-file - entry:default@CacheNativeLibs is not up-to-date, since the output file 'E:\new-chat\entry\build\default\intermediates\patch\default\base_native_libs.json' does not exist.
[2026-09-19T20:02:26.007] [DEBUG] debug-file - Incremental task entry:default@CacheNativeLibs pre-execution cost: 1 ms .
[2026-09-19T20:02:26.007] [DEBUG] debug-file - default@CacheNativeLibs work[12] is submitted.
[2026-09-19T20:02:26.007] [DEBUG] debug-file - default@CacheNativeLibs work[12] is pushed to ready queue.
[2026-09-19T20:02:26.007] [DEBUG] debug-file - A work dispatched to worker[15] failed because unable to get work from ready queue.
[2026-09-19T20:02:26.007] [DEBUG] debug-file - A work dispatched to worker[14] failed because of worker busy.
[2026-09-19T20:02:26.007] [DEBUG] debug-file - Create  resident worker with id: 13.
[2026-09-19T20:02:26.008] [DEBUG] debug-file - default@CacheNativeLibs work[12] has been dispatched to worker[13].
[2026-09-19T20:02:26.008] [DEBUG] debug-file - default@CacheNativeLibs work[12] is dispatched.
[2026-09-19T20:02:26.008] [DEBUG] debug-file - entry : default@CacheNativeLibs cost memory 0.21871185302734375
[2026-09-19T20:02:27.091] [DEBUG] debug-file - worker[13] has one work done.
[2026-09-19T20:02:27.092] [DEBUG] debug-file - default@CacheNativeLibs work[12] done.
[2026-09-19T20:02:27.092] [DEBUG] debug-file - A work dispatched to worker[13] failed because unable to get work from ready queue.
[2026-09-19T20:02:27.092] [INFO] debug-file - Finished :entry:default@CacheNativeLibs... after 9 ms 
[2026-09-19T20:02:27.118] [DEBUG] debug-file - worker[14] has one work done.
[2026-09-19T20:02:27.118] [DEBUG] debug-file - CopyResources is end, endTime: 751181127363000
[2026-09-19T20:02:27.118] [DEBUG] debug-file - default@CompileArkTS work[10] done.
[2026-09-19T20:02:27.118] [DEBUG] debug-file - A work dispatched to worker[14] failed because unable to get work from ready queue.
[2026-09-19T20:02:39.505] [DEBUG] debug-file - worker[3] has one work done.
[2026-09-19T20:02:39.502] [DEBUG] debug-file - Ark compile task finished.finished time is 751193510941700
[2026-09-19T20:02:39.508] [DEBUG] debug-file - default@CompileArkTS work[11] done.
[2026-09-19T20:02:39.509] [DEBUG] debug-file - A work dispatched to worker[3] failed because unable to get work from ready queue.
[2026-09-19T20:02:40.639] [DEBUG] debug-file - worker[4] has one work error.
[2026-09-19T20:02:40.640] [DEBUG] debug-file - default@CompileArkTS work[9] failed.
[2026-09-19T20:02:40.640] [DEBUG] debug-file - Ark compile task finished.finished time is 751194648850500
[2026-09-19T20:02:40.640] [ERROR] debug-file - Failed :entry:default@CompileArkTS... 
[2026-09-19T20:02:40.640] [WARN] debug-file - 
[33m1 WARN: [33m[33mArkTS:WARN: For details about ArkTS syntax errors, see FAQs[39m[39m
[33m2 WARN: [33m[33mArkTS:WARN File: E:/new-chat/entry/src/main/ets/data/VideoLauncher.ets:18:11
 Function may throw exceptions. Special handling is required.
[39m[39m
[33m3 WARN: [33m[33mArkTS:WARN File: E:/new-chat/entry/src/main/ets/data/VideoRepository.ets:17:24
 Function may throw exceptions. Special handling is required.
[39m[39m
[33m4 WARN: [33m[33mArkTS:WARN File: E:/new-chat/entry/src/main/ets/data/VideoRepository.ets:18:23
 Function may throw exceptions. Special handling is required.
[39m[39m
[33m5 WARN: [33m[33mArkTS:WARN File: E:/new-chat/entry/src/main/ets/data/VideoRepository.ets:29:26
 Function may throw exceptions. Special handling is required.
[39m[39m
[33m6 WARN: [33m[33mArkTS:WARN File: E:/new-chat/entry/src/main/ets/data/VideoRepository.ets:31:11
 Function may throw exceptions. Special handling is required.
[39m[39m
[33m7 WARN: [33m[33mArkTS:WARN File: E:/new-chat/entry/src/main/ets/data/VideoRepository.ets:32:11
 Function may throw exceptions. Special handling is required.
[39m[39m
[33m8 WARN: [33m[33mArkTS:WARN File: E:/new-chat/entry/src/main/ets/data/FormUpdater.ets:26:9
 Function may throw exceptions. Special handling is required.
[39m[39m
[33m9 WARN: [33m[33mArkTS:WARN File: E:/new-chat/entry/src/main/ets/data/FormUpdater.ets:43:23
 Function may throw exceptions. Special handling is required.
[39m[39m
[33m10 WARN: [33m[33mArkTS:WARN File: E:/new-chat/entry/src/main/ets/data/FormUpdater.ets:44:21
 Function may throw exceptions. Special handling is required.
[39m[39m
[33m11 WARN: [33m[33mArkTS:WARN File: E:/new-chat/entry/src/main/ets/data/FormUpdater.ets:54:23
 Function may throw exceptions. Special handling is required.
[39m[39m
[33m12 WARN: [33m[33mArkTS:WARN File: E:/new-chat/entry/src/main/ets/data/FormUpdater.ets:55:9
 Function may throw exceptions. Special handling is required.
[39m[39m
[33m13 WARN: [33m[33mArkTS:WARN File: E:/new-chat/entry/src/main/ets/data/FormUpdater.ets:56:9
 Function may throw exceptions. Special handling is required.
[39m[39m
[33m14 WARN: [33m[33mArkTS:WARN File: E:/new-chat/entry/src/main/ets/data/TitleResolver.ets:44:28
 Function may throw exceptions. Special handling is required.
[39m[39m
[2026-09-19T20:02:40.640] [DEBUG] debug-file - hvigor build process will be closed with an error.
[2026-09-19T20:02:40.641] [DEBUG] debug-file - ERROR: stacktrace = Error: ArkTS Compiler Error
[31m1 ERROR: [31m10605038 ArkTS Compiler Error
Error Message: Object literal must correspond to some explicitly declared class or interface (arkts-no-untyped-obj-literals) At File: E:/new-chat/entry/src/main/ets/data/WatchingCardData.ets:15:10
[39m
[39m
[31mCOMPILE RESULT:FAIL {ERROR:2 WARN:14}[39m
    at runArkPack (D:\DevEco Studio\tools\hvigor\hvigor-ohos-plugin\node_modules\@ohos\hvigor-arkts-compose\dist\src\arkts-pack.js:1:5721)
ArkTSCompilerError: ArkTS Compiler Error
    at throwArkTsCompilerError (D:\DevEco Studio\tools\hvigor\hvigor-ohos-plugin\node_modules\@ohos\hvigor-arkts-compose\dist\src\data\compose-error.js:1:423)
    at throwErrorIfHasErrorInfo (D:\DevEco Studio\tools\hvigor\hvigor-ohos-plugin\node_modules\@ohos\hvigor-arkts-compose\dist\src\plugins\common-plugin.js:1:4478)
    at Object.handler (D:\DevEco Studio\tools\hvigor\hvigor-ohos-plugin\node_modules\@ohos\hvigor-arkts-compose\dist\src\plugins\common-plugin.js:1:2547)
    at D:\DevEco Studio\tools\hvigor\hvigor-ohos-plugin\node_modules\@ohos\hvigor-arkts-base\node_modules\rollup\dist\shared\rollup.js:27765:40
[2026-09-19T20:02:40.641] [ERROR] debug-file - Error: ArkTS Compiler Error
[31m1 ERROR: [31m10605038 ArkTS Compiler Error
Error Message: Object literal must correspond to some explicitly declared class or interface (arkts-no-untyped-obj-literals) At File: E:/new-chat/entry/src/main/ets/data/WatchingCardData.ets:15:10
[39m
[39m
[31mCOMPILE RESULT:FAIL {ERROR:2 WARN:14}[39m
    at runArkPack (D:\DevEco Studio\tools\hvigor\hvigor-ohos-plugin\node_modules\@ohos\hvigor-arkts-compose\dist\src\arkts-pack.js:1:5721)
ArkTSCompilerError: ArkTS Compiler Error
    at throwArkTsCompilerError (D:\DevEco Studio\tools\hvigor\hvigor-ohos-plugin\node_modules\@ohos\hvigor-arkts-compose\dist\src\data\compose-error.js:1:423)
    at throwErrorIfHasErrorInfo (D:\DevEco Studio\tools\hvigor\hvigor-ohos-plugin\node_modules\@ohos\hvigor-arkts-compose\dist\src\plugins\common-plugin.js:1:4478)
    at Object.handler (D:\DevEco Studio\tools\hvigor\hvigor-ohos-plugin\node_modules\@ohos\hvigor-arkts-compose\dist\src\plugins\common-plugin.js:1:2547)
    at D:\DevEco Studio\tools\hvigor\hvigor-ohos-plugin\node_modules\@ohos\hvigor-arkts-base\node_modules\rollup\dist\shared\rollup.js:27765:40
[2026-09-19T20:02:40.648] [ERROR] debug-file - BUILD FAILED in 15 s 491 ms 
[2026-09-19T20:02:40.648] [DEBUG] debug-file - Update task entry:default@PreBuild input file:E:\new-chat\AppScope\app.json5 cache by regenerate.
[2026-09-19T20:02:40.648] [DEBUG] debug-file - Update task entry:default@PreBuild input file:E:\new-chat\entry\src\main\module.json5 cache from map.
[2026-09-19T20:02:40.649] [DEBUG] debug-file - Update task entry:default@PreBuild input file:E:\new-chat\entry\src\main\resources\base\profile\form_config.json cache by regenerate.
[2026-09-19T20:02:40.649] [DEBUG] debug-file - Update task entry:default@PreBuild input file:E:\new-chat\build-profile.json5 cache by regenerate.
[2026-09-19T20:02:40.649] [DEBUG] debug-file - Update task entry:default@PreBuild input file:E:\new-chat\entry\build-profile.json5 cache by regenerate.
[2026-09-19T20:02:40.649] [DEBUG] debug-file - Update task entry:default@PreBuild input file:E:\new-chat\entry\src\main\resources\base\profile\main_pages.json cache by regenerate.
[2026-09-19T20:02:40.649] [DEBUG] debug-file - Update task entry:default@PreBuild input file:E:\new-chat\hvigor\hvigor-config.json5 cache by regenerate.
[2026-09-19T20:02:40.649] [DEBUG] debug-file - Update task entry:default@PreBuild input file:E:\new-chat\entry\oh-package.json5 cache by regenerate.
[2026-09-19T20:02:40.649] [DEBUG] debug-file - Update task entry:default@PreBuild input file:E:\new-chat\oh-package.json5 cache by regenerate.
[2026-09-19T20:02:40.649] [DEBUG] debug-file - Incremental task entry:default@PreBuild post-execution cost:2 ms .
[2026-09-19T20:02:40.649] [DEBUG] debug-file - Update task entry:default@CreateModuleInfo output file:E:\new-chat\entry\build\default\generated\profile\default\ModuleInfo.ts cache.
[2026-09-19T20:02:40.650] [DEBUG] debug-file - Incremental task entry:default@CreateModuleInfo post-execution cost:1 ms .
[2026-09-19T20:02:40.652] [DEBUG] debug-file - Update task entry:default@GenerateMetadata input file:E:\new-chat\entry\src\main\module.json5 cache from map.
[2026-09-19T20:02:40.653] [DEBUG] debug-file - Update task entry:default@GenerateMetadata output file:E:\new-chat\entry\build\default\intermediates\hap_metadata\default\output_metadata.json cache.
[2026-09-19T20:02:40.654] [DEBUG] debug-file - Incremental task entry:default@GenerateMetadata post-execution cost:2 ms .
[2026-09-19T20:02:40.654] [DEBUG] debug-file - Update task entry:default@MergeProfile input file:E:\new-chat\AppScope\app.json5 cache by regenerate.
[2026-09-19T20:02:40.654] [DEBUG] debug-file - Update task entry:default@MergeProfile input file:E:\new-chat\build-profile.json5 cache by regenerate.
[2026-09-19T20:02:40.654] [DEBUG] debug-file - Update task entry:default@MergeProfile input file:E:\new-chat\entry\src\main\module.json5 cache from map.
[2026-09-19T20:02:40.654] [DEBUG] debug-file - Update task entry:default@MergeProfile output file:E:\new-chat\entry\build\default\intermediates\merge_profile\default\module.json cache.
[2026-09-19T20:02:40.654] [DEBUG] debug-file - Incremental task entry:default@MergeProfile post-execution cost:1 ms .
[2026-09-19T20:02:40.655] [DEBUG] debug-file - Update task entry:default@CreateBuildProfile input file:E:\new-chat\AppScope\app.json5 cache by regenerate.
[2026-09-19T20:02:40.655] [DEBUG] debug-file - Update task entry:default@CreateBuildProfile input file:E:\new-chat\build-profile.json5 cache by regenerate.
[2026-09-19T20:02:40.655] [DEBUG] debug-file - Update task entry:default@CreateBuildProfile output file:E:\new-chat\entry\build\default\generated\profile\default\BuildProfile.ets cache.
[2026-09-19T20:02:40.655] [DEBUG] debug-file - Incremental task entry:default@CreateBuildProfile post-execution cost:1 ms .
[2026-09-19T20:02:40.655] [DEBUG] debug-file - Update task entry:default@GeneratePkgContextInfo output file:E:\new-chat\entry\build\default\intermediates\loader\default\pkgContextInfo.json cache.
[2026-09-19T20:02:40.656] [DEBUG] debug-file - Incremental task entry:default@GeneratePkgContextInfo post-execution cost:1 ms .
[2026-09-19T20:02:40.656] [DEBUG] debug-file - Update task entry:default@ProcessIntegratedHsp output file:E:\new-chat\build\cache\default\integrated_hsp\integratedHspCache.json cache.
[2026-09-19T20:02:40.656] [DEBUG] debug-file - Incremental task entry:default@ProcessIntegratedHsp post-execution cost:1 ms .
[2026-09-19T20:02:40.656] [DEBUG] debug-file - Update task entry:default@MakePackInfo input file:E:\new-chat\AppScope\app.json5 cache by regenerate.
[2026-09-19T20:02:40.657] [DEBUG] debug-file - Update task entry:default@MakePackInfo input file:E:\new-chat\entry\src\main\module.json5 cache from map.
[2026-09-19T20:02:40.657] [DEBUG] debug-file - Update task entry:default@MakePackInfo input file:E:\new-chat\build-profile.json5 cache by regenerate.
[2026-09-19T20:02:40.657] [DEBUG] debug-file - Update task entry:default@MakePackInfo input file:E:\new-chat\entry\src\main\resources\base\profile\form_config.json cache by regenerate.
[2026-09-19T20:02:40.658] [DEBUG] debug-file - Update task entry:default@MakePackInfo output file:E:\new-chat\entry\build\default\outputs\default\pack.info cache.
[2026-09-19T20:02:40.658] [DEBUG] debug-file - Incremental task entry:default@MakePackInfo post-execution cost:3 ms .
[2026-09-19T20:02:40.661] [DEBUG] debug-file - Update task entry:default@SyscapTransform input file:D:\DevEco Studio\sdk\default\openharmony\toolchains\syscap_tool.exe cache by regenerate.
[2026-09-19T20:02:40.661] [DEBUG] debug-file - Update task entry:default@SyscapTransform input file:D:\DevEco Studio\sdk\default\openharmony\ets\api\device-define cache by regenerate.
[2026-09-19T20:02:40.662] [DEBUG] debug-file - Update task entry:default@SyscapTransform output file:E:\new-chat\entry\build\default\intermediates\syscap\default\rpcid.sc cache.
[2026-09-19T20:02:40.663] [DEBUG] debug-file - Incremental task entry:default@SyscapTransform post-execution cost:5 ms .
[2026-09-19T20:02:40.663] [DEBUG] debug-file - Update task entry:default@ProcessProfile input file:E:\new-chat\entry\build\default\intermediates\merge_profile\default\module.json cache from map.
[2026-09-19T20:02:40.664] [DEBUG] debug-file - Update task entry:default@ProcessProfile output file:E:\new-chat\entry\build\default\intermediates\process_profile\default\module.json cache.
[2026-09-19T20:02:40.664] [DEBUG] debug-file - Incremental task entry:default@ProcessProfile post-execution cost:1 ms .
[2026-09-19T20:02:40.664] [DEBUG] debug-file - Update task entry:default@ProcessRouterMap input file:E:\new-chat\entry\oh-package.json5 cache by regenerate.
[2026-09-19T20:02:40.665] [DEBUG] debug-file - Update task entry:default@ProcessRouterMap input file:E:\new-chat\oh-package.json5 cache by regenerate.
[2026-09-19T20:02:40.665] [DEBUG] debug-file - Update task entry:default@ProcessRouterMap input file:E:\new-chat\entry\src\main\module.json5 cache from map.
[2026-09-19T20:02:40.670] [DEBUG] debug-file - Update task entry:default@ProcessRouterMap output file:E:\new-chat\entry\build\default\intermediates\router_map\default\temp-router-map.json cache.
[2026-09-19T20:02:40.670] [DEBUG] debug-file - Update task entry:default@ProcessRouterMap output file:E:\new-chat\entry\build\default\intermediates\router_map\default\loader-router-map.json cache.
[2026-09-19T20:02:40.671] [DEBUG] debug-file - Incremental task entry:default@ProcessRouterMap post-execution cost:7 ms .
[2026-09-19T20:02:40.671] [DEBUG] debug-file - Update task entry:default@ProcessShareConfig input file:E:\new-chat\entry\oh-package.json5 cache by regenerate.
[2026-09-19T20:02:40.672] [DEBUG] debug-file - Update task entry:default@ProcessShareConfig input file:E:\new-chat\oh-package.json5 cache by regenerate.
[2026-09-19T20:02:40.673] [DEBUG] debug-file - Update task entry:default@ProcessShareConfig input file:E:\new-chat\entry\src\main\module.json5 cache from map.
[2026-09-19T20:02:40.673] [DEBUG] debug-file - Update task entry:default@ProcessShareConfig output file:E:\new-chat\entry\build\default\intermediates\share_config\default\temp-share-config.json cache.
[2026-09-19T20:02:40.674] [DEBUG] debug-file - Incremental task entry:default@ProcessShareConfig post-execution cost:3 ms .
[2026-09-19T20:02:40.674] [DEBUG] debug-file - Update task entry:default@ProcessStartupConfig output file:E:\new-chat\entry\build\default\intermediates\startup\default\startup_config.json cache.
[2026-09-19T20:02:40.674] [DEBUG] debug-file - Incremental task entry:default@ProcessStartupConfig post-execution cost:1 ms .
[2026-09-19T20:02:40.675] [DEBUG] debug-file - Update task entry:default@ProcessResource output file:E:\new-chat\entry\build\default\intermediates\res\default\resConfig.json cache.
[2026-09-19T20:02:40.676] [DEBUG] debug-file - Update task entry:default@ProcessResource output file:E:\new-chat\entry\build\default\intermediates\res\default\opt-compression.json cache.
[2026-09-19T20:02:40.676] [DEBUG] debug-file - Incremental task entry:default@ProcessResource post-execution cost:2 ms .
[2026-09-19T20:02:40.678] [DEBUG] debug-file - Update task entry:default@GenerateLoaderJson input file:E:\new-chat\entry\build\default\intermediates\router_map\default\temp-router-map.json cache from map.
[2026-09-19T20:02:40.678] [DEBUG] debug-file - Update task entry:default@GenerateLoaderJson output file:E:\new-chat\entry\build\default\intermediates\loader\default\loader.json cache.
[2026-09-19T20:02:40.678] [DEBUG] debug-file - Update task entry:default@GenerateLoaderJson output file:E:\new-chat\entry\build\default\intermediates\loader\default\widget_loader.json cache.
[2026-09-19T20:02:40.679] [DEBUG] debug-file - Incremental task entry:default@GenerateLoaderJson post-execution cost:2 ms .
[2026-09-19T20:02:40.679] [DEBUG] debug-file - Update task entry:default@ProcessLibs input file:E:\new-chat\build-profile.json5 cache by regenerate.
[2026-09-19T20:02:40.679] [DEBUG] debug-file - Update task entry:default@ProcessLibs input file:E:\new-chat\entry\build-profile.json5 cache by regenerate.
[2026-09-19T20:02:40.679] [DEBUG] debug-file - Update task entry:default@ProcessLibs output file:E:\new-chat\entry\build\default\intermediates\libs\default cache.
[2026-09-19T20:02:40.680] [DEBUG] debug-file - Incremental task entry:default@ProcessLibs post-execution cost:2 ms .
[2026-09-19T20:02:40.682] [DEBUG] debug-file - Update task entry:default@CompileResource input file:E:\new-chat\entry\src\main\resources cache from map.
[2026-09-19T20:02:40.682] [DEBUG] debug-file - Update task entry:default@CompileResource input file:E:\new-chat\entry\build\default\intermediates\process_profile\default\module.json cache by regenerate.
[2026-09-19T20:02:40.682] [DEBUG] debug-file - Update task entry:default@CompileResource input file:E:\new-chat\entry\build\default\intermediates\res\default\resConfig.json cache by regenerate.
[2026-09-19T20:02:40.682] [DEBUG] debug-file - Update task entry:default@CompileResource output file:E:\new-chat\entry\build\default\intermediates\res\default cache.
[2026-09-19T20:02:40.687] [DEBUG] debug-file - Update task entry:default@CompileResource output file:E:\new-chat\entry\build\default\generated\r\default\ResourceTable.h cache.
[2026-09-19T20:02:40.688] [DEBUG] debug-file - Update task entry:default@CompileResource output file:E:\new-chat\entry\build\default\generated\r\default cache.
[2026-09-19T20:02:40.689] [DEBUG] debug-file - Incremental task entry:default@CompileResource post-execution cost:9 ms .
[2026-09-19T20:02:40.689] [DEBUG] debug-file - Update task entry:default@DoNativeStrip input file:E:\new-chat\entry\build\default\intermediates\libs\default cache by regenerate.
[2026-09-19T20:02:40.689] [DEBUG] debug-file - Update task entry:default@DoNativeStrip output file:E:\new-chat\entry\build\default\intermediates\stripped_native_libs\default cache.
[2026-09-19T20:02:40.690] [DEBUG] debug-file - Incremental task entry:default@DoNativeStrip post-execution cost:1 ms .
[2026-09-19T20:02:40.693] [DEBUG] debug-file - Update task entry:default@CompileArkTS input file:E:\new-chat\entry\build\default\intermediates\loader\default cache from map.
[2026-09-19T20:02:40.694] [DEBUG] debug-file - Update task entry:default@CompileArkTS input file:E:\new-chat\entry\build\default\intermediates\res\default\ResourceTable.txt cache by regenerate.
[2026-09-19T20:02:40.694] [DEBUG] debug-file - Update task entry:default@CompileArkTS input file:E:\new-chat\entry\build\default\intermediates\res\default\ark_module.json cache by regenerate.
[2026-09-19T20:02:40.695] [DEBUG] debug-file - Update task entry:default@CompileArkTS input file:E:\new-chat\entry\build\default\intermediates\res\default\resources\base\profile cache by regenerate.
[2026-09-19T20:02:40.697] [DEBUG] debug-file - Update task entry:default@CompileArkTS input file:E:\new-chat\entry\src\main\ets cache by regenerate.
[2026-09-19T20:02:40.699] [DEBUG] debug-file - Update task entry:default@CompileArkTS input file:E:\new-chat\entry\src\main\resources\base\profile\form_config.json cache by regenerate.
[2026-09-19T20:02:40.700] [DEBUG] debug-file - Update task entry:default@CompileArkTS input file:E:\new-chat\entry\build\default\generated\profile\default\BuildProfile.ets cache by regenerate.
[2026-09-19T20:02:40.700] [DEBUG] debug-file - Update task entry:default@CompileArkTS output file:E:\new-chat\entry\build\default\intermediates\loader_out\default\ets cache.
[2026-09-19T20:02:40.702] [DEBUG] debug-file - Incremental task entry:default@CompileArkTS post-execution cost:13 ms .
[2026-09-19T20:02:40.703] [DEBUG] debug-file - Update task entry:default@BuildJS input file:E:\new-chat\entry\build\default\intermediates\loader\default cache by regenerate.
[2026-09-19T20:02:40.704] [DEBUG] debug-file - Update task entry:default@BuildJS input file:E:\new-chat\entry\build\default\intermediates\res\default\ResourceTable.txt cache by regenerate.
[2026-09-19T20:02:40.704] [DEBUG] debug-file - Update task entry:default@BuildJS input file:E:\new-chat\entry\build\default\intermediates\res\default\ark_module.json cache by regenerate.
[2026-09-19T20:02:40.705] [DEBUG] debug-file - Update task entry:default@BuildJS input file:E:\new-chat\entry\build\default\intermediates\res\default\resources\base\profile cache by regenerate.
[2026-09-19T20:02:40.705] [DEBUG] debug-file - Update task entry:default@BuildJS output file:E:\new-chat\entry\build\default\intermediates\loader_out\default\js cache.
[2026-09-19T20:02:40.707] [DEBUG] debug-file - Incremental task entry:default@BuildJS post-execution cost:5 ms .
[2026-09-19T20:02:40.708] [DEBUG] debug-file - Update task entry:default@CacheNativeLibs input file:E:\new-chat\entry\build\default\intermediates\stripped_native_libs\default cache by regenerate.
[2026-09-19T20:02:40.708] [DEBUG] debug-file - Update task entry:default@CacheNativeLibs input file:E:\new-chat\entry\build\default\intermediates\libs\default cache by regenerate.
[2026-09-19T20:02:40.708] [DEBUG] debug-file - Update task entry:default@CacheNativeLibs output file:E:\new-chat\entry\build\default\intermediates\patch\default\base_native_libs.json cache.
[2026-09-19T20:02:40.710] [DEBUG] debug-file - Incremental task entry:default@CacheNativeLibs post-execution cost:3 ms .
[2026-09-19T20:02:40.740] [DEBUG] debug-file - Cleanup worker 13.
[2026-09-19T20:02:40.741] [DEBUG] debug-file - Worker 13 has been cleaned up.
[2026-09-19T20:02:40.741] [DEBUG] debug-file - Current idle worker size: 3.
[2026-09-19T20:02:40.741] [DEBUG] debug-file - Current resident worker size: 4.
[2026-09-19T20:02:40.741] [DEBUG] debug-file - Cleanup worker 14.
[2026-09-19T20:02:40.741] [DEBUG] debug-file - Worker 14 has been cleaned up.
[2026-09-19T20:02:40.741] [DEBUG] debug-file - Current idle worker size: 2.
[2026-09-19T20:02:40.741] [DEBUG] debug-file - Current resident worker size: 4.
[2026-09-19T20:02:40.745] [DEBUG] debug-file - hvigor build process will be closed.
[2026-09-19T20:02:40.765] [DEBUG] debug-file - worker[14] exits with exit code 1.
[2026-09-19T20:02:40.766] [DEBUG] debug-file - worker[13] exits with exit code 1.
[2026-09-19T20:02:40.772] [DEBUG] debug-file - session manager: send message to worker process.
[2026-09-19T20:02:40.773] [DEBUG] debug-file - session manager: send message to worker process.
[2026-09-19T20:02:40.778] [DEBUG] debug-file - watch worker: worker id should be larger than 0. Nothing will be sent to any worker thread.
[2026-09-19T20:02:40.780] [DEBUG] debug-file - watch worker: worker id should be larger than 0. Nothing will be sent to any worker thread.
[2026-09-19T20:05:40.692] [DEBUG] debug-file - session manager: set active socket. socketId=2e8MzMFpLSe7R3PTAAAZ
[2026-09-19T20:05:40.708] [DEBUG] debug-file - watch worker: worker id should be larger than 0. Nothing will be sent to any worker thread.
[2026-09-19T20:05:40.712] [DEBUG] debug-file - Hvigor init with startParameters:{
  hvigorfileTypeCheck: false,
  parallelExecution: true,
  incrementalExecution: true,
  printStackTrace: false,
  daemon: true,
  analyze: 0,
  logLevel: Level { level: 20000, levelStr: 'INFO', colour: 'green' },
  optimizationStrategy: 'memory',
  hotCompile: undefined,
  hotReloadBuild: undefined
}
[2026-09-19T20:05:40.715] [DEBUG] debug-file - Cache service initialization finished in 4 ms 
[2026-09-19T20:05:40.717] [DEBUG] debug-file - hvigorfile, resolving E:\new-chat\hvigorfile.ts
[2026-09-19T20:05:40.720] [DEBUG] debug-file - hvigorfile, require result:  { default: { plugins: [] } }
[2026-09-19T20:05:40.721] [DEBUG] debug-file - hvigorfile, binding system plugins null
[2026-09-19T20:05:40.724] [DEBUG] debug-file - Start initialize project's product build option map with build mode debug.
[2026-09-19T20:05:40.724] [DEBUG] debug-file - Picking option from product 'default' with build mode 'debug'.
[2026-09-19T20:05:40.724] [DEBUG] debug-file - Product 'default' build option initialized
[2026-09-19T20:05:40.724] [DEBUG] debug-file - End initialize project's product build option map with build mode 'debug'.
[2026-09-19T20:05:40.725] [DEBUG] debug-file - Obtain build option for product 'default'in this build.
[2026-09-19T20:05:40.726] [DEBUG] debug-file - E:\new-chat\build\cache\default\remote_hsp\remoteHspCache.json not exists.
[2026-09-19T20:05:40.728] [DEBUG] debug-file - Start recording SDK configuration permission data.
[2026-09-19T20:05:40.750] [DEBUG] debug-file - Sdk init in 25 ms 
[2026-09-19T20:05:40.752] [DEBUG] debug-file - Project task initialization takes 2 ms 
[2026-09-19T20:05:40.752] [DEBUG] debug-file - hvigorfile, binding custom plugins []
[2026-09-19T20:05:40.752] [DEBUG] debug-file - hvigorfile, no custom plugins were found in E:\new-chat\hvigorfile.ts
[2026-09-19T20:05:40.752] [DEBUG] debug-file - hvigorfile, resolve finished E:\new-chat\hvigorfile.ts
[2026-09-19T20:05:40.752] [DEBUG] debug-file - hvigorfile, resolving E:\new-chat\entry\hvigorfile.ts
[2026-09-19T20:05:40.755] [DEBUG] debug-file - hvigorfile, require result:  { default: { plugins: [] } }
[2026-09-19T20:05:40.755] [DEBUG] debug-file - hvigorfile, binding system plugins null
[2026-09-19T20:05:40.756] [DEBUG] debug-file - failed to load cangjie to dynamically generate schemas: Error: Cannot find module '@ohos/cangjie-build-support/index'
Require stack:
- D:\DevEco Studio\tools\hvigor\hvigor-ohos-plugin\src\plugin\factory\plugin-factory.js
- D:\DevEco Studio\tools\hvigor\hvigor-ohos-plugin\index.js
- E:\new-chat\hvigorfile.ts
- D:\DevEco Studio\tools\hvigor\hvigor\src\base\internal\lifecycle\configuration.js
- D:\DevEco Studio\tools\hvigor\hvigor\src\base\boot\index.js
- D:\DevEco Studio\tools\hvigor\hvigor\src\base\daemon\cluster\worker-process-lifecycle.js
- D:\DevEco Studio\tools\hvigor\hvigor\src\base\daemon\process\daemon-process-boot-script.js
[2026-09-19T20:05:40.757] [DEBUG] debug-file - Start initialize module-target build option map, moduleName=entry, buildMode=debug
[2026-09-19T20:05:40.757] [DEBUG] debug-file - Target 'default' config initialized
[2026-09-19T20:05:40.757] [DEBUG] debug-file - Module 'entry' target 'default' build option initialized
[2026-09-19T20:05:40.757] [DEBUG] debug-file - End initialize module-target build option map, moduleName=entry
[2026-09-19T20:05:40.757] [DEBUG] debug-file - Start initialize module-target build option map, moduleName=entry, buildMode=release
[2026-09-19T20:05:40.757] [DEBUG] debug-file - Target 'default' config initialized
[2026-09-19T20:05:40.757] [DEBUG] debug-file - Module 'entry' target 'default' build option initialized
[2026-09-19T20:05:40.757] [DEBUG] debug-file - End initialize module-target build option map, moduleName=entry
[2026-09-19T20:05:40.757] [DEBUG] debug-file - Start initialize module-target build option map, moduleName=entry, buildMode=debug
[2026-09-19T20:05:40.757] [DEBUG] debug-file - Target 'default' config initialized
[2026-09-19T20:05:40.757] [DEBUG] debug-file - Module 'entry' target 'default' build option initialized
[2026-09-19T20:05:40.757] [DEBUG] debug-file - End initialize module-target build option map, moduleName=entry
[2026-09-19T20:05:40.757] [DEBUG] debug-file - Obtain build option for module 'entry' target 'default'in this build.
[2026-09-19T20:05:40.758] [DEBUG] debug-file - Module entry task initialization takes 1 ms 
[2026-09-19T20:05:40.759] [DEBUG] debug-file - hvigorfile, binding custom plugins []
[2026-09-19T20:05:40.759] [DEBUG] debug-file - hvigorfile, no custom plugins were found in E:\new-chat\entry\hvigorfile.ts
[2026-09-19T20:05:40.759] [DEBUG] debug-file - hvigorfile, resolve finished E:\new-chat\entry\hvigorfile.ts
[2026-09-19T20:05:40.772] [DEBUG] debug-file - hvigorfile, resolve hvigorfile dependencies in 14 ms 
[2026-09-19T20:05:40.773] [DEBUG] debug-file - project has submodules:entry
[2026-09-19T20:05:40.774] [DEBUG] debug-file - start to load updatedOhPackageInfo to the disk
[2026-09-19T20:05:40.777] [DEBUG] debug-file - load to the disk finished
[2026-09-19T20:05:40.777] [DEBUG] debug-file - Start to initialize dependency information.
[2026-09-19T20:05:40.778] [DEBUG] debug-file - Module new-chat Collected Dependency: 
[2026-09-19T20:05:40.778] [DEBUG] debug-file - Module new-chat's total dependency: 0
[2026-09-19T20:05:40.779] [DEBUG] debug-file - Start to initialize dependency information.
[2026-09-19T20:05:40.779] [DEBUG] debug-file - Module entry Collected Dependency: 
[2026-09-19T20:05:40.779] [DEBUG] debug-file - Module entry's total dependency: 0
[2026-09-19T20:05:40.781] [DEBUG] debug-file - Configuration phase cost:66 ms 
[2026-09-19T20:05:40.782] [DEBUG] debug-file - Configuration task cost before running: 72 ms 
[2026-09-19T20:05:40.782] [DEBUG] debug-file - Executing task :entry:init
[2026-09-19T20:05:40.782] [DEBUG] debug-file - entry : init cost memory 0.01517486572265625
[2026-09-19T20:05:40.782] [DEBUG] debug-file - runTaskFromQueue task cost before running: 73 ms 
[2026-09-19T20:05:40.782] [INFO] debug-file - Finished :entry:init... after 1 ms 
[2026-09-19T20:05:40.782] [DEBUG] debug-file - Executing task ::init
[2026-09-19T20:05:40.782] [DEBUG] debug-file - new-chat : init cost memory 0.01398468017578125
[2026-09-19T20:05:40.782] [DEBUG] debug-file - runTaskFromQueue task cost before running: 73 ms 
[2026-09-19T20:05:40.782] [INFO] debug-file - Finished ::init... after 1 ms 
[2026-09-19T20:05:40.792] [DEBUG] debug-file - Obtain build option for module 'entry' target 'default'in this build.
[2026-09-19T20:05:40.794] [DEBUG] debug-file - hvigor build process will be closed.
[2026-09-19T20:05:40.799] [DEBUG] debug-file - session manager: send message to worker process.
[2026-09-19T20:05:40.800] [DEBUG] debug-file - session manager: send message to worker process.
[2026-09-19T20:05:40.801] [DEBUG] debug-file - watch worker: worker id should be larger than 0. Nothing will be sent to any worker thread.
[2026-09-19T20:05:40.801] [DEBUG] debug-file - watch worker: worker id should be larger than 0. Nothing will be sent to any worker thread.
[2026-09-19T20:05:47.658] [DEBUG] debug-file - session manager: set active socket. socketId=w3lKE9KZAld_GLZPAAAb
[2026-09-19T20:05:47.672] [DEBUG] debug-file - watch worker: worker id should be larger than 0. Nothing will be sent to any worker thread.
[2026-09-19T20:05:47.674] [DEBUG] debug-file - Hvigor init with startParameters:{
  hvigorfileTypeCheck: false,
  parallelExecution: true,
  incrementalExecution: true,
  printStackTrace: false,
  daemon: true,
  analyze: 0,
  logLevel: Level { level: 20000, levelStr: 'INFO', colour: 'green' },
  optimizationStrategy: 'memory',
  hotCompile: undefined,
  hotReloadBuild: undefined
}
[2026-09-19T20:05:47.677] [DEBUG] debug-file - Cache service initialization finished in 3 ms 
[2026-09-19T20:05:47.678] [DEBUG] debug-file - hvigorfile, resolving E:\new-chat\hvigorfile.ts
[2026-09-19T20:05:47.680] [DEBUG] debug-file - hvigorfile, require result:  { default: { plugins: [] } }
[2026-09-19T20:05:47.681] [DEBUG] debug-file - hvigorfile, binding system plugins null
[2026-09-19T20:05:47.683] [DEBUG] debug-file - Start initialize project's product build option map with build mode debug.
[2026-09-19T20:05:47.683] [DEBUG] debug-file - Picking option from product 'default' with build mode 'debug'.
[2026-09-19T20:05:47.683] [DEBUG] debug-file - Product 'default' build option initialized
[2026-09-19T20:05:47.683] [DEBUG] debug-file - End initialize project's product build option map with build mode 'debug'.
[2026-09-19T20:05:47.683] [DEBUG] debug-file - Obtain build option for product 'default'in this build.
[2026-09-19T20:05:47.684] [DEBUG] debug-file - E:\new-chat\build\cache\default\remote_hsp\remoteHspCache.json not exists.
[2026-09-19T20:05:47.686] [DEBUG] debug-file - Start recording SDK configuration permission data.
[2026-09-19T20:05:47.708] [DEBUG] debug-file - Sdk init in 24 ms 
[2026-09-19T20:05:47.711] [DEBUG] debug-file - Project task initialization takes 3 ms 
[2026-09-19T20:05:47.711] [DEBUG] debug-file - hvigorfile, binding custom plugins []
[2026-09-19T20:05:47.711] [DEBUG] debug-file - hvigorfile, no custom plugins were found in E:\new-chat\hvigorfile.ts
[2026-09-19T20:05:47.711] [DEBUG] debug-file - hvigorfile, resolve finished E:\new-chat\hvigorfile.ts
[2026-09-19T20:05:47.712] [DEBUG] debug-file - hvigorfile, resolving E:\new-chat\entry\hvigorfile.ts
[2026-09-19T20:05:47.715] [DEBUG] debug-file - hvigorfile, require result:  { default: { plugins: [] } }
[2026-09-19T20:05:47.715] [DEBUG] debug-file - hvigorfile, binding system plugins null
[2026-09-19T20:05:47.715] [DEBUG] debug-file - failed to load cangjie to dynamically generate schemas: Error: Cannot find module '@ohos/cangjie-build-support/index'
Require stack:
- D:\DevEco Studio\tools\hvigor\hvigor-ohos-plugin\src\plugin\factory\plugin-factory.js
- D:\DevEco Studio\tools\hvigor\hvigor-ohos-plugin\index.js
- E:\new-chat\hvigorfile.ts
- D:\DevEco Studio\tools\hvigor\hvigor\src\base\internal\lifecycle\configuration.js
- D:\DevEco Studio\tools\hvigor\hvigor\src\base\boot\index.js
- D:\DevEco Studio\tools\hvigor\hvigor\src\base\daemon\cluster\worker-process-lifecycle.js
- D:\DevEco Studio\tools\hvigor\hvigor\src\base\daemon\process\daemon-process-boot-script.js
[2026-09-19T20:05:47.716] [DEBUG] debug-file - Start initialize module-target build option map, moduleName=entry, buildMode=debug
[2026-09-19T20:05:47.716] [DEBUG] debug-file - Target 'default' config initialized
[2026-09-19T20:05:47.716] [DEBUG] debug-file - Module 'entry' target 'default' build option initialized
[2026-09-19T20:05:47.716] [DEBUG] debug-file - End initialize module-target build option map, moduleName=entry
[2026-09-19T20:05:47.716] [DEBUG] debug-file - Start initialize module-target build option map, moduleName=entry, buildMode=release
[2026-09-19T20:05:47.716] [DEBUG] debug-file - Target 'default' config initialized
[2026-09-19T20:05:47.716] [DEBUG] debug-file - Module 'entry' target 'default' build option initialized
[2026-09-19T20:05:47.716] [DEBUG] debug-file - End initialize module-target build option map, moduleName=entry
[2026-09-19T20:05:47.716] [DEBUG] debug-file - Start initialize module-target build option map, moduleName=entry, buildMode=debug
[2026-09-19T20:05:47.716] [DEBUG] debug-file - Target 'default' config initialized
[2026-09-19T20:05:47.716] [DEBUG] debug-file - Module 'entry' target 'default' build option initialized
[2026-09-19T20:05:47.716] [DEBUG] debug-file - End initialize module-target build option map, moduleName=entry
[2026-09-19T20:05:47.717] [DEBUG] debug-file - Obtain build option for module 'entry' target 'default'in this build.
[2026-09-19T20:05:47.717] [DEBUG] debug-file - Module entry task initialization takes 1 ms 
[2026-09-19T20:05:47.718] [DEBUG] debug-file - hvigorfile, binding custom plugins []
[2026-09-19T20:05:47.718] [DEBUG] debug-file - hvigorfile, no custom plugins were found in E:\new-chat\entry\hvigorfile.ts
[2026-09-19T20:05:47.718] [DEBUG] debug-file - hvigorfile, resolve finished E:\new-chat\entry\hvigorfile.ts
[2026-09-19T20:05:47.731] [DEBUG] debug-file - hvigorfile, resolve hvigorfile dependencies in 13 ms 
[2026-09-19T20:05:47.731] [DEBUG] debug-file - project has submodules:entry
[2026-09-19T20:05:47.732] [DEBUG] debug-file - Start to initialize dependency information.
[2026-09-19T20:05:47.732] [DEBUG] debug-file - Module new-chat Collected Dependency: 
[2026-09-19T20:05:47.732] [DEBUG] debug-file - Module new-chat's total dependency: 0
[2026-09-19T20:05:47.733] [DEBUG] debug-file - Start to initialize dependency information.
[2026-09-19T20:05:47.733] [DEBUG] debug-file - Module entry Collected Dependency: 
[2026-09-19T20:05:47.734] [DEBUG] debug-file - Module entry's total dependency: 0
[2026-09-19T20:05:47.734] [DEBUG] debug-file - Configuration phase cost:58 ms 
[2026-09-19T20:05:47.735] [DEBUG] debug-file - Configuration task cost before running: 63 ms 
[2026-09-19T20:05:47.735] [DEBUG] debug-file - Executing task :entry:clean
[2026-09-19T20:05:47.736] [DEBUG] debug-file - clean: Start terminating worker pool.
[2026-09-19T20:05:47.736] [DEBUG] debug-file - Current worker pool is stopped or closed.
[2026-09-19T20:05:47.736] [DEBUG] debug-file - Clear worker 3.
[2026-09-19T20:05:47.736] [DEBUG] debug-file - Worker 3 has been cleared.
[2026-09-19T20:05:47.736] [DEBUG] debug-file - Current idle worker size: 1.
[2026-09-19T20:05:47.736] [DEBUG] debug-file - Current busy worker size: 0.
[2026-09-19T20:05:47.736] [DEBUG] debug-file - Clear worker 4.
[2026-09-19T20:05:47.736] [DEBUG] debug-file - Worker 4 has been cleared.
[2026-09-19T20:05:47.736] [DEBUG] debug-file - Current idle worker size: 0.
[2026-09-19T20:05:47.736] [DEBUG] debug-file - Current busy worker size: 0.
[2026-09-19T20:05:47.737] [DEBUG] debug-file - Current worker pool is terminated.
[2026-09-19T20:05:47.737] [DEBUG] debug-file - clean: Terminating worker pool finished.
[2026-09-19T20:05:47.764] [DEBUG] debug-file - entry : clean cost memory -0.54364013671875
[2026-09-19T20:05:47.765] [DEBUG] debug-file - runTaskFromQueue task cost before running: 92 ms 
[2026-09-19T20:05:47.765] [INFO] debug-file - Finished :entry:clean... after 30 ms 
[2026-09-19T20:05:47.765] [DEBUG] debug-file - Executing task ::clean
[2026-09-19T20:05:47.765] [DEBUG] debug-file - clean: Worker pool is inactive.
[2026-09-19T20:05:47.765] [DEBUG] debug-file - new-chat : clean cost memory 0.0263214111328125
[2026-09-19T20:05:47.766] [DEBUG] debug-file - runTaskFromQueue task cost before running: 93 ms 
[2026-09-19T20:05:47.766] [INFO] debug-file - Finished ::clean... after 1 ms 
[2026-09-19T20:05:47.777] [INFO] debug-file - BUILD SUCCESSFUL in 105 ms 
[2026-09-19T20:05:47.791] [DEBUG] debug-file - worker[3] exits with exit code 1.
[2026-09-19T20:05:47.791] [DEBUG] debug-file - worker[4] exits with exit code 1.
[2026-09-19T20:05:47.791] [DEBUG] debug-file - Since there is no instance or instance is terminated, create a new worker pool.
[2026-09-19T20:05:47.792] [DEBUG] debug-file - Worker pool is initialized with config:  {
  minPoolNum: 2,
  maxPoolNum: undefined,
  maxCoreSize: undefined,
  cacheCapacity: undefined,
  cacheTtl: undefined
}
[2026-09-19T20:05:47.794] [DEBUG] debug-file - Create  resident worker with id: 0.
[2026-09-19T20:05:47.796] [DEBUG] debug-file - Create  resident worker with id: 1.
[2026-09-19T20:05:47.797] [DEBUG] debug-file - Cleanup worker 0.
[2026-09-19T20:05:47.797] [DEBUG] debug-file - Worker 0 has been cleaned up.
[2026-09-19T20:05:47.797] [DEBUG] debug-file - Current idle worker size: 1.
[2026-09-19T20:05:47.797] [DEBUG] debug-file - Current resident worker size: 2.
[2026-09-19T20:05:47.797] [DEBUG] debug-file - Cleanup worker 1.
[2026-09-19T20:05:47.797] [DEBUG] debug-file - Worker 1 has been cleaned up.
[2026-09-19T20:05:47.798] [DEBUG] debug-file - Current idle worker size: 0.
[2026-09-19T20:05:47.798] [DEBUG] debug-file - Current resident worker size: 2.
[2026-09-19T20:05:47.798] [DEBUG] debug-file - hvigor build process will be closed.
[2026-09-19T20:05:47.803] [DEBUG] debug-file - session manager: send message to worker process.
[2026-09-19T20:05:47.804] [DEBUG] debug-file - session manager: send message to worker process.
[2026-09-19T20:05:47.805] [DEBUG] debug-file - watch worker: worker id should be larger than 0. Nothing will be sent to any worker thread.
[2026-09-19T20:05:47.806] [DEBUG] debug-file - watch worker: worker id should be larger than 0. Nothing will be sent to any worker thread.
[2026-09-19T20:05:47.807] [DEBUG] debug-file - worker[0] exits with exit code 0.
[2026-09-19T20:05:47.808] [DEBUG] debug-file - worker[1] exits with exit code 0.
[2026-09-19T20:05:57.656] [DEBUG] debug-file - session manager: set active socket. socketId=nUf1ZY3MkCGF_AHlAAAd
[2026-09-19T20:05:57.673] [DEBUG] debug-file - watch worker: worker id should be larger than 0. Nothing will be sent to any worker thread.
[2026-09-19T20:05:57.677] [DEBUG] debug-file - Hvigor init with startParameters:{
  hvigorfileTypeCheck: false,
  parallelExecution: true,
  incrementalExecution: true,
  printStackTrace: false,
  daemon: true,
  analyze: 0,
  logLevel: Level { level: 20000, levelStr: 'INFO', colour: 'green' },
  optimizationStrategy: 'memory',
  hotCompile: undefined,
  hotReloadBuild: undefined
}
[2026-09-19T20:05:57.679] [DEBUG] debug-file - Cache service initialization finished in 3 ms 
[2026-09-19T20:05:57.680] [DEBUG] debug-file - hvigorfile, resolving E:\new-chat\hvigorfile.ts
[2026-09-19T20:05:57.684] [DEBUG] debug-file - hvigorfile, require result:  { default: { plugins: [] } }
[2026-09-19T20:05:57.684] [DEBUG] debug-file - hvigorfile, binding system plugins null
[2026-09-19T20:05:57.832] [DEBUG] debug-file - Start initialize project's product build option map with build mode debug.
[2026-09-19T20:05:57.833] [DEBUG] debug-file - Picking option from product 'default' with build mode 'debug'.
[2026-09-19T20:05:57.833] [DEBUG] debug-file - Product 'default' build option initialized
[2026-09-19T20:05:57.833] [DEBUG] debug-file - End initialize project's product build option map with build mode 'debug'.
[2026-09-19T20:05:57.833] [DEBUG] debug-file - Obtain build option for product 'default'in this build.
[2026-09-19T20:05:57.834] [DEBUG] debug-file - E:\new-chat\build\cache\default\remote_hsp\remoteHspCache.json not exists.
[2026-09-19T20:05:57.835] [DEBUG] debug-file - Start recording SDK configuration permission data.
[2026-09-19T20:05:57.853] [DEBUG] debug-file - Sdk init in 19 ms 
[2026-09-19T20:05:57.855] [DEBUG] debug-file - Project task initialization takes 2 ms 
[2026-09-19T20:05:57.855] [DEBUG] debug-file - hvigorfile, binding custom plugins []
[2026-09-19T20:05:57.855] [DEBUG] debug-file - hvigorfile, no custom plugins were found in E:\new-chat\hvigorfile.ts
[2026-09-19T20:05:57.855] [DEBUG] debug-file - hvigorfile, resolve finished E:\new-chat\hvigorfile.ts
[2026-09-19T20:05:57.855] [DEBUG] debug-file - hvigorfile, resolving E:\new-chat\entry\hvigorfile.ts
[2026-09-19T20:05:57.858] [DEBUG] debug-file - hvigorfile, require result:  { default: { plugins: [] } }
[2026-09-19T20:05:57.858] [DEBUG] debug-file - hvigorfile, binding system plugins null
[2026-09-19T20:05:57.858] [DEBUG] debug-file - failed to load cangjie to dynamically generate schemas: Error: Cannot find module '@ohos/cangjie-build-support/index'
Require stack:
- D:\DevEco Studio\tools\hvigor\hvigor-ohos-plugin\src\plugin\factory\plugin-factory.js
- D:\DevEco Studio\tools\hvigor\hvigor-ohos-plugin\index.js
- E:\new-chat\hvigorfile.ts
- D:\DevEco Studio\tools\hvigor\hvigor\src\base\internal\lifecycle\configuration.js
- D:\DevEco Studio\tools\hvigor\hvigor\src\base\boot\index.js
- D:\DevEco Studio\tools\hvigor\hvigor\src\base\daemon\cluster\worker-process-lifecycle.js
- D:\DevEco Studio\tools\hvigor\hvigor\src\base\daemon\process\daemon-process-boot-script.js
[2026-09-19T20:05:57.861] [DEBUG] debug-file - Start initialize module-target build option map, moduleName=entry, buildMode=debug
[2026-09-19T20:05:57.862] [DEBUG] debug-file - Target 'default' config initialized
[2026-09-19T20:05:57.862] [DEBUG] debug-file - Module 'entry' target 'default' build option initialized
[2026-09-19T20:05:57.862] [DEBUG] debug-file - End initialize module-target build option map, moduleName=entry
[2026-09-19T20:05:57.862] [DEBUG] debug-file - Start initialize module-target build option map, moduleName=entry, buildMode=release
[2026-09-19T20:05:57.862] [DEBUG] debug-file - Target 'default' config initialized
[2026-09-19T20:05:57.862] [DEBUG] debug-file - Module 'entry' target 'default' build option initialized
[2026-09-19T20:05:57.862] [DEBUG] debug-file - End initialize module-target build option map, moduleName=entry
[2026-09-19T20:05:57.862] [DEBUG] debug-file - Start initialize module-target build option map, moduleName=entry, buildMode=debug
[2026-09-19T20:05:57.862] [DEBUG] debug-file - Target 'default' config initialized
[2026-09-19T20:05:57.862] [DEBUG] debug-file - Module 'entry' target 'default' build option initialized
[2026-09-19T20:05:57.862] [DEBUG] debug-file - End initialize module-target build option map, moduleName=entry
[2026-09-19T20:05:57.862] [DEBUG] debug-file - Obtain build option for module 'entry' target 'default'in this build.
[2026-09-19T20:05:57.863] [DEBUG] debug-file - Module entry task initialization takes 1 ms 
[2026-09-19T20:05:57.863] [DEBUG] debug-file - hvigorfile, binding custom plugins []
[2026-09-19T20:05:57.864] [DEBUG] debug-file - hvigorfile, no custom plugins were found in E:\new-chat\entry\hvigorfile.ts
[2026-09-19T20:05:57.864] [DEBUG] debug-file - hvigorfile, resolve finished E:\new-chat\entry\hvigorfile.ts
[2026-09-19T20:05:57.876] [DEBUG] debug-file - hvigorfile, resolve hvigorfile dependencies in 13 ms 
[2026-09-19T20:05:57.876] [DEBUG] debug-file - project has submodules:entry
[2026-09-19T20:05:57.877] [DEBUG] debug-file - start to load updatedOhPackageInfo to the disk
[2026-09-19T20:05:57.880] [DEBUG] debug-file - load to the disk finished
[2026-09-19T20:05:57.881] [DEBUG] debug-file - Start to initialize dependency information.
[2026-09-19T20:05:57.881] [DEBUG] debug-file - Module new-chat Collected Dependency: 
[2026-09-19T20:05:57.881] [DEBUG] debug-file - Module new-chat's total dependency: 0
[2026-09-19T20:05:57.882] [DEBUG] debug-file - Start to initialize dependency information.
[2026-09-19T20:05:57.882] [DEBUG] debug-file - Module entry Collected Dependency: 
[2026-09-19T20:05:57.882] [DEBUG] debug-file - Module entry's total dependency: 0
[2026-09-19T20:05:57.883] [DEBUG] debug-file - Configuration phase cost:204 ms 
[2026-09-19T20:05:57.884] [DEBUG] debug-file - Configuration task cost before running: 210 ms 
[2026-09-19T20:05:57.886] [DEBUG] debug-file - Executing task :entry:default@PreBuild
[2026-09-19T20:05:57.886] [DEBUG] debug-file - Task 'entry:default@PreBuild' cost while wrapping incremental declarations: 1 ms 
[2026-09-19T20:05:57.889] [DEBUG] debug-file - Incremental task entry:default@PreBuild pre-execution cost: 2 ms .
[2026-09-19T20:05:57.889] [DEBUG] debug-file - entry : default@PreBuild cost memory 0.3404693603515625
[2026-09-19T20:05:57.889] [INFO] debug-file - UP-TO-DATE :entry:default@PreBuild...  
[2026-09-19T20:05:57.890] [DEBUG] debug-file - Executing task :entry:default@CreateModuleInfo
[2026-09-19T20:05:57.890] [DEBUG] debug-file - Task 'entry:default@CreateModuleInfo' cost while wrapping incremental declarations: 1 ms 
[2026-09-19T20:05:57.890] [DEBUG] debug-file - entry : default@CreateModuleInfo cost memory 0.0408782958984375
[2026-09-19T20:05:57.890] [DEBUG] debug-file - runTaskFromQueue task cost before running: 216 ms 
[2026-09-19T20:05:57.890] [INFO] debug-file - Finished :entry:default@CreateModuleInfo... after 1 ms 
[2026-09-19T20:05:57.891] [DEBUG] debug-file - Executing task :entry:default@GenerateMetadata
[2026-09-19T20:05:57.891] [DEBUG] debug-file - Task 'entry:default@GenerateMetadata' cost while wrapping incremental declarations: 1 ms 
[2026-09-19T20:05:57.892] [DEBUG] debug-file - entry:default@GenerateMetadata is not up-to-date, since the output file 'E:\new-chat\entry\build\default\intermediates\hap_metadata\default\output_metadata.json' does not exist.
[2026-09-19T20:05:57.892] [DEBUG] debug-file - Incremental task entry:default@GenerateMetadata pre-execution cost: 1 ms .
[2026-09-19T20:05:57.893] [DEBUG] debug-file - entry : default@GenerateMetadata cost memory 0.10573577880859375
[2026-09-19T20:05:57.893] [DEBUG] debug-file - runTaskFromQueue task cost before running: 219 ms 
[2026-09-19T20:05:57.893] [INFO] debug-file - Finished :entry:default@GenerateMetadata... after 2 ms 
[2026-09-19T20:05:57.894] [DEBUG] debug-file - Executing task :entry:default@ConfigureCmake
[2026-09-19T20:05:57.895] [DEBUG] debug-file - entry : default@ConfigureCmake cost memory 0.0157470703125
[2026-09-19T20:05:57.895] [DEBUG] debug-file - runTaskFromQueue task cost before running: 221 ms 
[2026-09-19T20:05:57.895] [INFO] debug-file - Finished :entry:default@ConfigureCmake... after 1 ms 
[2026-09-19T20:05:57.896] [DEBUG] debug-file - Executing task :entry:default@MergeProfile
[2026-09-19T20:05:57.896] [DEBUG] debug-file - Task 'entry:default@MergeProfile' cost while wrapping incremental declarations: 1 ms 
[2026-09-19T20:05:57.897] [DEBUG] debug-file - entry:default@MergeProfile is not up-to-date, since the output file 'E:\new-chat\entry\build\default\intermediates\merge_profile\default\module.json' does not exist.
[2026-09-19T20:05:57.897] [DEBUG] debug-file - Incremental task entry:default@MergeProfile pre-execution cost: 1 ms .
[2026-09-19T20:05:57.897] [DEBUG] debug-file - Change app api release type with 'Release'
[2026-09-19T20:05:57.897] [DEBUG] debug-file - Change app compile API version with '6.0.1.112'
[2026-09-19T20:05:57.897] [DEBUG] debug-file - Change app target API version with '50000012'
[2026-09-19T20:05:57.897] [DEBUG] debug-file - Change app minimum API version with '50000012'
[2026-09-19T20:05:57.897] [DEBUG] debug-file - Use cli appEnvironment
[2026-09-19T20:05:57.898] [DEBUG] debug-file - entry : default@MergeProfile cost memory 0.21556854248046875
[2026-09-19T20:05:57.898] [DEBUG] debug-file - runTaskFromQueue task cost before running: 224 ms 
[2026-09-19T20:05:57.898] [INFO] debug-file - Finished :entry:default@MergeProfile... after 2 ms 
[2026-09-19T20:05:57.900] [DEBUG] debug-file - Executing task :entry:default@CreateBuildProfile
[2026-09-19T20:05:57.900] [DEBUG] debug-file - Task 'entry:default@CreateBuildProfile' cost while wrapping incremental declarations: 1 ms 
[2026-09-19T20:05:57.900] [DEBUG] debug-file - entry:default@CreateBuildProfile is not up-to-date, since the output file 'E:\new-chat\entry\build\default\generated\profile\default\BuildProfile.ets' does not exist.
[2026-09-19T20:05:57.900] [DEBUG] debug-file - Incremental task entry:default@CreateBuildProfile pre-execution cost: 1 ms .
[2026-09-19T20:05:57.901] [DEBUG] debug-file - entry : default@CreateBuildProfile cost memory 0.1002044677734375
[2026-09-19T20:05:57.901] [DEBUG] debug-file - runTaskFromQueue task cost before running: 228 ms 
[2026-09-19T20:05:57.902] [INFO] debug-file - Finished :entry:default@CreateBuildProfile... after 2 ms 
[2026-09-19T20:05:57.902] [DEBUG] debug-file - Executing task :entry:default@PreCheckSyscap
[2026-09-19T20:05:57.903] [DEBUG] debug-file - entry : default@PreCheckSyscap cost memory 0.01596832275390625
[2026-09-19T20:05:57.903] [DEBUG] debug-file - runTaskFromQueue task cost before running: 229 ms 
[2026-09-19T20:05:57.903] [INFO] debug-file - Finished :entry:default@PreCheckSyscap... after 1 ms 
[2026-09-19T20:05:57.904] [DEBUG] debug-file - Executing task :entry:default@GeneratePkgContextInfo
[2026-09-19T20:05:57.906] [DEBUG] debug-file - Task 'entry:default@GeneratePkgContextInfo' cost while wrapping incremental declarations: 1 ms 
[2026-09-19T20:05:57.906] [DEBUG] debug-file - entry : default@GeneratePkgContextInfo cost memory 0.20789337158203125
[2026-09-19T20:05:57.906] [DEBUG] debug-file - runTaskFromQueue task cost before running: 232 ms 
[2026-09-19T20:05:57.906] [INFO] debug-file - Finished :entry:default@GeneratePkgContextInfo... after 3 ms 
[2026-09-19T20:05:57.907] [DEBUG] debug-file - Executing task :entry:default@ProcessIntegratedHsp
[2026-09-19T20:05:57.907] [DEBUG] debug-file - entry:default@ProcessIntegratedHsp is not up-to-date, since the output file 'E:\new-chat\build\cache\default\integrated_hsp\integratedHspCache.json' does not exist.
[2026-09-19T20:05:57.907] [DEBUG] debug-file - Incremental task entry:default@ProcessIntegratedHsp pre-execution cost: 1 ms .
[2026-09-19T20:05:57.907] [DEBUG] debug-file - entry : default@ProcessIntegratedHsp cost memory 0.0578765869140625
[2026-09-19T20:05:57.907] [DEBUG] debug-file - runTaskFromQueue task cost before running: 234 ms 
[2026-09-19T20:05:57.907] [INFO] debug-file - Finished :entry:default@ProcessIntegratedHsp... after 1 ms 
[2026-09-19T20:05:57.908] [DEBUG] debug-file - Executing task :entry:default@BuildNativeWithCmake
[2026-09-19T20:05:57.908] [DEBUG] debug-file - entry : default@BuildNativeWithCmake cost memory 0.01679229736328125
[2026-09-19T20:05:57.908] [DEBUG] debug-file - runTaskFromQueue task cost before running: 234 ms 
[2026-09-19T20:05:57.908] [INFO] debug-file - Finished :entry:default@BuildNativeWithCmake... after 1 ms 
[2026-09-19T20:05:57.909] [DEBUG] debug-file - Executing task :entry:default@MakePackInfo
[2026-09-19T20:05:57.911] [DEBUG] debug-file - entry:default@MakePackInfo is not up-to-date, since the output file 'E:\new-chat\entry\build\default\outputs\default\pack.info' does not exist.
[2026-09-19T20:05:57.911] [DEBUG] debug-file - Incremental task entry:default@MakePackInfo pre-execution cost: 2 ms .
[2026-09-19T20:05:57.912] [DEBUG] debug-file - Module Pack Info:  {
  summary: {
    app: { bundleName: 'c***u', bundleType: 'app', version: [Object] },
    modules: [ [Object] ]
  },
  packages: [
    {
      deviceType: [Array],
      moduleType: 'entry',
      deliveryWithInstall: true,
      name: 'entry-default'
    }
  ]
}
[2026-09-19T20:05:57.913] [DEBUG] debug-file - entry : default@MakePackInfo cost memory 0.1985015869140625
[2026-09-19T20:05:57.913] [DEBUG] debug-file - runTaskFromQueue task cost before running: 239 ms 
[2026-09-19T20:05:57.913] [INFO] debug-file - Finished :entry:default@MakePackInfo... after 4 ms 
[2026-09-19T20:05:57.914] [DEBUG] debug-file - Executing task :entry:default@SyscapTransform
[2026-09-19T20:05:57.914] [DEBUG] debug-file - File: 'E:\new-chat\entry\src\main\syscap.json' from 'sysCapJsonPath' is not exists, just ignore.
[2026-09-19T20:05:57.914] [DEBUG] debug-file - Task 'entry:default@SyscapTransform' cost while wrapping incremental declarations: 1 ms 
[2026-09-19T20:05:57.915] [DEBUG] debug-file - entry:default@SyscapTransform is not up-to-date, since the output file 'E:\new-chat\entry\build\default\intermediates\syscap\default\rpcid.sc' does not exist.
[2026-09-19T20:05:57.915] [DEBUG] debug-file - Incremental task entry:default@SyscapTransform pre-execution cost: 1 ms .
[2026-09-19T20:05:57.915] [DEBUG] debug-file - entry : default@SyscapTransform cost memory 0.1412353515625
[2026-09-19T20:05:57.915] [DEBUG] debug-file - runTaskFromQueue task cost before running: 241 ms 
[2026-09-19T20:05:57.915] [INFO] debug-file - Finished :entry:default@SyscapTransform... after 2 ms 
[2026-09-19T20:05:57.916] [DEBUG] debug-file - Executing task :entry:default@ProcessProfile
[2026-09-19T20:05:57.917] [DEBUG] debug-file - Task 'entry:default@ProcessProfile' cost while wrapping incremental declarations: 1 ms 
[2026-09-19T20:05:57.917] [DEBUG] debug-file - entry:default@ProcessProfile is not up-to-date, since the input file 'E:\new-chat\entry\build\default\intermediates\merge_profile\default\module.json' has been changed.
[2026-09-19T20:05:57.917] [DEBUG] debug-file - Incremental task entry:default@ProcessProfile pre-execution cost: 1 ms .
[2026-09-19T20:05:57.917] [DEBUG] debug-file - [
  'D:\\DevEco Studio\\tools\\node\\node.exe',
  'D:\\DevEco Studio\\sdk\\default\\openharmony\\ets\\build-tools\\ets-loader\\bin\\ark\\ts2abc.js',
  '--target-api-version',
  '12',
  '--target-api-sub-version',
  'beta1'
]
[2026-09-19T20:05:57.992] [DEBUG] debug-file - 12.0.2.0
[2026-09-19T20:05:57.994] [DEBUG] debug-file - No need to add fake ui ability because of not in preview process.
[2026-09-19T20:05:57.995] [DEBUG] debug-file - entry : default@ProcessProfile cost memory 0.39350128173828125
[2026-09-19T20:05:57.995] [DEBUG] debug-file - runTaskFromQueue task cost before running: 321 ms 
[2026-09-19T20:05:57.995] [INFO] debug-file - Finished :entry:default@ProcessProfile... after 80 ms 
[2026-09-19T20:05:57.996] [DEBUG] debug-file - Executing task :entry:default@ProcessRouterMap
[2026-09-19T20:05:57.997] [DEBUG] debug-file - entry:default@ProcessRouterMap is not up-to-date, since the output file 'E:\new-chat\entry\build\default\intermediates\router_map\default\temp-router-map.json' does not exist.
[2026-09-19T20:05:57.997] [DEBUG] debug-file - Incremental task entry:default@ProcessRouterMap pre-execution cost: 1 ms .
[2026-09-19T20:05:57.999] [DEBUG] debug-file - entry : default@ProcessRouterMap cost memory 0.12398529052734375
[2026-09-19T20:05:57.999] [DEBUG] debug-file - runTaskFromQueue task cost before running: 325 ms 
[2026-09-19T20:05:58.000] [INFO] debug-file - Finished :entry:default@ProcessRouterMap... after 3 ms 
[2026-09-19T20:05:58.002] [DEBUG] debug-file - Executing task :entry:default@ProcessShareConfig
[2026-09-19T20:05:58.003] [DEBUG] debug-file - entry:default@ProcessShareConfig is not up-to-date, since the output file 'E:\new-chat\entry\build\default\intermediates\share_config\default\temp-share-config.json' does not exist.
[2026-09-19T20:05:58.003] [DEBUG] debug-file - Incremental task entry:default@ProcessShareConfig pre-execution cost: 1 ms .
[2026-09-19T20:05:58.004] [DEBUG] debug-file - entry : default@ProcessShareConfig cost memory 0.109954833984375
[2026-09-19T20:05:58.005] [DEBUG] debug-file - runTaskFromQueue task cost before running: 331 ms 
[2026-09-19T20:05:58.005] [INFO] debug-file - Finished :entry:default@ProcessShareConfig... after 3 ms 
[2026-09-19T20:05:58.007] [DEBUG] debug-file - Executing task :entry:default@ProcessStartupConfig
[2026-09-19T20:05:58.007] [DEBUG] debug-file - Task 'entry:default@ProcessStartupConfig' cost while wrapping incremental declarations: 1 ms 
[2026-09-19T20:05:58.007] [DEBUG] debug-file - entry:default@ProcessStartupConfig is not up-to-date, since the output file 'E:\new-chat\entry\build\default\intermediates\startup\default\startup_config.json' does not exist.
[2026-09-19T20:05:58.007] [DEBUG] debug-file - Incremental task entry:default@ProcessStartupConfig pre-execution cost: 1 ms .
[2026-09-19T20:05:58.008] [DEBUG] debug-file - entry : default@ProcessStartupConfig cost memory 0.096160888671875
[2026-09-19T20:05:58.008] [DEBUG] debug-file - runTaskFromQueue task cost before running: 334 ms 
[2026-09-19T20:05:58.008] [INFO] debug-file - Finished :entry:default@ProcessStartupConfig... after 2 ms 
[2026-09-19T20:05:58.009] [DEBUG] debug-file - Executing task :entry:default@BuildNativeWithNinja
[2026-09-19T20:05:58.011] [DEBUG] debug-file - entry : default@BuildNativeWithNinja cost memory 0.0322723388671875
[2026-09-19T20:05:58.011] [DEBUG] debug-file - runTaskFromQueue task cost before running: 337 ms 
[2026-09-19T20:05:58.012] [INFO] debug-file - Finished :entry:default@BuildNativeWithNinja... after 2 ms 
[2026-09-19T20:05:58.015] [DEBUG] debug-file - restool module names: entry; moduleName=entry, taskName=default@ProcessResource
[2026-09-19T20:05:58.016] [DEBUG] debug-file - Executing task :entry:default@ProcessResource
[2026-09-19T20:05:58.017] [DEBUG] debug-file - Task 'entry:default@ProcessResource' cost while wrapping incremental declarations: 1 ms 
[2026-09-19T20:05:58.017] [DEBUG] debug-file - entry:default@ProcessResource is not up-to-date, since the output file 'E:\new-chat\entry\build\default\intermediates\res\default\resConfig.json' does not exist.
[2026-09-19T20:05:58.017] [DEBUG] debug-file - Incremental task entry:default@ProcessResource pre-execution cost: 1 ms .
[2026-09-19T20:05:58.019] [DEBUG] debug-file - entry : default@ProcessResource cost memory 0.133026123046875
[2026-09-19T20:05:58.020] [DEBUG] debug-file - runTaskFromQueue task cost before running: 346 ms 
[2026-09-19T20:05:58.021] [INFO] debug-file - Finished :entry:default@ProcessResource... after 4 ms 
[2026-09-19T20:05:58.022] [DEBUG] debug-file - Executing task :entry:default@GenerateLoaderJson
[2026-09-19T20:05:58.022] [DEBUG] debug-file - Task 'entry:default@GenerateLoaderJson' cost while wrapping incremental declarations: 1 ms 
[2026-09-19T20:05:58.026] [DEBUG] debug-file - entry:default@GenerateLoaderJson is not up-to-date, since the input file 'E:\new-chat\entry\build\default\intermediates\router_map\default\temp-router-map.json' has been changed.
[2026-09-19T20:05:58.026] [DEBUG] debug-file - Incremental task entry:default@GenerateLoaderJson pre-execution cost: 2 ms .
[2026-09-19T20:05:58.028] [DEBUG] debug-file - entry : default@GenerateLoaderJson cost memory 0.466064453125
[2026-09-19T20:05:58.029] [DEBUG] debug-file - runTaskFromQueue task cost before running: 355 ms 
[2026-09-19T20:05:58.031] [INFO] debug-file - Finished :entry:default@GenerateLoaderJson... after 7 ms 
[2026-09-19T20:05:58.032] [DEBUG] debug-file - Executing task :entry:default@ProcessLibs
[2026-09-19T20:05:58.034] [DEBUG] debug-file - entry:default@ProcessLibs is not up-to-date, since the output file 'E:\new-chat\entry\build\default\intermediates\libs\default' does not exist.
[2026-09-19T20:05:58.034] [DEBUG] debug-file - Incremental task entry:default@ProcessLibs pre-execution cost: 1 ms .
[2026-09-19T20:05:58.036] [DEBUG] debug-file - Worker dispatch failed, running processLibs on main thread.
[2026-09-19T20:05:58.037] [DEBUG] debug-file - entry : default@ProcessLibs cost memory 0.2891387939453125
[2026-09-19T20:05:58.037] [DEBUG] debug-file - runTaskFromQueue task cost before running: 363 ms 
[2026-09-19T20:05:58.038] [INFO] debug-file - Finished :entry:default@ProcessLibs... after 5 ms 
[2026-09-19T20:05:58.039] [DEBUG] debug-file - restool module names: entry; moduleName=entry, taskName=default@CompileResource
[2026-09-19T20:05:58.040] [DEBUG] debug-file - Executing task :entry:default@CompileResource
[2026-09-19T20:05:58.042] [DEBUG] debug-file - entry:default@CompileResource is not up-to-date, since the input file 'E:\new-chat\entry\build\default\intermediates\process_profile\default\module.json' has been changed.
[2026-09-19T20:05:58.042] [DEBUG] debug-file - Incremental task entry:default@CompileResource pre-execution cost: 2 ms .
[2026-09-19T20:05:58.043] [DEBUG] debug-file - Use tool [D:\DevEco Studio\sdk\default\openharmony\toolchains\restool.exe]
 [
  'D:\\DevEco Studio\\sdk\\default\\openharmony\\toolchains\\restool.exe',
  '-l',
  'E:\\new-chat\\entry\\build\\default\\intermediates\\res\\default\\resConfig.json'
]
[2026-09-19T20:05:58.043] [DEBUG] debug-file - current process  memoryUsage: {
  rss: 146694144,
  heapTotal: 163303424,
  heapUsed: 122918128,
  external: 3154241,
  arrayBuffers: 201417
} os memoryUsage :10.250347137451172
[2026-09-19T20:05:58.074] [DEBUG] debug-file - Info: Pack: normal pack mode

[2026-09-19T20:05:58.120] [DEBUG] debug-file - Info: hardware concurrency count is : 16
Info: thread count is : 16

[2026-09-19T20:05:58.120] [DEBUG] debug-file - Info: thread pool is started

[2026-09-19T20:05:58.121] [DEBUG] debug-file - Info: GenericCompiler::CompileFiles

[2026-09-19T20:05:58.122] [DEBUG] debug-file - Info: GenericCompiler::CompileFiles

[2026-09-19T20:05:58.126] [DEBUG] debug-file - 09-19 20:05:58.126 28108 31284 E C01400/ImageTranscoderUtils: DecodeToRGBA IN
09-19 20:05:58.126 28108 31284 E C01400/ImageTranscoderUtils: ImageFilter IN E:\new-chat\entry\src\main\resources\base\media\app_icon.svg

[2026-09-19T20:05:58.126] [DEBUG] debug-file - 09-19 20:05:58.127 28108 31284 E C01400/ImageTranscoder: TranscodeSLR DecodeToRGBA failed
Warning: ScaleImage failed, error message: IMAGE_ERROR, file path = E:\new-chat\entry\src\main\resources\base\media\app_icon.svg

[2026-09-19T20:05:58.126] [DEBUG] debug-file - Warning: E:\new-chat\entry\src\main\resources\base\media\app_icon.svg is not png format
Warning: E:\new-chat\entry\src\main\resources\base\media\app_icon.svg is not png format

[2026-09-19T20:05:58.127] [DEBUG] debug-file - Info: restool resources compile success.

[2026-09-19T20:05:58.127] [DEBUG] debug-file - Info: thread pool is stopped

[2026-09-19T20:05:58.188] [DEBUG] debug-file - entry : default@CompileResource cost memory 0.5662002563476562
[2026-09-19T20:05:58.189] [DEBUG] debug-file - runTaskFromQueue task cost before running: 515 ms 
[2026-09-19T20:05:58.189] [INFO] debug-file - Finished :entry:default@CompileResource... after 149 ms 
[2026-09-19T20:05:58.190] [DEBUG] debug-file - Executing task :entry:default@DoNativeStrip
[2026-09-19T20:05:58.190] [DEBUG] debug-file - Task 'entry:default@DoNativeStrip' cost while wrapping incremental declarations: 1 ms 
[2026-09-19T20:05:58.190] [DEBUG] debug-file - entry:default@DoNativeStrip is not up-to-date, since the output file 'E:\new-chat\entry\build\default\intermediates\stripped_native_libs\default' does not exist.
[2026-09-19T20:05:58.191] [DEBUG] debug-file - Incremental task entry:default@DoNativeStrip pre-execution cost: 1 ms .
[2026-09-19T20:05:58.192] [DEBUG] debug-file - entry : default@DoNativeStrip cost memory 0.09307098388671875
[2026-09-19T20:05:58.192] [DEBUG] debug-file - runTaskFromQueue task cost before running: 518 ms 
[2026-09-19T20:05:58.192] [INFO] debug-file - Finished :entry:default@DoNativeStrip... after 2 ms 
[2026-09-19T20:05:58.193] [DEBUG] debug-file - Executing task :entry:default@CompileArkTS
[2026-09-19T20:05:58.194] [DEBUG] debug-file - obfuscationOptions: undefined
[2026-09-19T20:05:58.194] [DEBUG] debug-file - Task 'entry:default@CompileArkTS' cost while wrapping incremental declarations: 1 ms 
[2026-09-19T20:05:58.199] [DEBUG] debug-file - build config:
[2026-09-19T20:05:58.199] [DEBUG] debug-file - {
  moduleType: 'entry',
  perf: 0,
  targetName: '.default',
  packageManagerType: 'ohpm',
  localPropertiesPath: 'E:\\new-chat\\local.properties',
  isPreview: false,
  isOhosTest: false,
  isLocalTest: false,
  buildMode: 'Debug',
  hotReloadBuild: undefined,
  watchMode: 'false',
  aceProfilePath: 'E:\\new-chat\\entry\\build\\default\\intermediates\\res\\default\\resources\\base\\profile',
  etsLoaderPath: 'D:\\DevEco Studio\\sdk\\default\\openharmony\\ets\\build-tools\\ets-loader',
  modulePath: 'E:\\new-chat\\entry',
  testFrameworkPar: {
    testMode: undefined,
    coveragePathFilter: undefined,
    coverageMode: undefined
  },
  needCoverageInsert: false,
  debugLine: false,
  projectTopDir: 'E:\\new-chat',
  compileSdkVersion: 21,
  compatibleSdkVersion: 12,
  originCompatibleSdkVersion: '5.0.0(12)',
  compatibleSdkVersionStage: 'beta1',
  bundleName: 'c***u',
  etsLoaderVersion: '6.0.1.112',
  etsLoaderReleaseType: 'Release',
  aotCompileMode: 'type',
  apPath: 'E:\\new-chat\\entry\\modules.ap',
  entryModuleName: 'entry',
  entryModuleVersion: '1.0.0',
  entryPackageName: 'entry',
  allModuleNameHash: '5f6cff6a45031f958388948153fa1a61639a5749ee168dac9c2a7121553a9561',
  externalApiPaths: [ 'D:\\DevEco Studio\\sdk\\default\\hms\\ets' ],
  compilerTypes: [],
  isCrossplatform: false,
  hvigorPluginFile: undefined,
  compilePluginPath: undefined,
  buildGeneratedProfilePath: 'E:\\new-chat\\entry\\build\\default\\generated\\profile\\default',
  bundleType: 'app',
  arkTSVersion: undefined,
  apiVersion: 21,
  needCompleteSourcesMap: false,
  isFaMode: false,
  buildDir: 'E:\\new-chat\\entry\\build',
  deviceTypes: [ 'phone', 'tablet' ],
  pkgContextInfo: undefined,
  ohPackagePathMap: {},
  dependencyAliasMap: {},
  permission: { requestPermissions: [ [Object] ], definePermissions: undefined },
  integratedHsp: false,
  projectArkOption: undefined,
  sourceMapDir: undefined,
  branchElimination: false,
  transformLib: undefined,
  tsImportSendable: false,
  resolveConflictMode: true,
  depName2RootPath: {},
  depName2DepInfo: {},
  rootPathSet: [ 'E:\\new-chat' ],
  useNativeResolver: true,
  shouldEmitJs: true,
  useTscResolve: false,
  singleFileEmit: false,
  userProjectConfig: {
    autoLazyImport: false,
    allowEmptyBundleName: false,
    reExportCheckMode: 'noCheck',
    executionMode: 'memory',
    usePathPlaceholder: false,
    writeRollupCache: true,
    isExpandImportEnabled: false,
    expandImportExclude: '',
    lazyImportExclude: '',
    lazyImportInclude: '',
    ignoreCrossplatformCheck: false,
    isHarDeduplicateEnabled: false,
    enableStrictCheckOHModule: false,
    useDeclarationFileSignature: false,
    isPreloadSoEnabled: false
  },
  skipOhModulesLint: false,
  executionMode: 'memory',
  arkCompileCachePath: 'E:\\new-chat\\entry\\build\\default\\cache\\default\\default@CompileArkTS\\esmodule',
  autoLazyFilter: undefined,
  isHarDeduplicateEnabled: false,
  intermediateHarDuplicateDirPath: 'E:\\new-chat\\entry\\build\\default\\intermediates\\har_duplicate\\default',
  autoLazyImport: false,
  allowEmptyBundleName: false,
  reExportCheckMode: 'noCheck',
  usePathPlaceholder: false,
  writeRollupCache: true,
  isExpandImportEnabled: false,
  expandImportExclude: '',
  lazyImportExclude: '',
  lazyImportInclude: '',
  ignoreCrossplatformCheck: false,
  enableStrictCheckOHModule: false,
  useDeclarationFileSignature: false,
  isPreloadSoEnabled: false,
  strictMode: undefined,
  useNormalizedOHMUrl: false,
  caseSensitiveCheck: false,
  aceModuleJsonPath: 'E:\\new-chat\\entry\\build\\default\\intermediates\\res\\default\\ark_module.json',
  appResource: 'E:\\new-chat\\entry\\build\\default\\intermediates\\res\\default\\ResourceTable.txt',
  rawFileResource: 'E:\\new-chat\\entry\\build\\default\\intermediates\\res\\default\\resources\\rawfile',
  resourceTableHash: '636a8a9b1f47b61f28643381b6e736857a6ee092b0782afe3df3f2969eb6659a',
  runtimeOS: 'HarmonyOS',
  sdkInfo: 'false:21:6.0.1.112:Release',
  aceModuleRoot: 'E:\\new-chat\\entry\\src\\main\\ets',
  compileMode: 'esmodule',
  aceSuperVisualPath: 'E:\\new-chat\\entry\\src\\main\\supervisual',
  aceBuildJson: 'E:\\new-chat\\entry\\build\\default\\intermediates\\loader\\default\\loader.json',
  cachePath: 'E:\\new-chat\\entry\\build\\default\\cache\\default\\default@CompileArkTS\\esmodule\\debug',
  aceModuleBuild: 'E:\\new-chat\\entry\\build\\default\\intermediates\\loader_out\\default\\ets',
  supportChunks: true,
  declaredFilesPath: undefined,
  shouldCollectDirectImportees: false,
  isByteCodeHarOptimize: false,
  expandImportPath: undefined,
  pkgNameToPkgBriefInfo: {
    entry: {
      pkgRoot: 'E:\\new-chat\\entry',
      originalSourceRoots: undefined,
      sourceRoots: [Array],
      pkgName: 'entry'
    }
  },
  projectModel: {
    'E:\\new-chat\\entry\\src\\main': {
      moduleName: 'entry',
      modulePkgPath: 'E:\\new-chat\\entry',
      belongProjectPath: 'E:\\new-chat'
    },
    'E:\\new-chat\\entry': {
      moduleName: 'entry',
      modulePkgPath: 'E:\\new-chat\\entry',
      belongProjectPath: 'E:\\new-chat'
    },
    'E:\\new-chat': {
      moduleName: 'new-chat',
      modulePkgPath: 'E:\\new-chat',
      belongProjectPath: 'E:\\new-chat'
    }
  },
  pkgJsonFileHash: 'b4b74d97ab6a3456193a040d87f4a6d26a7a865e3ae2f70750f1752a6647ebd8',
  allModulePaths: [ 'E:\\new-chat\\entry' ],
  routerMap: {},
  obfuscationOptions: undefined,
  byteCodeHarToDependencyKeys: undefined,
  compileBlockPkg: [],
  mockParams: {
    decorator: '@MockSetup',
    packageName: '@ohos/hamock',
    etsSourceRootPath: 'src/main/ets',
    mockConfigPath: undefined,
    mockConfigKey2ModuleInfo: {},
    source2ModuleIdMap: {}
  },
  copyCodeResourceEnable: true,
  copyCodeResourceExcludes: [],
  copyCodeResourceIncludes: undefined,
  uiTransformOptimization: false,
  sdkPath: 'D:/DevEco Studio/sdk',
  needPreloadSoFileSet: {},
  preloadSoFilePath: 'E:\\new-chat\\entry\\build\\default\\intermediates\\preload\\default\\preload.json',
  useSourceHash: false,
  localModuleParamMap: {},
  otherPaths: {
    'entry/*': [
      '..\\*',
      '..\\..\\..\\build\\default\\generated\\profile\\default\\*'
    ]
  },
  collectImportersConfig: undefined
}
[2026-09-19T20:05:58.199] [DEBUG] debug-file - Compile arkts with external api path: D:\DevEco Studio\sdk\default\hms\ets
[2026-09-19T20:05:58.200] [DEBUG] debug-file - default@CompileArkTS work[13] is submitted.
[2026-09-19T20:05:58.200] [DEBUG] debug-file - default@CompileArkTS work[13] is pushed to ready queue.
[2026-09-19T20:05:58.200] [DEBUG] debug-file - A work dispatched to worker[15] failed because unable to get work from ready queue.
[2026-09-19T20:05:58.200] [DEBUG] debug-file - A work dispatched to worker[14] failed because unable to get work from ready queue.
[2026-09-19T20:05:58.200] [DEBUG] debug-file - A work dispatched to worker[13] failed because unable to get work from ready queue.
[2026-09-19T20:05:58.200] [DEBUG] debug-file - A work dispatched to worker[12] failed because unable to get work from ready queue.
[2026-09-19T20:05:58.200] [DEBUG] debug-file - A work dispatched to worker[11] failed because unable to get work from ready queue.
[2026-09-19T20:05:58.200] [DEBUG] debug-file - A work dispatched to worker[10] failed because unable to get work from ready queue.
[2026-09-19T20:05:58.200] [DEBUG] debug-file - A work dispatched to worker[9] failed because unable to get work from ready queue.
[2026-09-19T20:05:58.200] [DEBUG] debug-file - A work dispatched to worker[8] failed because unable to get work from ready queue.
[2026-09-19T20:05:58.200] [DEBUG] debug-file - A work dispatched to worker[7] failed because unable to get work from ready queue.
[2026-09-19T20:05:58.200] [DEBUG] debug-file - A work dispatched to worker[6] failed because unable to get work from ready queue.
[2026-09-19T20:05:58.200] [DEBUG] debug-file - A work dispatched to worker[5] failed because unable to get work from ready queue.
[2026-09-19T20:05:58.200] [DEBUG] debug-file - Create  resident worker with id: 4.
[2026-09-19T20:05:58.201] [DEBUG] debug-file - default@CompileArkTS work[13] has been dispatched to worker[4].
[2026-09-19T20:05:58.201] [DEBUG] debug-file - default@CompileArkTS work[13] is dispatched.
[2026-09-19T20:05:58.201] [DEBUG] debug-file - CopyResources startTime: 751392204585700
[2026-09-19T20:05:58.201] [DEBUG] debug-file - default@CompileArkTS work[14] is submitted.
[2026-09-19T20:05:58.201] [DEBUG] debug-file - default@CompileArkTS work[14] is pushed to ready queue.
[2026-09-19T20:05:58.201] [DEBUG] debug-file - A work dispatched to worker[15] failed because unable to get work from ready queue.
[2026-09-19T20:05:58.201] [DEBUG] debug-file - Create  resident worker with id: 14.
[2026-09-19T20:05:58.202] [DEBUG] debug-file - default@CompileArkTS work[14] has been dispatched to worker[14].
[2026-09-19T20:05:58.202] [DEBUG] debug-file - default@CompileArkTS work[14] is dispatched.
[2026-09-19T20:05:58.205] [DEBUG] debug-file - default@CompileArkTS work[15] is submitted.
[2026-09-19T20:05:58.205] [DEBUG] debug-file - default@CompileArkTS work[15] is pushed to ready queue.
[2026-09-19T20:05:58.205] [DEBUG] debug-file - A work dispatched to worker[15] failed because unable to get work from ready queue.
[2026-09-19T20:05:58.205] [DEBUG] debug-file - A work dispatched to worker[14] failed because of worker busy.
[2026-09-19T20:05:58.205] [DEBUG] debug-file - A work dispatched to worker[13] failed because unable to get work from ready queue.
[2026-09-19T20:05:58.205] [DEBUG] debug-file - A work dispatched to worker[12] failed because unable to get work from ready queue.
[2026-09-19T20:05:58.205] [DEBUG] debug-file - A work dispatched to worker[11] failed because unable to get work from ready queue.
[2026-09-19T20:05:58.205] [DEBUG] debug-file - A work dispatched to worker[10] failed because unable to get work from ready queue.
[2026-09-19T20:05:58.205] [DEBUG] debug-file - A work dispatched to worker[9] failed because unable to get work from ready queue.
[2026-09-19T20:05:58.205] [DEBUG] debug-file - A work dispatched to worker[8] failed because unable to get work from ready queue.
[2026-09-19T20:05:58.205] [DEBUG] debug-file - A work dispatched to worker[7] failed because unable to get work from ready queue.
[2026-09-19T20:05:58.205] [DEBUG] debug-file - A work dispatched to worker[6] failed because unable to get work from ready queue.
[2026-09-19T20:05:58.205] [DEBUG] debug-file - A work dispatched to worker[5] failed because unable to get work from ready queue.
[2026-09-19T20:05:58.205] [DEBUG] debug-file - A work dispatched to worker[4] failed because of worker busy.
[2026-09-19T20:05:58.205] [DEBUG] debug-file - Create  resident worker with id: 3.
[2026-09-19T20:05:58.206] [DEBUG] debug-file - default@CompileArkTS work[15] has been dispatched to worker[3].
[2026-09-19T20:05:58.206] [DEBUG] debug-file - default@CompileArkTS work[15] is dispatched.
[2026-09-19T20:05:58.206] [DEBUG] debug-file - entry : default@CompileArkTS cost memory 1.7729110717773438
[2026-09-19T20:05:58.207] [DEBUG] debug-file - Executing task :entry:default@BuildJS
[2026-09-19T20:05:58.207] [DEBUG] debug-file - Task 'entry:default@BuildJS' cost while wrapping incremental declarations: 1 ms 
[2026-09-19T20:05:58.208] [DEBUG] debug-file - entry : default@BuildJS cost memory 0.1313018798828125
[2026-09-19T20:05:58.208] [DEBUG] debug-file - runTaskFromQueue task cost before running: 534 ms 
[2026-09-19T20:05:58.208] [INFO] debug-file - Finished :entry:default@BuildJS... after 2 ms 
[2026-09-19T20:05:58.209] [DEBUG] debug-file - Executing task :entry:default@CacheNativeLibs
[2026-09-19T20:05:58.209] [DEBUG] debug-file - Task 'entry:default@CacheNativeLibs' cost while wrapping incremental declarations: 1 ms 
[2026-09-19T20:05:58.209] [DEBUG] debug-file - entry:default@CacheNativeLibs is not up-to-date, since the output file 'E:\new-chat\entry\build\default\intermediates\patch\default\base_native_libs.json' does not exist.
[2026-09-19T20:05:58.209] [DEBUG] debug-file - Incremental task entry:default@CacheNativeLibs pre-execution cost: 1 ms .
[2026-09-19T20:05:58.210] [DEBUG] debug-file - default@CacheNativeLibs work[16] is submitted.
[2026-09-19T20:05:58.210] [DEBUG] debug-file - default@CacheNativeLibs work[16] is pushed to ready queue.
[2026-09-19T20:05:58.210] [DEBUG] debug-file - A work dispatched to worker[15] failed because unable to get work from ready queue.
[2026-09-19T20:05:58.210] [DEBUG] debug-file - A work dispatched to worker[14] failed because of worker busy.
[2026-09-19T20:05:58.210] [DEBUG] debug-file - Create  resident worker with id: 13.
[2026-09-19T20:05:58.211] [DEBUG] debug-file - default@CacheNativeLibs work[16] has been dispatched to worker[13].
[2026-09-19T20:05:58.211] [DEBUG] debug-file - default@CacheNativeLibs work[16] is dispatched.
[2026-09-19T20:05:58.211] [DEBUG] debug-file - entry : default@CacheNativeLibs cost memory 0.2165374755859375
[2026-09-19T20:05:59.027] [DEBUG] debug-file - worker[14] has one work done.
[2026-09-19T20:05:59.027] [DEBUG] debug-file - CopyResources is end, endTime: 751393030642800
[2026-09-19T20:05:59.028] [DEBUG] debug-file - default@CompileArkTS work[14] done.
[2026-09-19T20:05:59.028] [DEBUG] debug-file - A work dispatched to worker[14] failed because unable to get work from ready queue.
[2026-09-19T20:05:59.047] [DEBUG] debug-file - worker[13] has one work done.
[2026-09-19T20:05:59.047] [DEBUG] debug-file - default@CacheNativeLibs work[16] done.
[2026-09-19T20:05:59.047] [DEBUG] debug-file - A work dispatched to worker[13] failed because unable to get work from ready queue.
[2026-09-19T20:05:59.048] [INFO] debug-file - Finished :entry:default@CacheNativeLibs... after 8 ms 
[2026-09-19T20:06:03.716] [DEBUG] debug-file - worker[3] has one work done.
[2026-09-19T20:06:03.716] [DEBUG] debug-file - Ark compile task finished.finished time is 751397719132800
[2026-09-19T20:06:03.717] [DEBUG] debug-file - default@CompileArkTS work[15] done.
[2026-09-19T20:06:03.718] [DEBUG] debug-file - A work dispatched to worker[3] failed because unable to get work from ready queue.
[2026-09-19T20:06:04.415] [DEBUG] debug-file - worker[4] has one work done.
[2026-09-19T20:06:04.416] [DEBUG] debug-file - Ark compile task finished.finished time is 751398418596100
[2026-09-19T20:06:04.417] [DEBUG] debug-file - default@CompileArkTS work[13] done.
[2026-09-19T20:06:04.417] [DEBUG] debug-file - A work dispatched to worker[4] failed because unable to get work from ready queue.
[2026-09-19T20:06:04.418] [INFO] debug-file - Finished :entry:default@CompileArkTS... after 4 s 469 ms 
[2026-09-19T20:06:04.419] [DEBUG] debug-file - Executing task :entry:default@GeneratePkgModuleJson
[2026-09-19T20:06:04.419] [DEBUG] debug-file - File: 'E:\new-chat\entry\build\default\intermediates\preload\default\preload.json' from 'preloadSoJsonPath' is not exists, just ignore.
[2026-09-19T20:06:04.420] [DEBUG] debug-file - Error occurs while handling @Input 'shouldDeduplicateHar': The "data" argument must be of type string or an instance of Buffer, TypedArray, or DataView. Received undefined
[2026-09-19T20:06:04.420] [DEBUG] debug-file - Task 'entry:default@GeneratePkgModuleJson' cost while wrapping incremental declarations: 2 ms 
[2026-09-19T20:06:04.421] [DEBUG] debug-file - entry:default@GeneratePkgModuleJson is not up-to-date, since the input file 'E:\new-chat\entry\build\default\intermediates\res\default\module.json' has been changed.
[2026-09-19T20:06:04.421] [DEBUG] debug-file - Incremental task entry:default@GeneratePkgModuleJson pre-execution cost: 1 ms .
[2026-09-19T20:06:04.422] [DEBUG] debug-file - entry : default@GeneratePkgModuleJson cost memory 0.23172760009765625
[2026-09-19T20:06:04.422] [DEBUG] debug-file - runTaskFromQueue task cost before running: 6 s 749 ms 
[2026-09-19T20:06:04.423] [INFO] debug-file - Finished :entry:default@GeneratePkgModuleJson... after 4 ms 
[2026-09-19T20:06:04.423] [DEBUG] debug-file - Executing task :entry:default@ProcessCompiledResources
[2026-09-19T20:06:04.423] [DEBUG] debug-file - File: 'E:\new-chat\entry\build\default\intermediates\preload\default\preload.json' from 'preloadSoJsonPath' is not exists, just ignore.
[2026-09-19T20:06:04.423] [DEBUG] debug-file - Task 'entry:default@ProcessCompiledResources' cost while wrapping incremental declarations: 1 ms 
[2026-09-19T20:06:04.424] [DEBUG] debug-file - entry : default@ProcessCompiledResources cost memory 0.05959320068359375
[2026-09-19T20:06:04.424] [DEBUG] debug-file - runTaskFromQueue task cost before running: 6 s 750 ms 
[2026-09-19T20:06:04.424] [INFO] debug-file - Finished :entry:default@ProcessCompiledResources... after 1 ms 
[2026-09-19T20:06:04.425] [DEBUG] debug-file - Executing task :entry:default@PackageHap
[2026-09-19T20:06:04.427] [DEBUG] debug-file - entry:default@PackageHap is not up-to-date, since the input file 'E:\new-chat\entry\build\default\intermediates\res\default\module.json' has been changed.
[2026-09-19T20:06:04.427] [DEBUG] debug-file - Incremental task entry:default@PackageHap pre-execution cost: 2 ms .
[2026-09-19T20:06:04.428] [DEBUG] debug-file - Use tool [D:\DevEco Studio\sdk\default\openharmony\toolchains\lib\app_packing_tool.jar]
 [
  'java',
  '-Dfile.encoding=GBK',
  '-jar',
  'D:\\DevEco Studio\\sdk\\default\\openharmony\\toolchains\\lib\\app_packing_tool.jar',
  '--mode',
  'hap',
  '--force',
  'true',
  '--lib-path',
  'E:\\new-chat\\entry\\build\\default\\intermediates\\stripped_native_libs\\default',
  '--json-path',
  'E:\\new-chat\\entry\\build\\default\\intermediates\\package\\default\\module.json',
  '--resources-path',
  'E:\\new-chat\\entry\\build\\default\\intermediates\\res\\default\\resources',
  '--index-path',
  'E:\\new-chat\\entry\\build\\default\\intermediates\\res\\default\\resources.index',
  '--pack-info-path',
  'E:\\new-chat\\entry\\build\\default\\outputs\\default\\pack.info',
  '--out-path',
  'E:\\new-chat\\entry\\build\\default\\outputs\\default\\entry-default-unsigned.hap',
  '--ets-path',
  'E:\\new-chat\\entry\\build\\default\\intermediates\\loader_out\\default\\ets'
]
[2026-09-19T20:06:04.545] [DEBUG] debug-file - java daemon socket received message:{"code":0,"message":"pack success"}
[2026-09-19T20:06:04.547] [DEBUG] debug-file - entry : default@PackageHap cost memory 0.5479812622070312
[2026-09-19T20:06:04.547] [DEBUG] debug-file - runTaskFromQueue task cost before running: 6 s 874 ms 
[2026-09-19T20:06:04.548] [INFO] debug-file - Finished :entry:default@PackageHap... after 122 ms 
[2026-09-19T20:06:04.549] [DEBUG] debug-file - Executing task :entry:default@PackingCheck
[2026-09-19T20:06:04.552] [DEBUG] debug-file - entry : default@PackingCheck cost memory 0.30028533935546875
[2026-09-19T20:06:04.552] [DEBUG] debug-file - runTaskFromQueue task cost before running: 6 s 878 ms 
[2026-09-19T20:06:04.552] [INFO] debug-file - Finished :entry:default@PackingCheck... after 3 ms 
[2026-09-19T20:06:04.553] [DEBUG] debug-file - Executing task :entry:default@SignHap
[2026-09-19T20:06:04.554] [DEBUG] debug-file - entry:default@SignHap is not up-to-date, since the input file 'E:\new-chat\entry\build\default\outputs\default\entry-default-unsigned.hap' has been changed.
[2026-09-19T20:06:04.554] [DEBUG] debug-file - Incremental task entry:default@SignHap pre-execution cost: 1 ms .
[2026-09-19T20:06:04.567] [DEBUG] debug-file - java daemon socket close code:1000 reason:close by user
[2026-09-19T20:06:04.592] [DEBUG] debug-file - java daemon socket received message:{"code":0,"message":"verify profile success"}
[2026-09-19T20:06:04.601] [DEBUG] debug-file - java daemon socket close code:1000 reason:close by user
[2026-09-19T20:06:04.733] [DEBUG] debug-file - java daemon socket received message:{"code":0,"message":"sign app success"}
[2026-09-19T20:06:04.734] [DEBUG] debug-file - entry : default@SignHap cost memory -11.418350219726562
[2026-09-19T20:06:04.734] [DEBUG] debug-file - runTaskFromQueue task cost before running: 7 s 60 ms 
[2026-09-19T20:06:04.735] [INFO] debug-file - Finished :entry:default@SignHap... after 181 ms 
[2026-09-19T20:06:04.737] [DEBUG] debug-file - Executing task :entry:default@CollectDebugSymbol
[2026-09-19T20:06:04.738] [DEBUG] debug-file - entry : default@CollectDebugSymbol cost memory 0.07666015625
[2026-09-19T20:06:04.738] [DEBUG] debug-file - runTaskFromQueue task cost before running: 7 s 64 ms 
[2026-09-19T20:06:04.738] [INFO] debug-file - Finished :entry:default@CollectDebugSymbol... after 2 ms 
[2026-09-19T20:06:04.739] [DEBUG] debug-file - Executing task :entry:assembleHap
[2026-09-19T20:06:04.739] [DEBUG] debug-file - entry : assembleHap cost memory 0.0173187255859375
[2026-09-19T20:06:04.739] [DEBUG] debug-file - runTaskFromQueue task cost before running: 7 s 65 ms 
[2026-09-19T20:06:04.739] [INFO] debug-file - Finished :entry:assembleHap... after 1 ms 
[2026-09-19T20:06:04.747] [INFO] debug-file - BUILD SUCCESSFUL in 7 s 73 ms 
[2026-09-19T20:06:04.747] [DEBUG] debug-file - There is no need to refresh cache, since the incremental task entry:default@PreBuild is up-to-date.
[2026-09-19T20:06:04.747] [DEBUG] debug-file - Update task entry:default@CreateModuleInfo output file:E:\new-chat\entry\build\default\generated\profile\default\ModuleInfo.ts cache.
[2026-09-19T20:06:04.748] [DEBUG] debug-file - Incremental task entry:default@CreateModuleInfo post-execution cost:1 ms .
[2026-09-19T20:06:04.748] [DEBUG] debug-file - Update task entry:default@GenerateMetadata input file:E:\new-chat\entry\src\main\module.json5 cache by regenerate.
[2026-09-19T20:06:04.748] [DEBUG] debug-file - Update task entry:default@GenerateMetadata output file:E:\new-chat\entry\build\default\intermediates\hap_metadata\default\output_metadata.json cache.
[2026-09-19T20:06:04.748] [DEBUG] debug-file - Incremental task entry:default@GenerateMetadata post-execution cost:1 ms .
[2026-09-19T20:06:04.748] [DEBUG] debug-file - Update task entry:default@MergeProfile input file:E:\new-chat\AppScope\app.json5 cache by regenerate.
[2026-09-19T20:06:04.749] [DEBUG] debug-file - Update task entry:default@MergeProfile input file:E:\new-chat\build-profile.json5 cache by regenerate.
[2026-09-19T20:06:04.749] [DEBUG] debug-file - Update task entry:default@MergeProfile input file:E:\new-chat\entry\src\main\module.json5 cache by regenerate.
[2026-09-19T20:06:04.749] [DEBUG] debug-file - Update task entry:default@MergeProfile output file:E:\new-chat\entry\build\default\intermediates\merge_profile\default\module.json cache.
[2026-09-19T20:06:04.749] [DEBUG] debug-file - Incremental task entry:default@MergeProfile post-execution cost:1 ms .
[2026-09-19T20:06:04.749] [DEBUG] debug-file - Update task entry:default@CreateBuildProfile input file:E:\new-chat\AppScope\app.json5 cache by regenerate.
[2026-09-19T20:06:04.749] [DEBUG] debug-file - Update task entry:default@CreateBuildProfile input file:E:\new-chat\build-profile.json5 cache by regenerate.
[2026-09-19T20:06:04.749] [DEBUG] debug-file - Update task entry:default@CreateBuildProfile output file:E:\new-chat\entry\build\default\generated\profile\default\BuildProfile.ets cache.
[2026-09-19T20:06:04.750] [DEBUG] debug-file - Incremental task entry:default@CreateBuildProfile post-execution cost:1 ms .
[2026-09-19T20:06:04.750] [DEBUG] debug-file - Update task entry:default@GeneratePkgContextInfo output file:E:\new-chat\entry\build\default\intermediates\loader\default\pkgContextInfo.json cache.
[2026-09-19T20:06:04.750] [DEBUG] debug-file - Incremental task entry:default@GeneratePkgContextInfo post-execution cost:1 ms .
[2026-09-19T20:06:04.750] [DEBUG] debug-file - Update task entry:default@ProcessIntegratedHsp output file:E:\new-chat\build\cache\default\integrated_hsp\integratedHspCache.json cache.
[2026-09-19T20:06:04.750] [DEBUG] debug-file - Incremental task entry:default@ProcessIntegratedHsp post-execution cost:1 ms .
[2026-09-19T20:06:04.750] [DEBUG] debug-file - Update task entry:default@MakePackInfo input file:E:\new-chat\AppScope\app.json5 cache by regenerate.
[2026-09-19T20:06:04.750] [DEBUG] debug-file - Update task entry:default@MakePackInfo input file:E:\new-chat\entry\src\main\module.json5 cache by regenerate.
[2026-09-19T20:06:04.750] [DEBUG] debug-file - Update task entry:default@MakePackInfo input file:E:\new-chat\build-profile.json5 cache by regenerate.
[2026-09-19T20:06:04.750] [DEBUG] debug-file - Update task entry:default@MakePackInfo input file:E:\new-chat\entry\src\main\resources\base\profile\form_config.json cache by regenerate.
[2026-09-19T20:06:04.750] [DEBUG] debug-file - Update task entry:default@MakePackInfo output file:E:\new-chat\entry\build\default\outputs\default\pack.info cache.
[2026-09-19T20:06:04.751] [DEBUG] debug-file - Incremental task entry:default@MakePackInfo post-execution cost:1 ms .
[2026-09-19T20:06:04.751] [DEBUG] debug-file - Update task entry:default@SyscapTransform input file:D:\DevEco Studio\sdk\default\openharmony\toolchains\syscap_tool.exe cache by regenerate.
[2026-09-19T20:06:04.751] [DEBUG] debug-file - Update task entry:default@SyscapTransform input file:D:\DevEco Studio\sdk\default\openharmony\ets\api\device-define cache by regenerate.
[2026-09-19T20:06:04.751] [DEBUG] debug-file - Update task entry:default@SyscapTransform output file:E:\new-chat\entry\build\default\intermediates\syscap\default\rpcid.sc cache.
[2026-09-19T20:06:04.751] [DEBUG] debug-file - Incremental task entry:default@SyscapTransform post-execution cost:1 ms .
[2026-09-19T20:06:04.752] [DEBUG] debug-file - Update task entry:default@ProcessProfile input file:E:\new-chat\entry\build\default\intermediates\merge_profile\default\module.json cache from map.
[2026-09-19T20:06:04.752] [DEBUG] debug-file - Update task entry:default@ProcessProfile output file:E:\new-chat\entry\build\default\intermediates\process_profile\default\module.json cache.
[2026-09-19T20:06:04.752] [DEBUG] debug-file - Incremental task entry:default@ProcessProfile post-execution cost:1 ms .
[2026-09-19T20:06:04.752] [DEBUG] debug-file - Update task entry:default@ProcessRouterMap input file:E:\new-chat\entry\oh-package.json5 cache by regenerate.
[2026-09-19T20:06:04.752] [DEBUG] debug-file - Update task entry:default@ProcessRouterMap input file:E:\new-chat\oh-package.json5 cache by regenerate.
[2026-09-19T20:06:04.752] [DEBUG] debug-file - Update task entry:default@ProcessRouterMap input file:E:\new-chat\entry\src\main\module.json5 cache by regenerate.
[2026-09-19T20:06:04.752] [DEBUG] debug-file - Update task entry:default@ProcessRouterMap output file:E:\new-chat\entry\build\default\intermediates\router_map\default\temp-router-map.json cache.
[2026-09-19T20:06:04.753] [DEBUG] debug-file - Update task entry:default@ProcessRouterMap output file:E:\new-chat\entry\build\default\intermediates\router_map\default\loader-router-map.json cache.
[2026-09-19T20:06:04.753] [DEBUG] debug-file - Incremental task entry:default@ProcessRouterMap post-execution cost:1 ms .
[2026-09-19T20:06:04.753] [DEBUG] debug-file - Update task entry:default@ProcessShareConfig input file:E:\new-chat\entry\oh-package.json5 cache by regenerate.
[2026-09-19T20:06:04.753] [DEBUG] debug-file - Update task entry:default@ProcessShareConfig input file:E:\new-chat\oh-package.json5 cache by regenerate.
[2026-09-19T20:06:04.753] [DEBUG] debug-file - Update task entry:default@ProcessShareConfig input file:E:\new-chat\entry\src\main\module.json5 cache by regenerate.
[2026-09-19T20:06:04.753] [DEBUG] debug-file - Update task entry:default@ProcessShareConfig output file:E:\new-chat\entry\build\default\intermediates\share_config\default\temp-share-config.json cache.
[2026-09-19T20:06:04.754] [DEBUG] debug-file - Incremental task entry:default@ProcessShareConfig post-execution cost:1 ms .
[2026-09-19T20:06:04.754] [DEBUG] debug-file - Update task entry:default@ProcessStartupConfig output file:E:\new-chat\entry\build\default\intermediates\startup\default\startup_config.json cache.
[2026-09-19T20:06:04.754] [DEBUG] debug-file - Incremental task entry:default@ProcessStartupConfig post-execution cost:1 ms .
[2026-09-19T20:06:04.754] [DEBUG] debug-file - Update task entry:default@ProcessResource output file:E:\new-chat\entry\build\default\intermediates\res\default\resConfig.json cache.
[2026-09-19T20:06:04.754] [DEBUG] debug-file - Update task entry:default@ProcessResource output file:E:\new-chat\entry\build\default\intermediates\res\default\opt-compression.json cache.
[2026-09-19T20:06:04.754] [DEBUG] debug-file - Incremental task entry:default@ProcessResource post-execution cost:1 ms .
[2026-09-19T20:06:04.755] [DEBUG] debug-file - Update task entry:default@GenerateLoaderJson input file:E:\new-chat\entry\build\default\intermediates\router_map\default\temp-router-map.json cache from map.
[2026-09-19T20:06:04.755] [DEBUG] debug-file - Update task entry:default@GenerateLoaderJson output file:E:\new-chat\entry\build\default\intermediates\loader\default\loader.json cache.
[2026-09-19T20:06:04.755] [DEBUG] debug-file - Update task entry:default@GenerateLoaderJson output file:E:\new-chat\entry\build\default\intermediates\loader\default\widget_loader.json cache.
[2026-09-19T20:06:04.755] [DEBUG] debug-file - Incremental task entry:default@GenerateLoaderJson post-execution cost:1 ms .
[2026-09-19T20:06:04.755] [DEBUG] debug-file - Update task entry:default@ProcessLibs input file:E:\new-chat\build-profile.json5 cache by regenerate.
[2026-09-19T20:06:04.756] [DEBUG] debug-file - Update task entry:default@ProcessLibs input file:E:\new-chat\entry\build-profile.json5 cache by regenerate.
[2026-09-19T20:06:04.756] [DEBUG] debug-file - Update task entry:default@ProcessLibs output file:E:\new-chat\entry\build\default\intermediates\libs\default cache.
[2026-09-19T20:06:04.756] [DEBUG] debug-file - Incremental task entry:default@ProcessLibs post-execution cost:1 ms .
[2026-09-19T20:06:04.756] [DEBUG] debug-file - Update task entry:default@CompileResource input file:E:\new-chat\entry\src\main\resources cache by regenerate.
[2026-09-19T20:06:04.757] [DEBUG] debug-file - Update task entry:default@CompileResource input file:E:\new-chat\entry\build\default\intermediates\process_profile\default\module.json cache from map.
[2026-09-19T20:06:04.757] [DEBUG] debug-file - Update task entry:default@CompileResource input file:E:\new-chat\entry\build\default\intermediates\res\default\resConfig.json cache by regenerate.
[2026-09-19T20:06:04.757] [DEBUG] debug-file - Update task entry:default@CompileResource output file:E:\new-chat\entry\build\default\intermediates\res\default cache.
[2026-09-19T20:06:04.758] [DEBUG] debug-file - Update task entry:default@CompileResource output file:E:\new-chat\entry\build\default\generated\r\default\ResourceTable.h cache.
[2026-09-19T20:06:04.758] [DEBUG] debug-file - Update task entry:default@CompileResource output file:E:\new-chat\entry\build\default\generated\r\default cache.
[2026-09-19T20:06:04.759] [DEBUG] debug-file - Incremental task entry:default@CompileResource post-execution cost:3 ms .
[2026-09-19T20:06:04.759] [DEBUG] debug-file - Update task entry:default@DoNativeStrip input file:E:\new-chat\entry\build\default\intermediates\libs\default cache by regenerate.
[2026-09-19T20:06:04.759] [DEBUG] debug-file - Update task entry:default@DoNativeStrip output file:E:\new-chat\entry\build\default\intermediates\stripped_native_libs\default cache.
[2026-09-19T20:06:04.759] [DEBUG] debug-file - Incremental task entry:default@DoNativeStrip post-execution cost:1 ms .
[2026-09-19T20:06:04.760] [DEBUG] debug-file - Update task entry:default@CompileArkTS input file:E:\new-chat\entry\build\default\intermediates\loader\default cache by regenerate.
[2026-09-19T20:06:04.760] [DEBUG] debug-file - Update task entry:default@CompileArkTS input file:E:\new-chat\entry\build\default\intermediates\res\default\ResourceTable.txt cache by regenerate.
[2026-09-19T20:06:04.760] [DEBUG] debug-file - Update task entry:default@CompileArkTS input file:E:\new-chat\entry\build\default\intermediates\res\default\ark_module.json cache by regenerate.
[2026-09-19T20:06:04.760] [DEBUG] debug-file - Update task entry:default@CompileArkTS input file:E:\new-chat\entry\build\default\intermediates\res\default\resources\base\profile cache by regenerate.
[2026-09-19T20:06:04.761] [DEBUG] debug-file - Update task entry:default@CompileArkTS input file:E:\new-chat\entry\src\main\ets cache by regenerate.
[2026-09-19T20:06:04.761] [DEBUG] debug-file - Update task entry:default@CompileArkTS input file:E:\new-chat\entry\src\main\resources\base\profile\form_config.json cache by regenerate.
[2026-09-19T20:06:04.762] [DEBUG] debug-file - Update task entry:default@CompileArkTS input file:E:\new-chat\entry\build\default\generated\profile\default\BuildProfile.ets cache by regenerate.
[2026-09-19T20:06:04.762] [DEBUG] debug-file - Update task entry:default@CompileArkTS output file:E:\new-chat\entry\build\default\intermediates\loader_out\default\ets cache.
[2026-09-19T20:06:04.762] [DEBUG] debug-file - Incremental task entry:default@CompileArkTS post-execution cost:4 ms .
[2026-09-19T20:06:04.763] [DEBUG] debug-file - Update task entry:default@BuildJS input file:E:\new-chat\entry\build\default\intermediates\loader\default cache by regenerate.
[2026-09-19T20:06:04.763] [DEBUG] debug-file - Update task entry:default@BuildJS input file:E:\new-chat\entry\build\default\intermediates\res\default\ResourceTable.txt cache by regenerate.
[2026-09-19T20:06:04.763] [DEBUG] debug-file - Update task entry:default@BuildJS input file:E:\new-chat\entry\build\default\intermediates\res\default\ark_module.json cache by regenerate.
[2026-09-19T20:06:04.763] [DEBUG] debug-file - Update task entry:default@BuildJS input file:E:\new-chat\entry\build\default\intermediates\res\default\resources\base\profile cache by regenerate.
[2026-09-19T20:06:04.764] [DEBUG] debug-file - Update task entry:default@BuildJS output file:E:\new-chat\entry\build\default\intermediates\loader_out\default\js cache.
[2026-09-19T20:06:04.764] [DEBUG] debug-file - Incremental task entry:default@BuildJS post-execution cost:2 ms .
[2026-09-19T20:06:04.764] [DEBUG] debug-file - Update task entry:default@CacheNativeLibs input file:E:\new-chat\entry\build\default\intermediates\stripped_native_libs\default cache by regenerate.
[2026-09-19T20:06:04.764] [DEBUG] debug-file - Update task entry:default@CacheNativeLibs input file:E:\new-chat\entry\build\default\intermediates\libs\default cache by regenerate.
[2026-09-19T20:06:04.764] [DEBUG] debug-file - Update task entry:default@CacheNativeLibs output file:E:\new-chat\entry\build\default\intermediates\patch\default\base_native_libs.json cache.
[2026-09-19T20:06:04.764] [DEBUG] debug-file - Incremental task entry:default@CacheNativeLibs post-execution cost:1 ms .
[2026-09-19T20:06:04.765] [DEBUG] debug-file - Update task entry:default@GeneratePkgModuleJson input file:E:\new-chat\entry\build\default\intermediates\res\default\module.json cache from map.
[2026-09-19T20:06:04.765] [DEBUG] debug-file - Update task entry:default@GeneratePkgModuleJson output file:E:\new-chat\entry\build\default\intermediates\package\default\module.json cache.
[2026-09-19T20:06:04.765] [DEBUG] debug-file - Incremental task entry:default@GeneratePkgModuleJson post-execution cost:1 ms .
[2026-09-19T20:06:04.765] [DEBUG] debug-file - Incremental task entry:default@ProcessCompiledResources post-execution cost:1 ms .
[2026-09-19T20:06:04.765] [DEBUG] debug-file - Update task entry:default@PackageHap input file:E:\new-chat\entry\build\default\intermediates\stripped_native_libs\default cache by regenerate.
[2026-09-19T20:06:04.765] [DEBUG] debug-file - Update task entry:default@PackageHap input file:E:\new-chat\entry\build\default\intermediates\res\default\module.json cache from map.
[2026-09-19T20:06:04.765] [DEBUG] debug-file - Update task entry:default@PackageHap input file:E:\new-chat\entry\build\default\intermediates\res\default\resources cache by regenerate.
[2026-09-19T20:06:04.766] [DEBUG] debug-file - Update task entry:default@PackageHap input file:E:\new-chat\entry\build\default\intermediates\res\default\resources.index cache by regenerate.
[2026-09-19T20:06:04.766] [DEBUG] debug-file - Update task entry:default@PackageHap input file:E:\new-chat\entry\build\default\outputs\default\pack.info cache by regenerate.
[2026-09-19T20:06:04.766] [DEBUG] debug-file - Update task entry:default@PackageHap input file:E:\new-chat\entry\build\default\intermediates\loader_out\default\ets cache by regenerate.
[2026-09-19T20:06:04.767] [DEBUG] debug-file - Update task entry:default@PackageHap input file:E:\new-chat\entry\build\default\intermediates\loader_out\default\ets\sourceMaps.map cache by regenerate.
[2026-09-19T20:06:04.767] [DEBUG] debug-file - Update task entry:default@PackageHap input file:E:\new-chat\entry\build\default\generated\profile\default\BuildProfile.ets cache by regenerate.
[2026-09-19T20:06:04.767] [DEBUG] debug-file - Update task entry:default@PackageHap output file:E:\new-chat\entry\build\default\outputs\default\entry-default-unsigned.hap cache.
[2026-09-19T20:06:04.767] [DEBUG] debug-file - Update task entry:default@PackageHap output file:E:\new-chat\entry\build\default\intermediates\source_map\default\sourceMaps.map cache.
[2026-09-19T20:06:04.767] [DEBUG] debug-file - Update task entry:default@PackageHap output file:E:\new-chat\entry\build\default\outputs\default\mapping\sourceMaps.map cache.
[2026-09-19T20:06:04.768] [DEBUG] debug-file - Incremental task entry:default@PackageHap post-execution cost:3 ms .
[2026-09-19T20:06:04.768] [DEBUG] debug-file - Update task entry:default@SignHap input file:C:\Users\Admin\.ohos\config\default_new-chat_ZRzIViYJsKR1uvIVHidkGTJjCd79EUxByiySNdODe-M=.cer cache by regenerate.
[2026-09-19T20:06:04.768] [DEBUG] debug-file - Update task entry:default@SignHap input file:C:\Users\Admin\.ohos\config\default_new-chat_ZRzIViYJsKR1uvIVHidkGTJjCd79EUxByiySNdODe-M=.p7b cache by regenerate.
[2026-09-19T20:06:04.768] [DEBUG] debug-file - Update task entry:default@SignHap input file:C:\Users\Admin\.ohos\config\default_new-chat_ZRzIViYJsKR1uvIVHidkGTJjCd79EUxByiySNdODe-M=.p12 cache by regenerate.
[2026-09-19T20:06:04.768] [DEBUG] debug-file - Update task entry:default@SignHap input file:E:\new-chat\entry\build\default\outputs\default\entry-default-unsigned.hap cache from map.
[2026-09-19T20:06:04.768] [DEBUG] debug-file - Update task entry:default@SignHap output file:E:\new-chat\entry\build\default\outputs\default\entry-default-signed.hap cache.
[2026-09-19T20:06:04.768] [DEBUG] debug-file - Incremental task entry:default@SignHap post-execution cost:1 ms .
[2026-09-19T20:06:04.769] [DEBUG] debug-file - Update task entry:default@CollectDebugSymbol input file:E:\new-chat\entry\build\default\intermediates\loader_out\default\ets\sourceMaps.map cache by regenerate.
[2026-09-19T20:06:04.769] [DEBUG] debug-file - Update task entry:default@CollectDebugSymbol input file:E:\new-chat\entry\build\default\intermediates\libs\default cache by regenerate.
[2026-09-19T20:06:04.769] [DEBUG] debug-file - Update task entry:default@CollectDebugSymbol output file:E:\new-chat\entry\build\default\outputs\default\symbol cache.
[2026-09-19T20:06:04.769] [DEBUG] debug-file - Incremental task entry:default@CollectDebugSymbol post-execution cost:1 ms .
[2026-09-19T20:06:04.785] [DEBUG] debug-file - Cleanup worker 14.
[2026-09-19T20:06:04.785] [DEBUG] debug-file - Worker 14 has been cleaned up.
[2026-09-19T20:06:04.785] [DEBUG] debug-file - Current idle worker size: 3.
[2026-09-19T20:06:04.785] [DEBUG] debug-file - Current resident worker size: 4.
[2026-09-19T20:06:04.785] [DEBUG] debug-file - Cleanup worker 13.
[2026-09-19T20:06:04.785] [DEBUG] debug-file - Worker 13 has been cleaned up.
[2026-09-19T20:06:04.785] [DEBUG] debug-file - Current idle worker size: 2.
[2026-09-19T20:06:04.785] [DEBUG] debug-file - Current resident worker size: 4.
[2026-09-19T20:06:04.786] [DEBUG] debug-file - hvigor build process will be closed.
[2026-09-19T20:06:04.786] [DEBUG] debug-file - java daemon socket close code:1000 reason:close by user
[2026-09-19T20:06:04.792] [DEBUG] debug-file - session manager: send message to worker process.
[2026-09-19T20:06:04.792] [DEBUG] debug-file - session manager: send message to worker process.
[2026-09-19T20:06:04.794] [DEBUG] debug-file - watch worker: worker id should be larger than 0. Nothing will be sent to any worker thread.
[2026-09-19T20:06:04.795] [DEBUG] debug-file - watch worker: worker id should be larger than 0. Nothing will be sent to any worker thread.
[2026-09-19T20:06:04.800] [DEBUG] debug-file - worker[14] exits with exit code 1.
[2026-09-19T20:06:04.801] [DEBUG] debug-file - worker[13] exits with exit code 1.
